,Date,Close,High,Low,Open,Volume,Stock,Country
0,2025-02-03,52.019798278808594,52.16578238669587,50.94922959117941,51.24120523220296,52807931,AIAGroup,Hongkong
1,2025-02-04,52.60374069213867,53.18768824553751,51.38718793000491,52.5550793241782,44459188,AIAGroup,Hongkong
2,2025-02-05,51.58183670043945,52.993038635712196,51.2898647823958,52.701066717668546,37197841,AIAGroup,Hongkong
3,2025-02-06,51.82514572143555,51.87380708756932,50.60859300496992,50.60859300496992,31601057,AIAGroup,Hongkong
4,2025-02-07,51.679161071777344,52.11712081902112,51.19253995542304,51.72782615351236,46321289,AIAGroup,Hongkong
5,2025-02-10,51.19253921508789,52.16578143372169,50.803244555209034,50.94922866042944,58895474,AIAGroup,Hongkong
6,2025-02-11,49.878662109375,51.09521484375,49.781339375674726,50.754581563174725,41296688,AIAGroup,Hongkong
7,2025-02-12,50.31662368774414,51.09521672386868,49.5380306516196,49.635353388901,61893691,AIAGroup,Hongkong
8,2025-02-13,53.04169845581055,54.112263361612065,50.85190356543305,51.04655274265812,93713209,AIAGroup,Hongkong
9,2025-02-14,54.79353713989258,54.98818632960191,53.86895627324163,53.96628272440854,62718838,AIAGroup,Hongkong
10,2025-02-17,53.771629333496094,55.08550476428749,53.52831879352552,54.11226260440521,43561249,AIAGroup,Hongkong
11,2025-02-18,53.91762161254883,54.744876031982315,53.47966186176807,53.77163379141374,39777767,AIAGroup,Hongkong
12,2025-02-19,54.306915283203125,54.501564470264675,53.236350323301274,53.52832224758138,28058822,AIAGroup,Hongkong
13,2025-02-20,53.57698059082031,54.69621056875551,53.57698059082031,53.82029113275195,25022248,AIAGroup,Hongkong
14,2025-02-21,56.44804763793945,56.496709005447286,53.966280768796295,54.55022460413903,58085230,AIAGroup,Hongkong
15,2025-02-24,56.78868103027344,57.810588312988,55.8154388277829,56.156075826229205,51047067,AIAGroup,Hongkong
16,2025-02-25,55.864105224609375,56.253399887205845,55.08550847416751,55.08550847416751,35893220,AIAGroup,Hongkong
17,2025-02-26,58.05390167236328,58.540522797152164,56.01009072067525,56.15607854316173,53480323,AIAGroup,Hongkong
18,2025-02-27,59.270450592041016,59.80573305163184,58.10255922671829,58.24854332699344,65445999,AIAGroup,Hongkong
19,2025-02-28,57.81058883666992,59.22178707296517,57.32396773101655,58.978476520138486,52170467,AIAGroup,Hongkong
20,2025-03-03,57.42129135131836,58.73516687176485,57.129319425955195,58.39453357761189,40702889,AIAGroup,Hongkong
21,2025-03-04,58.19988250732422,58.63784223751518,56.69135784788812,57.17797894529488,39453766,AIAGroup,Hongkong
22,2025-03-05,59.51375961303711,60.14636478993015,58.2485418340026,59.173122629210816,30759314,AIAGroup,Hongkong
23,2025-03-06,62.19017791748047,62.28750065219979,60.24369352209922,60.43833899153787,64100772,AIAGroup,Hongkong
24,2025-03-07,61.99552917480469,62.676799460541424,61.55756944021504,62.092851910213774,48178622,AIAGroup,Hongkong
25,2025-03-10,61.11960983276367,62.9687677977535,60.58432736165147,61.21693628099959,45945700,AIAGroup,Hongkong
26,2025-03-11,61.8982048034668,62.14151536277701,59.95172032898515,61.119611756199035,46867303,AIAGroup,Hongkong
27,2025-03-12,62.09285354614258,62.9687693257748,61.31426050448355,61.99553080816938,44415289,AIAGroup,Hongkong
28,2025-03-13,61.11960983276367,62.092852039376545,60.48700462603993,61.36292038441689,32837899,AIAGroup,Hongkong
29,2025-03-14,59.611083984375,60.341015625000004,58.54051906317473,59.85439453125,63054793,AIAGroup,Hongkong
30,2025-03-17,60.53566360473633,62.28749876497644,60.292353062685635,61.50890577293908,53116051,AIAGroup,Hongkong
31,2025-03-18,60.77897644042969,62.67679948256889,60.09770615445352,62.238839747825324,42457521,AIAGroup,Hongkong
32,2025-03-19,61.703556060791016,61.75221742755302,60.58432606214347,60.82763660857778,33731056,AIAGroup,Hongkong
33,2025-03-20,60.584327697753906,62.0928523838478,59.903057406820544,62.0928523838478,57171033,AIAGroup,Hongkong
34,2025-03-21,58.88115310668945,60.778976139429936,58.24854419156784,60.584326956882954,78638667,AIAGroup,Hongkong
35,2025-03-24,58.540523529052734,58.63784627017746,57.56728126730705,58.394535704741045,46454314,AIAGroup,Hongkong
36,2025-03-25,56.934669494628906,58.10256089345387,56.78868167754163,57.42129060142061,44232602,AIAGroup,Hongkong
37,2025-03-26,57.323970794677734,57.85925329697956,56.83734966301706,57.61594273114922,31252393,AIAGroup,Hongkong
38,2025-03-27,58.2485466003418,58.929816911116895,57.46995355058076,57.761925480163086,24109668,AIAGroup,Hongkong
39,2025-03-28,58.00523376464844,59.22178651736861,57.66460047893653,57.907911029480566,24129312,AIAGroup,Hongkong
40,2025-03-31,57.0319938659668,58.00523610745172,56.64269919694754,57.907913368353036,40180054,AIAGroup,Hongkong
41,2025-04-01,58.151222229003906,58.39453278226334,56.74002027757433,56.74002027757433,25532685,AIAGroup,Hongkong
42,2025-04-02,58.58917999267578,58.783829171247646,57.518611366842634,58.34586944761701,22895705,AIAGroup,Hongkong
43,2025-04-03,58.05390167236328,58.7838333595466,57.37263135513394,57.421292725087916,35092196,AIAGroup,Hongkong
44,2025-04-07,51.38718795776367,54.4042410370598,51.04655466923197,53.57698293078733,87726025,AIAGroup,Hongkong
45,2025-04-08,51.72782516479492,53.04170066878854,50.60859513352301,52.74972874708156,55296328,AIAGroup,Hongkong
46,2025-04-09,48.61344909667969,50.121973778558015,47.980840175589876,49.4893648574682,96683156,AIAGroup,Hongkong
47,2025-04-10,49.29471969604492,50.462607384448724,48.7107721392186,49.68401435463805,57666620,AIAGroup,Hongkong
48,2025-04-11,48.80809783935547,49.2947189395978,47.299569458504756,48.61344865673367,59343581,AIAGroup,Hongkong
49,2025-04-14,50.803245544433594,51.19254021189268,49.830003306849136,50.17063660495389,41698417,AIAGroup,Hongkong
50,2025-04-15,51.28986740112305,51.43585151128626,50.55993571243332,50.900569015438705,29925922,AIAGroup,Hongkong
51,2025-04-16,51.338523864746094,51.484511673581785,50.46260443698037,50.8519027854594,30846410,AIAGroup,Hongkong
52,2025-04-17,52.79838943481445,53.28501053559615,51.5818366828602,51.72782449814446,35528600,AIAGroup,Hongkong
53,2025-04-22,52.993038177490234,53.187687358711024,52.16578008545795,52.45775571360131,32268067,AIAGroup,Hongkong
54,2025-04-23,54.45289993286133,54.744871840150616,53.382331322634954,53.52831913259172,41103194,AIAGroup,Hongkong
55,2025-04-24,54.112266540527344,55.28015795986325,53.72297187583169,54.939524664176496,29324987,AIAGroup,Hongkong
56,2025-04-25,53.57698059082031,55.08550520827158,53.57698059082031,54.79353330047847,27719698,AIAGroup,Hongkong
57,2025-04-28,53.13902282714844,53.917619560064026,52.40909117450835,53.77163174448626,28646998,AIAGroup,Hongkong
58,2025-04-29,53.090362548828125,53.868955585094845,52.652402805732955,53.139023917477715,29920696,AIAGroup,Hongkong
59,2025-04-30,56.545372009277344,56.740021197565845,54.69621400209778,55.182835116506794,71622814,AIAGroup,Hongkong
60,2025-05-02,57.51861572265625,57.956575479453036,55.96142960140608,57.90791410928107,38970647,AIAGroup,Hongkong
61,2025-05-06,58.39453125,60.24369289129972,58.24854343682528,59.708406718075274,54670969,AIAGroup,Hongkong
62,2025-05-07,60.09770584106445,61.07094804091975,59.903056658568524,60.876298858423816,71043305,AIAGroup,Hongkong
63,2025-05-08,59.51375961303711,60.097703424419024,58.92981208903098,59.36777180387952,33902075,AIAGroup,Hongkong
64,2025-05-09,59.90305709838867,60.24369409841366,59.221786810963074,60.24369409841366,24082496,AIAGroup,Hongkong
65,2025-05-12,61.508907318115234,62.28750032971177,60.34101594440828,60.34101594440828,32561538,AIAGroup,Hongkong
66,2025-05-13,60.43833923339844,61.5575692502713,60.097705947893324,61.508907882716905,33996920,AIAGroup,Hongkong
67,2025-05-14,63.55271530151367,63.698695683668944,60.63298514181075,60.82763431414083,53906297,AIAGroup,Hongkong
68,2025-05-15,64.08799743652344,66.08314691822846,63.893351966466284,66.08314691822846,50013399,AIAGroup,Hongkong
69,2025-05-16,64.2339859008789,64.52596153416424,63.65004205955704,64.2339859008789,30776351,AIAGroup,Hongkong
70,2025-05-19,63.844688415527344,64.6719428209576,63.017434010097084,63.65004294080807,33363308,AIAGroup,Hongkong
71,2025-05-20,65.06124114990234,65.83983789872983,63.2607445216438,63.40673234020507,39447885,AIAGroup,Hongkong
72,2025-05-21,64.1853256225586,65.54786630442001,63.79603464938335,64.72061184854859,34263133,AIAGroup,Hongkong
73,2025-05-22,63.60137939453125,64.08800051832299,63.066100613509775,63.84468995642712,36393549,AIAGroup,Hongkong
74,2025-05-23,63.1147575378418,63.2120802764202,62.628136419700766,63.01743479926339,22771087,AIAGroup,Hongkong
75,2025-05-26,62.725460052490234,63.79603246786172,62.38482674998526,63.01743569763684,21244925,AIAGroup,Hongkong
76,2025-05-27,63.45539093017578,63.650043832872036,62.33616829698055,62.725459251875066,25170260,AIAGroup,Hongkong
77,2025-05-28,63.0181884765625,64.55763911304953,62.67056814655824,63.16716537050477,30245775,AIAGroup,Hongkong
78,2025-05-29,64.5576400756836,64.7562759372352,63.018189416241455,63.018189416241455,29791225,AIAGroup,Hongkong
79,2025-05-30,65.20321655273438,65.25287172829006,64.50797589770468,64.80593726092772,56683651,AIAGroup,Hongkong
80,2025-06-02,65.25287628173828,65.30253903823174,63.71342933758682,65.20322110271758,33795177,AIAGroup,Hongkong
81,2025-06-03,66.54402923583984,67.1896071543686,65.65015270075945,65.65015270075945,29395337,AIAGroup,Hongkong
82,2025-06-04,65.60049438476562,66.59368880344506,65.4515137064693,65.94811091580901,28402106,AIAGroup,Hongkong
83,2025-06-05,66.39505004882812,67.13994591529398,65.84879762657006,66.34539487088063,23120388,AIAGroup,Hongkong
84,2025-06-06,66.59368896484375,68.53041505497374,66.59368896484375,67.33858478065868,41052826,AIAGroup,Hongkong
85,2025-06-09,68.48075866699219,68.58008418030904,66.94131171772719,66.94131171772719,33642624,AIAGroup,Hongkong
86,2025-06-10,69.22565460205078,69.47395323057675,68.33178560133553,68.5800842298615,32163644,AIAGroup,Hongkong
87,2025-06-11,69.67259216308594,71.06306590818308,69.12633218475311,69.22565011423026,37407306,AIAGroup,Hongkong
88,2025-06-12,68.43109893798828,70.31816990344991,68.28211825539115,70.31816990344991,33012897,AIAGroup,Hongkong
89,2025-06-13,68.67939758300781,69.37463066550059,68.08348242980368,68.43109897105006,19863189,AIAGroup,Hongkong
90,2025-06-16,68.28211975097656,69.17599628866566,67.63654183056374,68.53041836825284,24387538,AIAGroup,Hongkong
91,2025-06-17,68.48075866699219,68.77872005199717,68.08348692361592,68.53042142365061,21087686,AIAGroup,Hongkong
92,2025-06-18,67.63654327392578,68.43110189715472,67.23926396231131,68.03382258554025,19158133,AIAGroup,Hongkong
93,2025-06-19,66.29573059082031,68.08348366021343,66.14674990545882,67.63654160412894,19580225,AIAGroup,Hongkong
94,2025-06-20,67.38824462890625,67.68620600688601,66.44471289442468,66.64334876142945,21865597,AIAGroup,Hongkong
95,2025-06-23,67.98416137695312,68.1828048260166,66.09709786442309,66.19641580021845,21210817,AIAGroup,Hongkong
96,2025-06-24,70.36782836914062,70.71544492647068,68.53042007113373,68.53042007113373,29635738,AIAGroup,Hongkong
97,2025-06-25,71.11272430419922,71.26170499389703,69.47395187246873,69.72225049614084,29387586,AIAGroup,Hongkong
98,2025-06-26,70.51680755615234,70.81476892892789,69.97054756522132,70.66578824254012,32602132,AIAGroup,Hongkong
99,2025-06-27,71.11272430419922,72.205236732862,70.71544499082931,71.16238705992271,38253573,AIAGroup,Hongkong
100,2025-06-30,69.92089080810547,71.31136455385072,69.92089080810547,70.76510457526328,34753362,AIAGroup,Hongkong
101,2025-07-02,70.56646728515625,71.06306450017502,70.02020731764674,70.41748660515618,26512880,AIAGroup,Hongkong
102,2025-07-03,71.85762023925781,71.90728299502555,70.1691926277717,71.01340643351476,26527998,AIAGroup,Hongkong
103,2025-07-04,68.67939758300781,71.36101956116259,68.13313760571185,70.5168057960007,448094320,AIAGroup,Hongkong
104,2025-07-07,67.93450164794922,68.67939748273491,67.5372223539024,68.18280025954445,29606703,AIAGroup,Hongkong
105,2025-07-08,68.23246002197266,68.43110347108504,67.53722689376129,67.53722689376129,31613578,AIAGroup,Hongkong
106,2025-07-09,68.03382110595703,68.53041834030708,67.53722387160698,68.08348386038101,21714451,AIAGroup,Hongkong
107,2025-07-10,67.63654327392578,68.53041983069018,67.38824465135082,67.9841598300362,25277682,AIAGroup,Hongkong
108,2025-07-11,69.17599487304688,70.11952656839931,67.53722251706482,67.53722251706482,39128758,AIAGroup,Hongkong
109,2025-07-14,67.7855224609375,69.47395002604513,67.73585970653392,68.82837968363322,24216006,AIAGroup,Hongkong
110,2025-07-15,68.48075866699219,68.77872005199717,67.53722691026437,67.53722691026437,24884762,AIAGroup,Hongkong
111,2025-07-16,67.48756408691406,69.0766813687399,67.4379089077775,68.77871998402937,25334457,AIAGroup,Hongkong
112,2025-07-17,67.18960571289062,68.03381947556005,67.04062503066136,67.63654018210613,25558150,AIAGroup,Hongkong
113,2025-07-18,68.33177947998047,68.43109740699911,67.68620158815109,68.13313604847106,19323039,AIAGroup,Hongkong
114,2025-07-21,68.87803649902344,68.92769925460838,67.83518682899305,68.53041994234664,21446546,AIAGroup,Hongkong
115,2025-07-22,68.87803649902344,69.22565305570023,68.23245856378216,68.48075718676168,20532396,AIAGroup,Hongkong
116,2025-07-23,70.76510620117188,70.91408688761621,69.32497724631246,70.51680758292216,42596347,AIAGroup,Hongkong
117,2025-07-24,70.81476593017578,71.26170039294055,70.11952528229794,70.91408385773772,33004952,AIAGroup,Hongkong
118,2025-07-25,70.06986999511719,70.71544031197269,69.37462934835197,69.47394727575497,24952358,AIAGroup,Hongkong
119,2025-07-28,73.54605102539062,74.24128409968306,70.41748703613028,70.46714221145277,55250696,AIAGroup,Hongkong
120,2025-07-29,74.29094696044922,74.9365172828852,73.1487718417612,73.54605113227949,41457660,AIAGroup,Hongkong
121,2025-07-30,73.74468994140625,74.39026786716222,73.34741063498161,74.29094993492419,25066270,AIAGroup,Hongkong
122,2025-07-31,72.90047454833984,73.49638970613839,72.35421456683231,72.70183111075876,34014226,AIAGroup,Hongkong
123,2025-08-01,70.86442565917969,73.09911327155554,70.71544496952677,72.90047740366674,23287966,AIAGroup,Hongkong
124,2025-08-04,71.36102294921875,71.51000363896111,70.26851052022914,70.86442570172596,17534593,AIAGroup,Hongkong
125,2025-08-05,72.99979400634766,73.54605399928892,71.11272298592716,71.11272298592716,25555917,AIAGroup,Hongkong
126,2025-08-06,73.04945373535156,73.69502405621319,72.60251169305637,72.99979098260582,17923253,AIAGroup,Hongkong
127,2025-08-07,73.99298858642578,74.29094996071584,73.04945686362815,73.34741066044568,24728622,AIAGroup,Hongkong
128,2025-08-08,73.09911346435547,73.44673002281402,72.75149690589691,73.44673002281402,16628812,AIAGroup,Hongkong
129,2025-08-11,73.09911346435547,74.0923079613643,72.75149690589691,73.09911346435547,14365639,AIAGroup,Hongkong
130,2025-08-12,73.64537048339844,73.64537048339844,72.80115671065666,72.85081188701066,15850533,AIAGroup,Hongkong
131,2025-08-13,75.88005828857422,76.07869414966139,73.44672731415825,73.49639006816624,36763836,AIAGroup,Hongkong
132,2025-08-14,76.37665557861328,76.97257073981413,75.13516250216466,76.02903903270214,29847345,AIAGroup,Hongkong
133,2025-08-15,74.4399185180664,75.38345776063505,73.5957047791686,74.63856194793604,35207829,AIAGroup,Hongkong
134,2025-08-18,74.0923080444336,74.78754873960284,73.44673010515952,73.9433273542207,26952946,AIAGroup,Hongkong
135,2025-08-19,73.69502258300781,74.93651560211153,73.49638673094003,74.24128254240227,18806823,AIAGroup,Hongkong
136,2025-08-20,73.59571075439453,73.84400937878686,72.40388038830038,73.09911350560985,19137411,AIAGroup,Hongkong
137,2025-08-21,72.95012664794922,73.64536728395261,72.0065949860178,72.90047147375243,25962004,AIAGroup,Hongkong
138,2025-08-22,72.35421752929688,73.39707478124724,71.11272440910486,72.95013271149452,31231158,AIAGroup,Hongkong
139,2025-08-25,74.0923080444336,74.34060666896418,72.95013285609834,73.14877630220641,22309107,AIAGroup,Hongkong
140,2025-08-26,72.95012664794922,74.29094516828718,72.90047147375243,73.74468520981823,26756481,AIAGroup,Hongkong
141,2025-08-27,71.90727996826172,73.44672682511795,71.60931860114253,73.19842821167607,26367896,AIAGroup,Hongkong
142,2025-08-28,72.00659942626953,72.2548980449808,71.01340495142443,71.46033943411572,26144739,AIAGroup,Hongkong
143,2025-08-29,72.90047454833984,73.49638970613839,72.20523388301459,72.25489663677794,25387418,AIAGroup,Hongkong
144,2025-09-01,73.59571075439453,73.99299006891681,72.80115970282264,73.99299006891681,20797537,AIAGroup,Hongkong
145,2025-09-02,72.20523071289062,73.24808787635637,72.00659486150288,72.80115342199791,28427385,AIAGroup,Hongkong
146,2025-09-03,71.8079605102539,73.39707008697003,71.559661902096,72.20523222132881,18491092,AIAGroup,Hongkong
147,2025-09-04,71.51000213623047,72.50319661034477,71.3113662723966,72.05626212798234,16230155,AIAGroup,Hongkong
148,2025-09-05,71.6500015258789,71.75,70.5999984741211,71.5,18965296,AIAGroup,Hongkong
149,2025-09-08,73.0,73.25,71.80000305175781,71.80000305175781,19883182,AIAGroup,Hongkong
150,2025-09-09,74.9000015258789,75.30000305175781,73.25,73.80000305175781,39076420,AIAGroup,Hongkong
151,2025-09-10,76.0999984741211,76.3499984741211,74.69999694824219,75.25,35443481,AIAGroup,Hongkong
152,2025-09-11,75.3499984741211,76.19999694824219,75.1500015258789,76.0999984741211,28237581,AIAGroup,Hongkong
153,2025-09-12,75.80000305175781,76.9000015258789,75.4000015258789,76.5,16562473,AIAGroup,Hongkong
154,2025-09-15,75.0999984741211,76.19999694824219,74.69999694824219,75.6500015258789,15234106,AIAGroup,Hongkong
155,2025-09-16,74.1500015258789,76.6500015258789,73.80000305175781,76.6500015258789,21135609,AIAGroup,Hongkong
156,2025-09-17,74.5,75.0,73.55000305175781,74.5,17097330,AIAGroup,Hongkong
157,2025-09-18,73.19999694824219,74.94999694824219,72.9000015258789,74.5,18041640,AIAGroup,Hongkong
158,2025-09-19,71.80000305175781,73.0,71.6500015258789,73.0,45183823,AIAGroup,Hongkong
159,2025-09-22,72.0,72.0,70.94999694824219,71.80000305175781,28062191,AIAGroup,Hongkong
160,2025-09-23,70.9000015258789,72.5,70.69999694824219,72.4000015258789,27298257,AIAGroup,Hongkong
161,2025-09-24,70.4000015258789,70.69999694824219,69.75,69.75,34915383,AIAGroup,Hongkong
162,2025-09-25,71.25,72.0999984741211,70.0999984741211,70.5,30082476,AIAGroup,Hongkong
163,2025-09-26,71.69999694824219,72.3499984741211,70.1500015258789,70.9000015258789,22363666,AIAGroup,Hongkong
164,2025-09-29,74.3499984741211,74.94999694824219,73.0999984741211,73.19999694824219,39473984,AIAGroup,Hongkong
165,2025-09-30,74.6500015258789,75.5999984741211,74.0999984741211,74.3499984741211,27785829,AIAGroup,Hongkong
166,2025-10-02,74.55000305175781,75.25,73.75,74.19999694824219,24510371,AIAGroup,Hongkong
167,2025-10-03,74.25,74.6500015258789,73.75,74.55000305175781,13329608,AIAGroup,Hongkong
168,2025-10-06,75.19999694824219,75.4000015258789,74.05000305175781,74.05000305175781,15796495,AIAGroup,Hongkong
169,2025-10-08,74.6500015258789,75.9000015258789,74.0,75.19999694824219,20096488,AIAGroup,Hongkong
170,2025-10-09,74.0999984741211,75.05000305175781,73.94999694824219,75.05000305175781,19907743,AIAGroup,Hongkong
171,2025-10-10,73.9000015258789,74.80000305175781,72.80000305175781,73.94999694824219,19959342,AIAGroup,Hongkong
172,2025-10-13,71.75,72.0,70.6500015258789,71.3499984741211,31816494,AIAGroup,Hongkong
173,2025-10-14,70.0999984741211,72.5999984741211,69.8499984741211,71.75,26857401,AIAGroup,Hongkong
174,2025-10-15,71.0,71.44999694824219,70.19999694824219,70.19999694824219,36624097,AIAGroup,Hongkong
175,2025-10-16,70.5999984741211,70.9000015258789,69.9000015258789,70.75,33928807,AIAGroup,Hongkong
176,2025-10-17,69.05000305175781,71.4000015258789,68.94999694824219,69.94999694824219,30498791,AIAGroup,Hongkong
177,2025-10-20,72.0999984741211,72.5999984741211,70.9000015258789,70.9000015258789,32783475,AIAGroup,Hongkong
178,2025-10-21,72.9000015258789,73.9000015258789,72.44999694824219,72.5,20074330,AIAGroup,Hongkong
179,2025-10-22,70.55000305175781,72.0,70.55000305175781,71.6500015258789,35604408,AIAGroup,Hongkong
180,2025-10-23,70.9000015258789,71.55000305175781,70.5,70.69999694824219,18605052,AIAGroup,Hongkong
181,2025-10-24,71.05000305175781,71.5,70.80000305175781,71.4000015258789,12246878,AIAGroup,Hongkong
182,2025-10-27,72.1500015258789,72.9000015258789,71.3499984741211,71.9000015258789,23286908,AIAGroup,Hongkong
183,2025-10-28,74.5999984741211,74.69999694824219,72.55000305175781,72.80000305175781,43540129,AIAGroup,Hongkong
184,2025-10-30,73.19999694824219,75.3499984741211,73.0,74.6500015258789,35597343,AIAGroup,Hongkong
185,2025-10-31,75.44999694824219,76.80000305175781,74.80000305175781,76.0999984741211,45248578,AIAGroup,Hongkong
186,2025-11-03,79.94999694824219,79.94999694824219,76.94999694824219,77.44999694824219,62096055,AIAGroup,Hongkong
187,2025-11-04,79.6500015258789,80.5999984741211,79.4000015258789,80.3499984741211,36774646,AIAGroup,Hongkong
188,2025-11-05,79.5999984741211,80.1500015258789,77.80000305175781,78.44999694824219,35048103,AIAGroup,Hongkong
189,2025-11-06,81.19999694824219,81.44999694824219,79.94999694824219,80.0,34255389,AIAGroup,Hongkong
190,2025-11-07,81.5,81.5999984741211,80.55000305175781,81.19999694824219,23373024,AIAGroup,Hongkong
191,2025-11-10,81.30000305175781,81.9000015258789,80.3499984741211,81.1500015258789,21970167,AIAGroup,Hongkong
192,2025-11-11,82.3499984741211,83.55000305175781,81.5,81.6500015258789,29262423,AIAGroup,Hongkong
193,2025-11-12,84.0999984741211,84.5999984741211,83.0,83.05000305175781,22823229,AIAGroup,Hongkong
194,2025-11-13,84.1500015258789,84.94999694824219,83.25,83.25,22343163,AIAGroup,Hongkong
195,2025-11-14,82.3499984741211,83.25,82.0999984741211,82.30000305175781,23478738,AIAGroup,Hongkong
196,2025-11-17,81.30000305175781,82.1500015258789,80.5999984741211,80.6500015258789,19772471,AIAGroup,Hongkong
197,2025-11-18,78.55000305175781,80.5999984741211,78.3499984741211,80.30000305175781,21240068,AIAGroup,Hongkong
198,2025-11-19,77.94999694824219,78.94999694824219,77.25,78.94999694824219,20383884,AIAGroup,Hongkong
199,2025-11-20,78.94999694824219,79.80000305175781,78.5,79.19999694824219,20753518,AIAGroup,Hongkong
200,2025-11-21,76.80000305175781,77.6500015258789,76.5,77.0999984741211,20028027,AIAGroup,Hongkong
201,2025-11-24,79.0,79.0,77.94999694824219,78.3499984741211,32639729,AIAGroup,Hongkong
202,2025-11-25,79.25,80.0999984741211,79.05000305175781,79.30000305175781,24228339,AIAGroup,Hongkong
203,2025-11-26,80.69999694824219,81.0,79.8499984741211,79.8499984741211,22906599,AIAGroup,Hongkong
204,2025-11-27,82.05000305175781,82.6500015258789,80.94999694824219,81.0999984741211,27770640,AIAGroup,Hongkong
205,2025-11-28,80.5999984741211,81.55000305175781,80.5,81.55000305175781,16508566,AIAGroup,Hongkong
206,2025-12-01,80.5,81.44999694824219,79.9000015258789,81.44999694824219,18639358,AIAGroup,Hongkong
207,2025-12-02,80.80000305175781,82.5,80.44999694824219,81.4000015258789,15628711,AIAGroup,Hongkong
208,2025-12-03,79.55000305175781,81.0,79.4000015258789,80.0,21526262,AIAGroup,Hongkong
209,2025-12-04,79.0,79.9000015258789,78.5999984741211,79.55000305175781,16779625,AIAGroup,Hongkong
210,2025-12-05,78.30000305175781,78.80000305175781,77.55000305175781,78.30000305175781,29602076,AIAGroup,Hongkong
211,2025-12-08,77.9000015258789,79.5999984741211,77.9000015258789,78.6500015258789,16128346,AIAGroup,Hongkong
212,2025-12-09,77.25,78.5999984741211,77.19999694824219,78.30000305175781,16835593,AIAGroup,Hongkong
213,2025-12-10,77.5,77.55000305175781,76.55000305175781,77.0,14165723,AIAGroup,Hongkong
214,2025-12-11,77.30000305175781,78.55000305175781,76.94999694824219,77.69999694824219,23909810,AIAGroup,Hongkong
215,2025-12-12,79.0,79.44999694824219,77.3499984741211,77.3499984741211,20888164,AIAGroup,Hongkong
216,2025-12-15,80.6500015258789,81.3499984741211,78.5999984741211,78.9000015258789,26638478,AIAGroup,Hongkong
217,2025-12-16,79.80000305175781,80.6500015258789,78.5,80.6500015258789,20272082,AIAGroup,Hongkong
218,2025-12-17,80.94999694824219,80.94999694824219,79.6500015258789,79.8499984741211,25038780,AIAGroup,Hongkong
219,2025-12-18,81.3499984741211,82.0,80.0,80.0,21866284,AIAGroup,Hongkong
220,2025-12-19,82.5,82.5,81.05000305175781,82.0999984741211,26792806,AIAGroup,Hongkong
221,2025-12-22,82.6500015258789,82.9000015258789,81.80000305175781,82.5,17562128,AIAGroup,Hongkong
222,2025-12-23,82.6500015258789,83.5,82.55000305175781,82.8499984741211,12849873,AIAGroup,Hongkong
223,2025-12-24,83.3499984741211,83.3499984741211,83.3499984741211,83.3499984741211,0,AIAGroup,Hongkong
224,2025-12-29,82.19999694824219,84.0999984741211,82.1500015258789,83.5999984741211,11677813,AIAGroup,Hongkong
225,2025-12-30,81.6500015258789,82.05000305175781,80.75,81.94999694824219,13658821,AIAGroup,Hongkong
226,2025-12-31,80.0999984741211,80.0999984741211,80.0999984741211,80.0999984741211,0,AIAGroup,Hongkong
227,2026-01-02,83.30000305175781,83.4000015258789,80.0999984741211,81.5,12639375,AIAGroup,Hongkong
228,2026-01-05,83.9000015258789,84.5,83.19999694824219,83.25,18046282,AIAGroup,Hongkong
229,2026-01-06,86.05000305175781,86.19999694824219,84.19999694824219,85.5999984741211,36035853,AIAGroup,Hongkong
230,2026-01-07,85.94999694824219,85.94999694824219,84.9000015258789,85.6500015258789,28891525,AIAGroup,Hongkong
231,2026-01-08,83.8499984741211,85.5,83.0,85.0,28837390,AIAGroup,Hongkong
232,2026-01-09,84.30000305175781,84.44999694824219,82.5,83.69999694824219,19090129,AIAGroup,Hongkong
233,2026-01-12,83.69999694824219,84.25,83.3499984741211,84.25,18280208,AIAGroup,Hongkong
234,2026-01-13,84.4000015258789,86.3499984741211,84.0,85.05000305175781,25115162,AIAGroup,Hongkong
235,2026-01-14,84.69999694824219,84.94999694824219,83.5,84.19999694824219,22040400,AIAGroup,Hongkong
236,2026-01-15,84.8499984741211,86.0,84.3499984741211,84.69999694824219,28506524,AIAGroup,Hongkong
237,2026-01-16,83.55000305175781,84.94999694824219,82.80000305175781,84.30000305175781,22406903,AIAGroup,Hongkong
238,2026-01-19,82.94999694824219,83.4000015258789,82.1500015258789,82.80000305175781,10246315,AIAGroup,Hongkong
239,2026-01-20,82.8499984741211,83.5999984741211,82.19999694824219,82.80000305175781,16904193,AIAGroup,Hongkong
240,2026-01-21,82.8499984741211,83.25,82.05000305175781,82.05000305175781,12502978,AIAGroup,Hongkong
241,2026-01-22,82.5,85.30000305175781,82.19999694824219,84.69999694824219,25542786,AIAGroup,Hongkong
242,2026-01-23,83.05000305175781,83.5999984741211,82.30000305175781,82.5999984741211,21516863,AIAGroup,Hongkong
243,2026-01-26,83.05000305175781,84.1500015258789,82.6500015258789,84.0999984741211,25141580,AIAGroup,Hongkong
244,2026-01-27,86.44999694824219,86.44999694824219,83.0999984741211,84.75,31588294,AIAGroup,Hongkong
245,2026-01-28,88.8499984741211,89.25,86.19999694824219,86.5999984741211,37716210,AIAGroup,Hongkong
246,2026-01-29,90.94999694824219,91.25,89.25,89.80000305175781,34683548,AIAGroup,Hongkong
247,2026-01-30,90.3499984741211,92.0999984741211,90.05000305175781,90.5,40530686,AIAGroup,Hongkong
248,2026-02-02,89.05000305175781,91.0999984741211,87.3499984741211,91.0999984741211,36008533,AIAGroup,Hongkong
249,2026-02-03,89.44999694824219,90.69999694824219,88.6500015258789,90.4000015258789,26032974,AIAGroup,Hongkong
250,2026-02-04,90.69999694824219,91.0,89.5,90.5999984741211,25440526,AIAGroup,Hongkong
251,2026-02-05,88.4000015258789,89.80000305175781,86.3499984741211,89.19999694824219,28273333,AIAGroup,Hongkong
252,2026-02-06,83.5,86.8499984741211,83.3499984741211,84.8499984741211,56550567,AIAGroup,Hongkong
253,2026-02-09,86.3499984741211,86.5,84.9000015258789,85.4000015258789,30972514,AIAGroup,Hongkong
254,2026-02-10,85.9000015258789,87.9000015258789,85.25,87.19999694824219,32851732,AIAGroup,Hongkong
255,2026-02-11,85.55000305175781,86.6500015258789,85.3499984741211,86.5,16940181,AIAGroup,Hongkong
256,2026-02-12,83.80000305175781,85.80000305175781,83.69999694824219,85.44999694824219,22715749,AIAGroup,Hongkong
257,2026-02-13,80.30000305175781,82.94999694824219,79.69999694824219,82.0,57208246,AIAGroup,Hongkong
258,2026-02-16,82.55000305175781,82.55000305175781,82.55000305175781,82.55000305175781,0,AIAGroup,Hongkong
259,2026-02-20,82.30000305175781,83.1500015258789,81.8499984741211,82.3499984741211,29480715,AIAGroup,Hongkong
260,2026-02-23,85.6500015258789,85.80000305175781,83.75,84.3499984741211,28770197,AIAGroup,Hongkong
261,2026-02-24,84.8499984741211,86.94999694824219,84.3499984741211,86.94999694824219,29872712,AIAGroup,Hongkong
262,2026-02-25,84.5,85.75,83.94999694824219,85.5,21939412,AIAGroup,Hongkong
263,2026-02-26,84.69999694824219,88.0,84.55000305175781,87.0,26179446,AIAGroup,Hongkong
264,2026-02-27,86.80000305175781,86.80000305175781,85.05000305175781,85.75,25005665,AIAGroup,Hongkong
265,2026-03-02,85.0,86.30000305175781,83.1500015258789,86.30000305175781,31912647,AIAGroup,Hongkong
266,2026-03-03,85.0,85.5999984741211,83.8499984741211,84.5,26761693,AIAGroup,Hongkong
267,2026-03-04,81.0,83.9000015258789,80.05000305175781,83.9000015258789,37790358,AIAGroup,Hongkong
268,2026-03-05,85.0999984741211,85.19999694824219,82.1500015258789,83.0999984741211,41176115,AIAGroup,Hongkong
269,2026-03-06,85.5999984741211,86.5,84.05000305175781,86.0,38772309,AIAGroup,Hongkong
270,2026-03-09,81.80000305175781,82.4000015258789,80.3499984741211,81.5,51484585,AIAGroup,Hongkong
271,2026-03-10,85.6500015258789,85.6500015258789,83.3499984741211,83.80000305175781,42400897,AIAGroup,Hongkong
272,2026-03-11,86.44999694824219,87.4000015258789,85.6500015258789,86.55000305175781,37398635,AIAGroup,Hongkong
273,2026-03-12,84.3499984741211,86.25,83.80000305175781,84.69999694824219,32544351,AIAGroup,Hongkong
274,2026-03-13,81.80000305175781,84.05000305175781,81.5999984741211,83.30000305175781,26751769,AIAGroup,Hongkong
275,2026-03-16,83.4000015258789,83.5999984741211,81.75,81.75,17052495,AIAGroup,Hongkong
276,2026-03-17,83.0,84.8499984741211,83.0,83.9000015258789,19931274,AIAGroup,Hongkong
277,2026-03-18,84.55000305175781,85.1500015258789,83.44999694824219,83.5,16774519,AIAGroup,Hongkong
278,2026-03-19,82.80000305175781,83.94999694824219,81.5,81.5,24816950,AIAGroup,Hongkong
279,2026-03-20,86.05000305175781,86.80000305175781,84.19999694824219,84.69999694824219,39305322,AIAGroup,Hongkong
280,2026-03-23,79.3499984741211,83.80000305175781,78.69999694824219,83.0,38848945,AIAGroup,Hongkong
281,2026-03-24,85.0999984741211,85.30000305175781,81.6500015258789,82.75,29366272,AIAGroup,Hongkong
282,2026-03-25,86.80000305175781,87.0,85.19999694824219,86.5,33596152,AIAGroup,Hongkong
283,2026-03-26,87.0,87.4000015258789,86.30000305175781,87.0999984741211,39387116,AIAGroup,Hongkong
284,2026-03-27,85.6500015258789,86.5999984741211,84.05000305175781,84.05000305175781,26334532,AIAGroup,Hongkong
285,2026-03-30,84.94999694824219,85.6500015258789,83.0999984741211,85.6500015258789,30317487,AIAGroup,Hongkong
286,2026-03-31,84.8499984741211,85.8499984741211,83.5,84.75,25603449,AIAGroup,Hongkong
287,2026-04-01,87.5,88.5999984741211,87.25,87.80000305175781,31740741,AIAGroup,Hongkong
288,2026-04-02,86.1500015258789,87.69999694824219,85.30000305175781,87.5,18188932,AIAGroup,Hongkong
289,2026-04-08,88.6500015258789,92.1500015258789,87.8499984741211,90.44999694824219,45883193,AIAGroup,Hongkong
290,2026-04-09,88.5,88.9000015258789,87.55000305175781,88.1500015258789,21170005,AIAGroup,Hongkong
291,2026-04-10,88.94999694824219,90.5,88.8499984741211,90.0,16890520,AIAGroup,Hongkong
292,2026-04-13,87.4000015258789,88.30000305175781,86.1500015258789,87.0999984741211,15399571,AIAGroup,Hongkong
293,2026-04-14,87.0,88.9000015258789,86.9000015258789,88.4000015258789,20866607,AIAGroup,Hongkong
294,2026-04-15,83.8499984741211,87.8499984741211,83.8499984741211,87.0,44494434,AIAGroup,Hongkong
295,2026-04-16,84.25,85.44999694824219,83.8499984741211,85.0999984741211,26718534,AIAGroup,Hongkong
296,2026-04-17,81.5999984741211,83.5,81.5999984741211,82.9000015258789,35681188,AIAGroup,Hongkong
297,2026-04-20,83.5,83.75,81.6500015258789,81.6500015258789,24183140,AIAGroup,Hongkong
298,2026-04-21,82.80000305175781,83.75,82.5999984741211,82.94999694824219,16310648,AIAGroup,Hongkong
299,2026-04-22,83.19999694824219,83.55000305175781,82.80000305175781,82.94999694824219,17968702,AIAGroup,Hongkong
300,2026-04-23,81.75,82.69999694824219,81.75,82.05000305175781,27554435,AIAGroup,Hongkong
301,2026-04-24,81.6500015258789,81.94999694824219,81.0,81.44999694824219,24782112,AIAGroup,Hongkong
302,2026-04-27,83.19999694824219,83.69999694824219,81.0,81.0,22594765,AIAGroup,Hongkong
303,2026-04-28,83.1500015258789,84.1500015258789,82.80000305175781,83.80000305175781,21920627,AIAGroup,Hongkong
304,2026-04-29,84.94999694824219,85.4000015258789,83.3499984741211,84.25,33307662,AIAGroup,Hongkong
305,2026-04-30,85.05000305175781,87.1500015258789,84.4000015258789,86.5999984741211,36086904,AIAGroup,Hongkong
306,2026-05-04,86.0,87.5999984741211,85.9000015258789,87.5,18212654,AIAGroup,Hongkong
307,2026-05-05,85.9000015258789,85.9000015258789,84.0999984741211,84.69999694824219,14130254,AIAGroup,Hongkong
308,2026-05-06,87.44999694824219,87.44999694824219,85.25,85.25,29584618,AIAGroup,Hongkong
309,2026-05-07,89.1500015258789,89.94999694824219,88.1500015258789,88.1500015258789,26155798,AIAGroup,Hongkong
310,2026-05-08,86.5999984741211,89.0,86.30000305175781,87.19999694824219,32368685,AIAGroup,Hongkong
311,2026-05-11,86.5999984741211,87.25,85.75,86.6500015258789,25082901,AIAGroup,Hongkong
312,2026-05-12,86.44999694824219,87.94999694824219,86.0,87.94999694824219,18242698,AIAGroup,Hongkong
313,2026-05-13,86.94999694824219,87.9000015258789,86.4000015258789,87.05000305175781,40690650,AIAGroup,Hongkong
314,2026-05-14,87.69999694824219,88.0999984741211,84.3499984741211,84.3499984741211,27183599,AIAGroup,Hongkong
315,2026-05-15,87.5999984741211,89.0,87.19999694824219,89.0,19768118,AIAGroup,Hongkong
316,2026-05-18,86.6500015258789,86.80000305175781,85.8499984741211,86.69999694824219,22680845,AIAGroup,Hongkong
317,2026-05-19,85.94999694824219,87.4000015258789,85.8499984741211,86.80000305175781,34699714,AIAGroup,Hongkong
318,2026-05-20,84.25,85.69999694824219,84.19999694824219,85.5,26094441,AIAGroup,Hongkong
0,2025-02-03,396.0873718261719,396.67530538831176,386.2880803896517,391.9716574608077,27917841,TencentHoldings,Hongkong
1,2025-02-04,412.3541259765625,412.7461215146212,398.83111725523963,400.98697309431935,31276268,TencentHoldings,Hongkong
2,2025-02-05,409.41436767578125,413.1381162138972,401.7709326268565,413.1381162138972,32129392,TencentHoldings,Hongkong
3,2025-02-06,411.9621887207031,411.9621887207031,405.1026850030247,407.8465044331339,19585105,TencentHoldings,Hongkong
4,2025-02-07,419.60565185546875,423.7213361253046,409.4143653090649,411.96218694566585,34567530,TencentHoldings,Hongkong
5,2025-02-10,428.2290344238281,430.97282405536475,420.1936035092272,420.97756476471204,31411302,TencentHoldings,Hongkong
6,2025-02-11,418.8216857910156,432.344725134273,417.05782539649016,431.1687982678811,30893563,TencentHoldings,Hongkong
7,2025-02-12,435.2845153808594,435.6764810373244,417.44979391360516,420.38958119468685,38264929,TencentHoldings,Hongkong
8,2025-02-13,433.128662109375,455.2750657457538,428.2290166104002,439.98816580793977,60985718,TencentHoldings,Hongkong
9,2025-02-14,465.27032470703125,465.27032470703125,437.63634203071894,440.7720972076075,74519223,TencentHoldings,Hongkong
10,2025-02-17,483.6930236816406,501.7237136602947,475.2656271977401,495.84413889083817,126223580,TencentHoldings,Hongkong
11,2025-02-18,493.394287109375,502.70361328125,483.8889631613305,484.2809587136695,62529454,TencentHoldings,Hongkong
12,2025-02-19,487.8087158203125,490.4545364705911,483.30106568289585,489.96457189869244,34127174,TencentHoldings,Hongkong
13,2025-02-20,477.02947998046875,483.10505243970744,472.91379565120087,481.3411919993159,34549151,TencentHoldings,Hongkong
14,2025-02-21,506.62335205078125,506.62335205078125,489.37659365952925,494.8642026801635,73545153,TencentHoldings,Hongkong
15,2025-02-24,487.22076416015625,511.52299406159375,487.22076416015625,511.52299406159375,67542767,TencentHoldings,Hongkong
16,2025-02-25,475.0696105957031,481.14518291222055,466.8382122254679,468.21010696966334,56509529,TencentHoldings,Hongkong
17,2025-02-26,491.4344177246094,497.8039565385874,478.00937780081586,478.2053755725012,40489654,TencentHoldings,Hongkong
18,2025-02-27,485.45684814453125,501.72367644787704,481.7331296954192,493.39427947559784,38902820,TencentHoldings,Hongkong
19,2025-02-28,468.99407958984375,487.80870062150194,466.446257914341,482.9090550551748,52160819,TencentHoldings,Hongkong
20,2025-03-03,473.50177001953125,487.0247801212341,470.1699870363006,473.89373569253956,32752021,TencentHoldings,Hongkong
21,2025-03-04,481.1451721191406,483.10503025404546,463.7024466805122,469.38602330971156,31124964,TencentHoldings,Hongkong
22,2025-03-05,495.3541564941406,498.78390831952044,488.00468829689817,491.9244046687608,35165757,TencentHoldings,Hongkong
23,2025-03-06,533.0814208984375,533.0814208984375,510.54305200015796,510.54305200015796,79683892,TencentHoldings,Hongkong
24,2025-03-07,522.7921752929688,536.0212181541779,518.3824943392324,528.1817853475354,46494425,TencentHoldings,Hongkong
25,2025-03-10,506.13336181640625,526.711872170994,501.72368102613746,517.4025460582043,34415026,TencentHoldings,Hongkong
26,2025-03-11,507.1133117675781,509.56313452974035,490.45451698487506,491.43444608973994,33852768,TencentHoldings,Hongkong
27,2025-03-12,501.72369384765625,514.4627720117569,494.8641902208328,512.5029138326645,28031056,TencentHoldings,Hongkong
28,2025-03-13,497.31402587890625,505.64342335668107,489.1806261861633,502.7036360115841,27326941,TencentHoldings,Hongkong
29,2025-03-14,511.0330505371094,520.3423774404699,497.31404246899905,502.70365278147096,30711707,TencentHoldings,Hongkong
30,2025-03-17,513.9727783203125,523.7720686600707,511.522955735373,521.3222460751311,22096160,TencentHoldings,Hongkong
31,2025-03-18,530.1416625976562,532.5914854377563,522.792194077356,527.6918397575562,33639833,TencentHoldings,Hongkong
32,2025-03-19,529.1617431640625,534.0613889341001,523.2821682400173,531.6115660490813,31604153,TencentHoldings,Hongkong
33,2025-03-20,509.0731506347656,530.1416255888512,507.6032570333178,529.6516610550352,49845030,TencentHoldings,Hongkong
34,2025-03-21,501.2337341308594,515.4427060661428,495.354159536949,507.6032732742623,42260479,TencentHoldings,Hongkong
35,2025-03-24,502.70361328125,507.11329409950656,494.37421618009864,503.68354235197364,24598555,TencentHoldings,Hongkong
36,2025-03-25,491.9244079589844,505.15345080250285,490.9444788594645,502.70362805370314,27744935,TencentHoldings,Hongkong
37,2025-03-26,496.3341064453125,500.25382298189936,491.9244253416523,491.9244253416523,17310634,TencentHoldings,Hongkong
38,2025-03-27,498.7839050292969,505.6434086348078,491.92440142378587,498.7839050292969,17595617,TencentHoldings,Hongkong
39,2025-03-28,499.27386474609375,506.13336828529424,493.3942902839219,501.23372290015107,18594342,TencentHoldings,Hongkong
40,2025-03-31,487.0247802734375,497.3140361947073,484.6729563295886,494.86421335630973,28036973,TencentHoldings,Hongkong
41,2025-04-01,493.88427734375,501.2337457566034,489.9645608568948,490.9444899786086,19518013,TencentHoldings,Hongkong
42,2025-04-02,493.88427734375,498.78392295231896,489.1806295215492,494.8642064654638,14247546,TencentHoldings,Hongkong
43,2025-04-03,487.8087158203125,490.4545364705911,481.3412073953011,483.1050678921107,29219618,TencentHoldings,Hongkong
44,2025-04-07,426.6611022949219,453.1191866390887,422.34942045688473,432.9326422325269,123364114,TencentHoldings,Hongkong
45,2025-04-08,431.5607604980469,442.14401249642896,421.369504055394,431.95272614871385,65120104,TencentHoldings,Hongkong
46,2025-04-09,432.3447265625,438.02830332369064,410.59028879782187,417.44979242928906,66484213,TencentHoldings,Hongkong
47,2025-04-10,435.8724670410156,452.3352944428019,434.10860656103245,450.7674018466703,57799983,TencentHoldings,Hongkong
48,2025-04-11,434.50054931640625,443.5159088398571,423.3293637539127,431.1687964160222,46594597,TencentHoldings,Hongkong
49,2025-04-14,444.8878173828125,449.9834607333634,439.7921740322616,443.9078882696345,30346489,TencentHoldings,Hongkong
50,2025-04-15,446.8476867675781,455.27508333236545,442.5360045429389,455.27508333236545,20245398,TencentHoldings,Hongkong
51,2025-04-16,439.0082092285156,442.5359597479713,431.3647746905793,441.55603070951474,27322773,TencentHoldings,Hongkong
52,2025-04-17,448.8075256347656,452.72724201585527,440.77209509150674,441.3600585296827,24479822,TencentHoldings,Hongkong
53,2025-04-22,451.1593322753906,453.5111560333343,444.1038610015594,450.76736663324357,24043746,TencentHoldings,Hongkong
54,2025-04-23,464.6824035644531,469.7780170771986,461.9385840683006,466.4462640294297,27001392,TencentHoldings,Hongkong
55,2025-04-24,461.5466003417969,468.2101061766386,455.6670258151498,467.426174868444,18912016,TencentHoldings,Hongkong
56,2025-04-25,468.60211181640625,476.04954911965245,465.4663267060455,470.36597225031966,28746958,TencentHoldings,Hongkong
57,2025-04-28,468.60211181640625,472.71779613055867,465.2703289222493,472.71779613055867,13805160,TencentHoldings,Hongkong
58,2025-04-29,463.5064697265625,468.7980809475021,459.58675328067187,468.2101174996059,16367401,TencentHoldings,Hongkong
59,2025-04-30,467.6221618652344,467.6221618652344,459.9786972138045,465.4663059598168,15312733,TencentHoldings,Hongkong
60,2025-05-02,478.0093994140625,479.9692575992863,467.81814283191125,468.60210404903836,13240838,TencentHoldings,Hongkong
61,2025-05-06,485.45684814453125,486.8287428413061,475.4615897208331,481.7331296954192,19813305,TencentHoldings,Hongkong
62,2025-05-07,479.96923828125,499.27385259074805,479.7732704136526,498.7838880641624,25616342,TencentHoldings,Hongkong
63,2025-05-08,488.00469970703125,491.9244161705416,476.8335137670396,477.22547943237794,19815740,TencentHoldings,Hongkong
64,2025-05-09,484.6729431152344,493.39430620113353,482.1251214517531,489.9645543208873,13777285,TencentHoldings,Hongkong
65,2025-05-12,507.1133117675781,511.03302818703764,488.98462332757776,493.88426885190216,35846811,TencentHoldings,Hongkong
66,2025-05-13,495.8441162109375,509.56312337882906,495.35415166922706,509.56312337882906,23119901,TencentHoldings,Hongkong
67,2025-05-14,510.54302978515625,510.54302978515625,500.25377486626155,501.72366842610364,24294663,TencentHoldings,Hongkong
68,2025-05-15,509.5631103515625,521.3222590519831,504.6634650597205,520.832294522799,32799956,TencentHoldings,Hongkong
69,2025-05-16,502.1495056152344,511.0458551241657,500.66678069707916,503.6322305333896,21334027,TencentHoldings,Hongkong
70,2025-05-19,508.08038330078125,511.0458330087625,496.7128260868533,502.14948388481884,22457714,TencentHoldings,Hongkong
71,2025-05-20,511.04583740234375,511.5400790245897,505.60917955763796,506.5976628021299,15792185,TencentHoldings,Hongkong
72,2025-05-21,514.5055541992188,518.4594873726998,509.56313773236747,513.0228292591634,18924042,TencentHoldings,Hongkong
73,2025-05-22,510.5516052246094,514.0112966443309,507.0919138048879,514.0112966443309,14281176,TencentHoldings,Hongkong
74,2025-05-23,512.0343017578125,514.5055097778792,506.5976441136658,512.0343017578125,16262610,TencentHoldings,Hongkong
75,2025-05-26,504.12646484375,511.0458476945466,502.149498314951,509.06888116574754,17286567,TencentHoldings,Hongkong
76,2025-05-27,506.1034240722656,508.5746321976185,501.1610078215599,502.6437326967716,14986877,TencentHoldings,Hongkong
77,2025-05-28,500.1725158691406,509.0688649656273,496.7128245538403,507.0918984997414,16813826,TencentHoldings,Hongkong
78,2025-05-29,504.6206970214844,506.10342189030365,497.7013143003279,502.1494889067857,19368449,TencentHoldings,Hongkong
79,2025-05-30,492.4623718261719,500.66677081152375,490.2876965893698,500.17252918189735,28284004,TencentHoldings,Hongkong
80,2025-06-02,492.6600341796875,493.4508388607571,483.9613938507206,487.3222307884526,13086586,TencentHoldings,Hongkong
81,2025-06-03,499.1840515136719,499.678293148834,495.2301184323755,498.1955682433478,14609189,TencentHoldings,Hongkong
82,2025-06-04,506.1034240722656,507.09190732240677,501.1610078215599,504.12645757198334,18378499,TencentHoldings,Hongkong
83,2025-06-05,509.0688781738281,511.54008632030303,503.1379786222884,511.54008632030303,19329282,TencentHoldings,Hongkong
84,2025-06-06,509.0688781738281,510.5516030617131,505.1149451394683,509.56311980312313,13137101,TencentHoldings,Hongkong
85,2025-06-09,512.0343017578125,514.9997513818925,506.5976441136658,514.0112681738658,18481403,TencentHoldings,Hongkong
86,2025-06-10,507.5861511230469,514.0112922765032,502.64373485115743,513.5170506493142,17039003,TencentHoldings,Hongkong
87,2025-06-11,512.0343017578125,512.0343017578125,508.57461052971917,511.0458185497858,14784979,TencentHoldings,Hongkong
88,2025-06-12,504.12646484375,512.034330958946,502.149498314951,512.034330958946,13368048,TencentHoldings,Hongkong
89,2025-06-13,504.12646484375,509.5631227979473,500.172531786152,504.62070647594976,19085310,TencentHoldings,Hongkong
90,2025-06-16,503.6322021484375,506.1034102060844,498.6897860331437,501.1609940907906,13784320,TencentHoldings,Hongkong
91,2025-06-17,507.5861511230469,508.08039275023583,500.66676834240167,508.08039275023583,11524031,TencentHoldings,Hongkong
92,2025-06-18,502.1495056152344,505.1149554515448,497.70133086076873,504.1264721727747,15187515,TencentHoldings,Hongkong
93,2025-06-19,492.2646484375,500.1725142758534,490.28768197791163,497.2070645864709,19387767,TencentHoldings,Hongkong
94,2025-06-20,499.67828369140625,499.67828369140625,490.2876928010633,498.6898004397912,20622275,TencentHoldings,Hongkong
95,2025-06-23,498.195556640625,498.195556640625,488.90382014920135,492.4623658727145,14252887,TencentHoldings,Hongkong
96,2025-06-24,503.6322021484375,505.1149269830256,498.19554442161433,502.14947731384933,17768858,TencentHoldings,Hongkong
97,2025-06-25,506.59765625,509.0688643292683,502.1494817073171,506.10341463414636,17592461,TencentHoldings,Hongkong
98,2025-06-26,507.0919189453125,507.0919189453125,501.6552609449241,506.1034356725146,15000643,TencentHoldings,Hongkong
99,2025-06-27,507.0919189453125,508.5746438545093,504.12646912691883,506.1034356725146,15181667,TencentHoldings,Hongkong
100,2025-06-30,497.2070617675781,505.60916917319327,497.2070617675781,503.1379611127182,18464531,TencentHoldings,Hongkong
101,2025-07-02,495.7243347167969,502.64371725521676,494.24160988713544,502.14947564532963,18203168,TencentHoldings,Hongkong
102,2025-07-03,495.2301025390625,497.7013106355648,488.11301115469007,494.2416193004616,18956331,TencentHoldings,Hongkong
103,2025-07-04,491.0784606933594,495.72434397955374,487.3222364544765,487.3222364544765,14658173,TencentHoldings,Hongkong
104,2025-07-07,496.2185974121094,496.2185974121094,488.3107313178925,489.4969232984711,11631687,TencentHoldings,Hongkong
105,2025-07-08,498.6897888183594,499.18403043264914,494.2416142897516,499.18403043264914,13172857,TencentHoldings,Hongkong
106,2025-07-09,491.8692626953125,498.1955493522773,489.29920025670094,498.1955493522773,17820435,TencentHoldings,Hongkong
107,2025-07-10,490.88079833984375,493.8462481524089,488.5084445230147,491.8692816106988,14032556,TencentHoldings,Hongkong
108,2025-07-11,490.88079833984375,499.18405178180313,490.88079833984375,491.2761856149627,19225560,TencentHoldings,Hongkong
109,2025-07-14,494.24163818359375,495.7243630981445,490.287705078125,491.27618835449215,11704663,TencentHoldings,Hongkong
110,2025-07-15,511.5400695800781,512.034311193199,494.2416131208484,496.71282118645263,27446891,TencentHoldings,Hongkong
111,2025-07-16,510.5516052246094,519.9421962209962,510.0573635932206,514.0112966443309,23250693,TencentHoldings,Hongkong
112,2025-07-17,511.04583740234375,513.5170455135736,505.11493793539194,513.5170455135736,13735794,TencentHoldings,Hongkong
113,2025-07-18,513.0228271484375,518.9537268842577,510.5516189251792,518.9537268842577,13781113,TencentHoldings,Hongkong
114,2025-07-21,515.4940185546875,516.4825018117435,508.57463575529573,516.4825018117435,13273287,TencentHoldings,Hongkong
115,2025-07-22,519.9421997070312,519.9421997070312,513.0228168211962,515.4940249947088,17600260,TencentHoldings,Hongkong
116,2025-07-23,545.6427612304688,545.6427612304688,520.9306796530019,523.8961294422979,46744850,TencentHoldings,Hongkong
117,2025-07-24,550.5851440429688,553.5505936518177,541.6887952164217,547.1254528326449,24180342,TencentHoldings,Hongkong
118,2025-07-25,544.1600341796875,548.6082088460065,539.7118595133685,545.6427590684605,19886923,TencentHoldings,Hongkong
119,2025-07-28,549.1024169921875,551.573624989452,540.206068202035,544.1600009976584,14661199,TencentHoldings,Hongkong
120,2025-07-29,548.6082153320312,550.090940238334,539.7118658942145,545.1485238839914,16847424,TencentHoldings,Hongkong
121,2025-07-30,542.6773071289062,549.5966899156136,536.2521659698208,543.6657903841501,19362555,TencentHoldings,Hongkong
122,2025-07-31,543.665771484375,552.5621204723011,538.7233553799716,540.7003218217329,20453269,TencentHoldings,Hongkong
123,2025-08-01,528.8385620117188,548.1139862345758,527.355837071499,545.1485363541362,21203861,TencentHoldings,Hongkong
124,2025-08-04,543.665771484375,545.1484963156961,526.8615567294034,529.8270063920455,17340007,TencentHoldings,Hongkong
125,2025-08-05,552.5621337890625,552.5621337890625,542.677301342031,548.1139591878983,17347823,TencentHoldings,Hongkong
126,2025-08-06,561.9526977539062,563.4354225500907,551.5736241806151,553.5505905755276,20737133,TencentHoldings,Hongkong
127,2025-08-07,560.4700317382812,565.4124482439098,554.0448902809641,564.4239649427841,16940382,TencentHoldings,Hongkong
128,2025-08-08,554.5391235351562,561.9527481813482,551.0794320336,560.4700232521097,13305719,TencentHoldings,Hongkong
129,2025-08-11,554.5391235351562,556.0218484643947,547.1254988889643,554.5391235351562,11790350,TencentHoldings,Hongkong
130,2025-08-12,553.056396484375,557.9988128962103,549.5967049960902,551.0794299196409,13827897,TencentHoldings,Hongkong
131,2025-08-13,579.2511596679688,579.2511596679688,559.4814955154783,561.4584619307274,37596415,TencentHoldings,Hongkong
132,2025-08-14,583.2051391601562,593.0899720272776,582.2166558734441,593.0899720272776,36339315,TencentHoldings,Hongkong
133,2025-08-15,585.1820678710938,589.6302423734923,577.7684437004295,580.2396517573176,22176876,TencentHoldings,Hongkong
134,2025-08-18,580.2396850585938,589.1360345739726,580.2396850585938,587.1590680149995,17590658,TencentHoldings,Hongkong
135,2025-08-19,585.6763305664062,590.1245052289358,576.2857396121769,581.2281559038765,16359474,TencentHoldings,Hongkong
136,2025-08-20,583.6993408203125,587.653273696318,578.7569247253056,582.2166159918104,15952765,TencentHoldings,Hongkong
137,2025-08-21,586.1705932617188,590.1245264371772,582.7109017331926,583.6993850270571,14290178,TencentHoldings,Hongkong
138,2025-08-22,593.0899658203125,599.5151071166993,588.6417910766602,592.1014825439453,19378950,TencentHoldings,Hongkong
139,2025-08-25,607.4229736328125,613.8481149324273,600.9978323331977,601.4920739716296,25694519,TencentHoldings,Hongkong
140,2025-08-26,602.4805297851562,610.8826372554989,602.4805297851562,604.9517378646689,20656474,TencentHoldings,Hongkong
141,2025-08-27,592.1014404296875,607.422930123611,588.1475076054492,605.9402053145217,21263402,TencentHoldings,Hongkong
142,2025-08-28,587.1590576171875,592.1014739270964,583.2051245692603,588.1475408791694,21712370,TencentHoldings,Hongkong
143,2025-08-29,589.6302490234375,598.0323565116172,587.1590409386788,588.641765789534,18234935,TencentHoldings,Hongkong
144,2025-09-01,598.0323486328125,602.9747647372159,594.5726573597301,598.0323486328125,15958837,TencentHoldings,Hongkong
145,2025-09-02,593.5841674804688,601.4920331588097,592.1014426657798,598.5265835294318,14808157,TencentHoldings,Hongkong
146,2025-09-03,591.6072387695312,605.9402462251005,589.1360305875365,599.5151049519143,15523985,TencentHoldings,Hongkong
147,2025-09-04,585.6763305664062,598.0323712956553,584.1936056788963,598.0323712956553,18003934,TencentHoldings,Hongkong
148,2025-09-05,598.526611328125,601.9863027230853,588.6417787710957,592.5957117939074,19047729,TencentHoldings,Hongkong
149,2025-09-08,610.388427734375,611.8711526600455,598.0323866871204,598.5266283290106,21815489,TencentHoldings,Hongkong
150,2025-09-09,619.7789916992188,620.7674749395684,610.3884009158973,612.8596090167713,19871460,TencentHoldings,Hongkong
151,2025-09-10,626.2041625976562,631.6408206786147,620.767504516698,622.7444710915919,19193376,TencentHoldings,Hongkong
152,2025-09-11,622.2501831054688,625.7098743538709,616.8135254294083,625.7098743538709,18191860,TencentHoldings,Hongkong
153,2025-09-12,636.0889892578125,641.525647285657,634.6062643411276,637.5717141744974,20780375,TencentHoldings,Hongkong
154,2025-09-15,636.0889892578125,641.0314056467621,630.158089591073,638.5601974522873,16371242,TencentHoldings,Hongkong
155,2025-09-16,637.5717163085938,642.0198910735375,633.12354154365,639.5486828707909,13339685,TencentHoldings,Hongkong
156,2025-09-17,653.8816528320312,655.8586192805029,637.5716796321393,639.0544044684931,22349048,TencentHoldings,Hongkong
157,2025-09-18,634.6062622070312,656.8471358825113,628.1811209230037,654.3759276963468,29989898,TencentHoldings,Hongkong
158,2025-09-19,635.1004638671875,639.5486383222884,630.6522894120866,639.5486383222884,20805608,TencentHoldings,Hongkong
159,2025-09-22,633.6177368164062,636.088944838311,626.6983543550726,634.6062200251681,12899662,TencentHoldings,Hongkong
160,2025-09-23,628.1810913085938,636.0889571315187,619.7789838717362,634.1119906757874,15293080,TencentHoldings,Hongkong
161,2025-09-24,641.0313720703125,643.5025801353485,620.7674659370182,626.2041236800972,18440788,TencentHoldings,Hongkong
162,2025-09-25,642.5140991210938,651.4104481858474,636.0889581298828,643.5025823505108,17384258,TencentHoldings,Hongkong
163,2025-09-26,636.5831909179688,645.479539859369,632.6292580551242,637.57167413368,19504951,TencentHoldings,Hongkong
164,2025-09-29,652.39892578125,656.847100275213,640.0428855202415,642.0198519620029,20489556,TencentHoldings,Hongkong
165,2025-09-30,655.3643798828125,658.8240711793281,649.9277221311452,650.4219637449331,20610633,TencentHoldings,Hongkong
166,2025-10-02,668.7089233398438,675.1340645101453,657.8356075131796,659.8125740271186,17137745,TencentHoldings,Hongkong
167,2025-10-03,665.7434692382812,672.1686103667873,662.2837778613934,669.2031606151692,7125093,TencentHoldings,Hongkong
168,2025-10-06,669.6973876953125,674.6398038406653,662.2837634772832,667.2261796226361,7828323,TencentHoldings,Hongkong
169,2025-10-08,667.2261962890625,672.1686125578703,661.7895383933738,672.1686125578703,10540730,TencentHoldings,Hongkong
170,2025-10-09,667.720458984375,673.1571170516053,657.8356261348654,667.2262173418995,14454705,TencentHoldings,Hongkong
171,2025-10-10,643.996826171875,661.2952827459468,640.0428932406586,661.2952827459468,19904705,TencentHoldings,Hongkong
172,2025-10-13,631.6408081054688,641.0313991492902,615.3308341872524,622.7444586955326,38012175,TencentHoldings,Hongkong
173,2025-10-14,613.8480834960938,636.5831976996527,609.894150591127,635.1004728602902,26797863,TencentHoldings,Hongkong
174,2025-10-15,619.7789916992188,625.7098911413166,613.3538506369462,617.3077835983447,18381023,TencentHoldings,Hongkong
175,2025-10-16,612.859619140625,621.7559684507308,608.411444485572,618.7905186806955,14285465,TencentHoldings,Hongkong
176,2025-10-17,600.997802734375,613.3538430866442,595.5611449793765,611.3768766302811,18654519,TencentHoldings,Hongkong
177,2025-10-20,620.2732543945312,625.2156707642088,614.3423547509182,616.813562935757,14963360,TencentHoldings,Hongkong
178,2025-10-21,623.2387084960938,636.5832327858594,622.7444668557321,635.5947495051361,14171988,TencentHoldings,Hongkong
179,2025-10-22,616.3193359375,621.7559940732759,609.3999528556035,618.7905441810345,9979448,TencentHoldings,Hongkong
180,2025-10-23,625.7098999023438,628.675349664914,610.882651089492,612.8596175978722,12419348,TencentHoldings,Hongkong
181,2025-10-24,630.1580810546875,634.1120141122856,626.2041479970895,631.6408059512868,11997034,TencentHoldings,Hongkong
182,2025-10-27,648.4450073242188,648.4450073242188,638.560174895496,641.5256246241128,16043970,TencentHoldings,Hongkong
183,2025-10-28,637.5717163085938,648.4450324006783,633.6177831841993,648.4450324006783,16295470,TencentHoldings,Hongkong
184,2025-10-30,643.5026245117188,656.3529073360695,637.5717247466338,649.4335242768037,21772780,TencentHoldings,Hongkong
185,2025-10-31,621.7559814453125,647.4565466560886,621.7559814453125,643.9968551854071,20578283,TencentHoldings,Hongkong
186,2025-11-03,620.7674560546875,626.6983553163565,615.3307983981575,623.2386640803829,11591004,TencentHoldings,Hongkong
187,2025-11-04,621.7559814453125,632.6292974960254,618.2962899746311,623.7329479999876,14972125,TencentHoldings,Hongkong
188,2025-11-05,621.7559814453125,624.7214312773251,605.9402490079118,613.8481152266122,13309811,TencentHoldings,Hongkong
189,2025-11-06,636.5831909179688,638.0659157415355,622.2501842901573,622.2501842901573,13081287,TencentHoldings,Hongkong
190,2025-11-07,626.6983642578125,635.5947132772451,621.2617065237147,630.6522971553381,13314360,TencentHoldings,Hongkong
191,2025-11-10,642.0198974609375,643.502622397337,633.6177894880076,633.6177894880076,14513815,TencentHoldings,Hongkong
192,2025-11-11,642.5140991210938,654.3758978740985,633.6177500563401,654.3758978740985,13087772,TencentHoldings,Hongkong
193,2025-11-12,649.4334716796875,650.916196500874,644.4910556090658,647.4565052514388,13658568,TencentHoldings,Hongkong
194,2025-11-13,648.4450073242188,652.3989402957079,637.5716916526236,642.0198662455489,17299913,TencentHoldings,Hongkong
195,2025-11-14,633.6177368164062,651.4104345741213,632.6292536076443,637.571669651454,19956444,TencentHoldings,Hongkong
196,2025-11-17,629.1696166992188,635.1005164638618,625.7099251698436,632.6293082285939,13794477,TencentHoldings,Hongkong
197,2025-11-18,616.3193359375,633.6177936422414,613.3538860452586,620.7675107758621,18818609,TencentHoldings,Hongkong
198,2025-11-19,615.330810546875,624.2271596150226,612.3653608574924,620.2732266958459,13959708,TencentHoldings,Hongkong
199,2025-11-20,613.8480834960938,623.2386741453898,608.4114257517643,619.284741240423,14015988,TencentHoldings,Hongkong
200,2025-11-21,602.9747924804688,607.9172088122758,599.020859415023,602.9747924804688,23732050,TencentHoldings,Hongkong
201,2025-11-24,617.3078002929688,620.273250094216,606.4344843550622,607.9172092556859,22376801,TencentHoldings,Hongkong
202,2025-11-25,617.802001953125,627.686833984375,613.3538275390625,625.709867578125,14877620,TencentHoldings,Hongkong
203,2025-11-26,612.3653564453125,622.7444302833686,610.8826316113045,621.2617054493606,14429595,TencentHoldings,Hongkong
204,2025-11-27,604.45751953125,613.3538689601646,601.9863113565515,610.8826607854661,15493209,TencentHoldings,Hongkong
205,2025-11-28,604.45751953125,609.8941775155866,601.4920697216119,604.45751953125,13216245,TencentHoldings,Hongkong
206,2025-12-01,612.3653564453125,615.8250477246645,605.9402154979445,606.4344571092804,12643338,TencentHoldings,Hongkong
207,2025-12-02,609.8941650390625,618.7905142859856,607.9171985397462,618.2962726611565,11460186,TencentHoldings,Hongkong
208,2025-12-03,603.9632568359375,608.905673012991,601.4920487474108,608.905673012991,11002158,TencentHoldings,Hongkong
209,2025-12-04,604.9517211914062,605.9402043959674,598.0323387594784,602.9747547822841,15329748,TencentHoldings,Hongkong
210,2025-12-05,602.9747924804688,603.9632757468302,597.0438928823002,598.0323761486616,14638391,TencentHoldings,Hongkong
211,2025-12-08,598.0323486328125,602.4805231267756,597.0438654119318,600.5035566850142,13421327,TencentHoldings,Hongkong
212,2025-12-09,595.5611572265625,602.9747815903786,589.1360161112552,602.4805399661242,17431321,TencentHoldings,Hongkong
213,2025-12-10,596.055419921875,596.055419921875,588.1475536542548,595.0669366384225,14750743,TencentHoldings,Hongkong
214,2025-12-11,594.5726928710938,604.95176731024,592.101484671297,601.986317470484,12480887,TencentHoldings,Hongkong
215,2025-12-12,608.9057006835938,608.9057006835938,594.5726931188013,600.9978344409496,17825495,TencentHoldings,Hongkong
216,2025-12-15,596.055419921875,601.4920779808639,595.0669366384225,599.0208697722326,15165502,TencentHoldings,Hongkong
217,2025-12-16,589.6302490234375,596.0553900438102,585.1820744708717,595.5611484268585,15987678,TencentHoldings,Hongkong
218,2025-12-17,598.0323486328125,599.0208318536932,587.6532748135654,590.124482865767,14824785,TencentHoldings,Hongkong
219,2025-12-18,598.0323486328125,599.0208318536932,592.1014493075285,594.0784157492898,10153604,TencentHoldings,Hongkong
220,2025-12-19,606.9287109375,610.3884022864922,600.0093282395155,602.9747779672232,17765762,TencentHoldings,Hongkong
221,2025-12-22,607.4229736328125,614.3423565708591,602.9747988869253,612.8596316555635,13868060,TencentHoldings,Hongkong
222,2025-12-23,595.06689453125,607.4229347000883,594.5726529244964,606.4344514865812,15623392,TencentHoldings,Hongkong
223,2025-12-24,595.5611572265625,595.5611572265625,595.5611572265625,595.5611572265625,0,TencentHoldings,Hongkong
224,2025-12-29,589.6302490234375,603.9632559150382,589.1360074064858,599.0208397455208,18502650,TencentHoldings,Hongkong
225,2025-12-30,593.0899658203125,594.0784490966797,587.1590661621094,591.6072409057617,13582535,TencentHoldings,Hongkong
226,2025-12-31,592.1014404296875,592.1014404296875,592.1014404296875,592.1014404296875,0,TencentHoldings,Hongkong
227,2026-01-02,615.8250732421875,617.3077981376342,593.5841998104873,593.5841998104873,16200058,TencentHoldings,Hongkong
228,2026-01-05,617.3078002929688,620.7674917277573,608.411450889227,616.8135586594276,19947025,TencentHoldings,Hongkong
229,2026-01-06,625.2156372070312,631.1465365323154,618.7904962713069,619.7789794921875,24168431,TencentHoldings,Hongkong
230,2026-01-07,617.3078002929688,622.2502166283808,607.9172092556859,620.273250094216,21378622,TencentHoldings,Hongkong
231,2026-01-08,608.9057006835938,613.8481170852463,602.9748010016107,611.37690888442,18742539,TencentHoldings,Hongkong
232,2026-01-09,603.9632568359375,609.8941562484017,602.9747736005269,608.905673012991,17813669,TencentHoldings,Hongkong
233,2026-01-12,615.8250732421875,620.2732479285276,606.4344822376919,608.9056903967697,27530129,TencentHoldings,Hongkong
234,2026-01-13,620.2732543945312,631.6408120447895,615.3308380248537,629.6638454969186,24212695,TencentHoldings,Hongkong
235,2026-01-14,625.7098999023438,631.1465578003894,618.7905171230129,626.6983831565339,28677291,TencentHoldings,Hongkong
236,2026-01-15,614.8366088867188,625.2156834740348,611.3769173576135,623.7329585329896,26194252,TencentHoldings,Hongkong
237,2026-01-16,610.388427734375,622.7444687816295,606.4344945992535,619.7790189302884,20616793,TencentHoldings,Hongkong
238,2026-01-19,602.9747924804688,607.4229671790952,601.4920675809266,606.4344839127338,13233330,TencentHoldings,Hongkong
239,2026-01-20,594.0784301757812,600.0093296450902,591.1129804411268,594.0784301757812,24332228,TencentHoldings,Hongkong
240,2026-01-21,595.5611572265625,599.0208485963434,591.1129826082728,591.1129826082728,16003431,TencentHoldings,Hongkong
241,2026-01-22,590.6187133789062,598.5265789973686,589.1359885754446,597.5380957950608,27168713,TencentHoldings,Hongkong
242,2026-01-23,588.1475219726562,595.0669045840992,588.1475219726562,590.6187300481716,19177660,TencentHoldings,Hongkong
243,2026-01-26,592.595703125,598.0323609518349,587.1590452981651,588.1475285394079,17439619,TencentHoldings,Hongkong
244,2026-01-27,600.0093383789062,603.4690297863629,591.6072306750831,593.089955563993,23887447,TencentHoldings,Hongkong
245,2026-01-28,613.8480834960938,615.8250499485771,603.4690096205559,605.9402176861602,25577066,TencentHoldings,Hongkong
246,2026-01-29,614.8366088867188,617.802058768809,605.4460175934329,607.4229841814931,22951530,TencentHoldings,Hongkong
247,2026-01-30,599.0208740234375,612.3653984447517,598.5266323782037,607.917223637647,21479886,TencentHoldings,Hongkong
248,2026-02-02,591.6072387695312,597.5381384063185,583.6993725871482,591.1129971331322,27926332,TencentHoldings,Hongkong
249,2026-02-03,574.3087768554688,594.572683784104,554.5391115592392,591.6072339896697,65128647,TencentHoldings,Hongkong
250,2026-02-04,551.5736694335938,567.8836435297484,551.5736694335938,565.4124353333614,60374834,TencentHoldings,Hongkong
251,2026-02-05,552.06787109375,555.0333207146654,534.7694149717436,543.6657638344897,79306977,TencentHoldings,Hongkong
252,2026-02-06,541.194580078125,551.0794125909674,536.7464054473459,539.7118552011985,35402860,TencentHoldings,Hongkong
253,2026-02-09,553.5505981445312,556.0218061719622,543.6657660348075,543.6657660348075,26375723,TencentHoldings,Hongkong
254,2026-02-10,544.654296875,559.481546336207,540.7003636853449,556.5160964439656,29211865,TencentHoldings,Hongkong
255,2026-02-11,541.6888427734375,544.1600509977688,536.7464263247747,536.7464263247747,23759058,TencentHoldings,Hongkong
256,2026-02-12,529.332763671875,534.7694213753209,524.3903475778332,530.8154885000876,39790780,TencentHoldings,Hongkong
257,2026-02-13,525.8731079101562,528.3443161240198,518.9537249113383,519.4479665541111,26900740,TencentHoldings,Hongkong
258,2026-02-16,528.3442993164062,528.3442993164062,528.3442993164062,528.3442993164062,0,TencentHoldings,Hongkong
259,2026-02-20,515.98828125,526.8615975215517,512.0343480603449,525.378872575431,21351884,TencentHoldings,Hongkong
260,2026-02-23,531.8040161132812,536.7464326199103,521.9191831000232,522.907666401349,22136687,TencentHoldings,Hongkong
261,2026-02-24,514.0112915039062,528.344298670842,510.0573584923377,528.344298670842,36134943,TencentHoldings,Hongkong
262,2026-02-25,516.4824829101562,522.9076238458807,515.9882412997159,516.4824829101562,22838866,TencentHoldings,Hongkong
263,2026-02-26,506.1034240722656,523.4018809497356,506.1034240722656,522.9076393246651,25547825,TencentHoldings,Hongkong
264,2026-02-27,512.0343017578125,524.3903418581458,504.6206776976125,504.6206776976125,32229030,TencentHoldings,Hongkong
265,2026-03-02,508.08038330078125,514.0112827167437,501.1610006488251,505.60917521079693,30816358,TencentHoldings,Hongkong
266,2026-03-03,504.6206970214844,519.4479457096769,504.6206970214844,512.0343213655807,27370602,TencentHoldings,Hongkong
267,2026-03-04,500.1725158691406,509.0688649656273,493.0554245255056,500.1725158691406,32965198,TencentHoldings,Hongkong
268,2026-03-05,496.2185974121094,509.56312144610035,495.7243557812208,503.6322218754377,23955443,TencentHoldings,Hongkong
269,2026-03-06,513.0228271484375,515.9882770163475,496.2186112302806,498.1955778088873,30359878,TencentHoldings,Hongkong
270,2026-03-09,510.0573425292969,511.5400673622309,496.7128190328909,496.7128190328909,31383491,TencentHoldings,Hongkong
271,2026-03-10,547.12548828125,549.5966964487353,518.9537151719173,518.9537151719173,57862244,TencentHoldings,Hongkong
272,2026-03-11,545.6427612304688,571.3433260710343,541.688828178074,571.3433260710343,47623240,TencentHoldings,Hongkong
273,2026-03-12,540.2061157226562,550.5851902241894,535.2636992933548,544.1600488660974,19663840,TencentHoldings,Hongkong
274,2026-03-13,541.194580078125,552.0678958422517,536.7464054473459,540.2060968268407,17183958,TencentHoldings,Hongkong
275,2026-03-16,552.06787109375,558.9872535425526,537.2406229891731,544.6542470414615,24217363,TencentHoldings,Hongkong
276,2026-03-17,543.665771484375,559.4815030184659,542.6772882634943,556.5160533558238,22872974,TencentHoldings,Hongkong
277,2026-03-18,544.1600341796875,545.6427590684605,536.2521681062316,540.2061011429595,21350876,TencentHoldings,Hongkong
278,2026-03-19,507.0919189453125,523.4018929464775,506.1034356725146,521.9191680372807,59432770,TencentHoldings,Hongkong
279,2026-03-20,502.1495056152344,513.022821681706,499.18405577892395,499.18405577892395,24924662,TencentHoldings,Hongkong
280,2026-03-23,492.6600341796875,500.17251273622117,489.4969059537514,492.0669382104138,35123702,TencentHoldings,Hongkong
281,2026-03-24,508.08038330078125,514.0112827167437,494.24161799686897,502.14948388481884,29358876,TencentHoldings,Hongkong
282,2026-03-25,499.67828369140625,515.4940157172471,496.2185923107536,513.0228075882094,37353909,TencentHoldings,Hongkong
283,2026-03-26,489.8923034667969,501.6552480781654,489.2992074851071,495.2301069697751,22623215,TencentHoldings,Hongkong
284,2026-03-27,487.7176208496094,492.4623584649601,481.9844301679391,485.54297583792356,20345920,TencentHoldings,Hongkong
285,2026-03-30,476.05352783203125,480.2051392829338,470.51801573138044,479.4143647683183,28410968,TencentHoldings,Hongkong
286,2026-03-31,478.4259033203125,486.33376949089615,474.47197023502065,478.82129059561856,25801397,TencentHoldings,Hongkong
287,2026-04-01,490.88079833984375,498.1955685109481,487.32225253154246,498.1955685109481,21275055,TencentHoldings,Hongkong
288,2026-04-02,483.5660095214844,490.2876834376516,479.4143678775424,490.2876834376516,17030828,TencentHoldings,Hongkong
289,2026-04-08,502.1495056152344,504.1264721727747,495.23012266384336,498.68981413953884,32856156,TencentHoldings,Hongkong
290,2026-04-09,502.64373779296875,508.5746373539477,497.20707986207134,500.6667712726424,20722763,TencentHoldings,Hongkong
291,2026-04-10,498.6897888183594,508.08037948986464,495.2300975183311,502.14948011838766,20671874,TencentHoldings,Hongkong
292,2026-04-13,484.3567810058594,497.20706295091276,482.1821058410201,492.6600340755941,21140848,TencentHoldings,Hongkong
293,2026-04-14,487.51995849609375,491.67157011054564,480.60057563922527,491.67157011054564,17833779,TencentHoldings,Hongkong
294,2026-04-15,493.2531433105469,504.1264590949477,491.6715640723201,494.24162656367423,20288791,TencentHoldings,Hongkong
295,2026-04-16,511.04583740234375,511.04583740234375,498.19555522394825,500.66676333517813,22559081,TencentHoldings,Hongkong
296,2026-04-17,504.6206970214844,511.04583811970116,500.17252241502666,506.10342189030365,13747249,TencentHoldings,Hongkong
297,2026-04-20,516.4824829101562,520.436415793679,498.689784934304,503.6322010387074,23428202,TencentHoldings,Hongkong
298,2026-04-21,513.0228271484375,519.4479685289093,509.5631356358758,516.9767603056509,13113816,TencentHoldings,Hongkong
299,2026-04-22,498.195556640625,508.5746307373047,496.2185901460193,507.58614749000185,23170931,TencentHoldings,Hongkong
300,2026-04-23,489.4969177246094,496.2185917617085,489.4969177246094,494.24162526066584,23497267,TencentHoldings,Hongkong
301,2026-04-24,487.7176208496094,489.29920005472627,481.3913341952559,481.3913341952559,18566187,TencentHoldings,Hongkong
302,2026-04-27,473.0881042480469,485.34529089736407,472.4950082463137,484.35680761651406,45048027,TencentHoldings,Hongkong
303,2026-04-28,468.3433532714844,476.0535407456486,466.5640954822776,470.51802849483926,25793090,TencentHoldings,Hongkong
304,2026-04-29,473.6811828613281,475.06505337049424,469.1341539031126,469.1341539031126,19321018,TencentHoldings,Hongkong
305,2026-04-30,462.4124450683594,469.33182771039367,457.8654463221998,468.54105318917834,38406905,TencentHoldings,Hongkong
306,2026-05-04,467.5525817871094,473.28577262629807,464.3894232899683,464.3894232899683,23758824,TencentHoldings,Hongkong
307,2026-05-05,466.7618103027344,466.95948885627837,460.2378147134768,463.5986517848776,13004679,TencentHoldings,Hongkong
308,2026-05-06,457.6677551269531,467.94797512681924,454.9000140306445,465.18023403051063,44367227,TencentHoldings,Hongkong
309,2026-05-07,471.9018859863281,475.46043163260157,466.76179131159006,466.76179131159006,40989511,TencentHoldings,Hongkong
310,2026-05-08,465.97100830078125,470.1226501088541,463.0055584853336,469.52955411254146,25207039,TencentHoldings,Hongkong
311,2026-05-11,459.0516052246094,465.7733092772349,458.2608307083542,459.6447011948578,27814648,TencentHoldings,Hongkong
312,2026-05-12,451.9345397949219,463.5986297127196,451.9345397949219,456.67924717969396,32469707,TencentHoldings,Hongkong
313,2026-05-13,457.2723693847656,460.4354977674243,448.77140718028596,450.74837373174097,26616535,TencentHoldings,Hongkong
314,2026-05-14,454.8999938964844,474.07656249929533,453.3184146974031,468.7387590977459,39339032,TencentHoldings,Hongkong
315,2026-05-15,456.3999938964844,462.6000061035156,454.20001220703125,459.0,26449868,TencentHoldings,Hongkong
316,2026-05-18,449.20001220703125,457.79998779296875,445.79998779296875,455.0,29497076,TencentHoldings,Hongkong
317,2026-05-19,460.0,468.79998779296875,448.6000061035156,449.20001220703125,33736701,TencentHoldings,Hongkong
318,2026-05-20,455.20001220703125,463.3999938964844,453.6000061035156,460.0,18927606,TencentHoldings,Hongkong
0,2025-02-03,396.0873718261719,396.67530538831176,386.2880803896517,391.9716574608077,27917841,Meituan,Hongkong
1,2025-02-04,412.3541259765625,412.7461215146212,398.83111725523963,400.98697309431935,31276268,Meituan,Hongkong
2,2025-02-05,409.41436767578125,413.1381162138972,401.7709326268565,413.1381162138972,32129392,Meituan,Hongkong
3,2025-02-06,411.9621887207031,411.9621887207031,405.1026850030247,407.8465044331339,19585105,Meituan,Hongkong
4,2025-02-07,419.60565185546875,423.7213361253046,409.4143653090649,411.96218694566585,34567530,Meituan,Hongkong
5,2025-02-10,428.2290344238281,430.97282405536475,420.1936035092272,420.97756476471204,31411302,Meituan,Hongkong
6,2025-02-11,418.8216857910156,432.344725134273,417.05782539649016,431.1687982678811,30893563,Meituan,Hongkong
7,2025-02-12,435.2845153808594,435.6764810373244,417.44979391360516,420.38958119468685,38264929,Meituan,Hongkong
8,2025-02-13,433.128662109375,455.2750657457538,428.2290166104002,439.98816580793977,60985718,Meituan,Hongkong
9,2025-02-14,465.27032470703125,465.27032470703125,437.63634203071894,440.7720972076075,74519223,Meituan,Hongkong
10,2025-02-17,483.6930236816406,501.7237136602947,475.2656271977401,495.84413889083817,126223580,Meituan,Hongkong
11,2025-02-18,493.394287109375,502.70361328125,483.8889631613305,484.2809587136695,62529454,Meituan,Hongkong
12,2025-02-19,487.8087158203125,490.4545364705911,483.30106568289585,489.96457189869244,34127174,Meituan,Hongkong
13,2025-02-20,477.02947998046875,483.10505243970744,472.91379565120087,481.3411919993159,34549151,Meituan,Hongkong
14,2025-02-21,506.62335205078125,506.62335205078125,489.37659365952925,494.8642026801635,73545153,Meituan,Hongkong
15,2025-02-24,487.22076416015625,511.52299406159375,487.22076416015625,511.52299406159375,67542767,Meituan,Hongkong
16,2025-02-25,475.0696105957031,481.14518291222055,466.8382122254679,468.21010696966334,56509529,Meituan,Hongkong
17,2025-02-26,491.4344177246094,497.8039565385874,478.00937780081586,478.2053755725012,40489654,Meituan,Hongkong
18,2025-02-27,485.45684814453125,501.72367644787704,481.7331296954192,493.39427947559784,38902820,Meituan,Hongkong
19,2025-02-28,468.99407958984375,487.80870062150194,466.446257914341,482.9090550551748,52160819,Meituan,Hongkong
20,2025-03-03,473.50177001953125,487.0247801212341,470.1699870363006,473.89373569253956,32752021,Meituan,Hongkong
21,2025-03-04,481.1451721191406,483.10503025404546,463.7024466805122,469.38602330971156,31124964,Meituan,Hongkong
22,2025-03-05,495.3541564941406,498.78390831952044,488.00468829689817,491.9244046687608,35165757,Meituan,Hongkong
23,2025-03-06,533.0814208984375,533.0814208984375,510.54305200015796,510.54305200015796,79683892,Meituan,Hongkong
24,2025-03-07,522.7921752929688,536.0212181541779,518.3824943392324,528.1817853475354,46494425,Meituan,Hongkong
25,2025-03-10,506.13336181640625,526.711872170994,501.72368102613746,517.4025460582043,34415026,Meituan,Hongkong
26,2025-03-11,507.1133117675781,509.56313452974035,490.45451698487506,491.43444608973994,33852768,Meituan,Hongkong
27,2025-03-12,501.72369384765625,514.4627720117569,494.8641902208328,512.5029138326645,28031056,Meituan,Hongkong
28,2025-03-13,497.31402587890625,505.64342335668107,489.1806261861633,502.7036360115841,27326941,Meituan,Hongkong
29,2025-03-14,511.0330505371094,520.3423774404699,497.31404246899905,502.70365278147096,30711707,Meituan,Hongkong
30,2025-03-17,513.9727783203125,523.7720686600707,511.522955735373,521.3222460751311,22096160,Meituan,Hongkong
31,2025-03-18,530.1416625976562,532.5914854377563,522.792194077356,527.6918397575562,33639833,Meituan,Hongkong
32,2025-03-19,529.1617431640625,534.0613889341001,523.2821682400173,531.6115660490813,31604153,Meituan,Hongkong
33,2025-03-20,509.0731506347656,530.1416255888512,507.6032570333178,529.6516610550352,49845030,Meituan,Hongkong
34,2025-03-21,501.2337341308594,515.4427060661428,495.354159536949,507.6032732742623,42260479,Meituan,Hongkong
35,2025-03-24,502.70361328125,507.11329409950656,494.37421618009864,503.68354235197364,24598555,Meituan,Hongkong
36,2025-03-25,491.9244079589844,505.15345080250285,490.9444788594645,502.70362805370314,27744935,Meituan,Hongkong
37,2025-03-26,496.3341064453125,500.25382298189936,491.9244253416523,491.9244253416523,17310634,Meituan,Hongkong
38,2025-03-27,498.7839050292969,505.6434086348078,491.92440142378587,498.7839050292969,17595617,Meituan,Hongkong
39,2025-03-28,499.27386474609375,506.13336828529424,493.3942902839219,501.23372290015107,18594342,Meituan,Hongkong
40,2025-03-31,487.0247802734375,497.3140361947073,484.6729563295886,494.86421335630973,28036973,Meituan,Hongkong
41,2025-04-01,493.88427734375,501.2337457566034,489.9645608568948,490.9444899786086,19518013,Meituan,Hongkong
42,2025-04-02,493.88427734375,498.78392295231896,489.1806295215492,494.8642064654638,14247546,Meituan,Hongkong
43,2025-04-03,487.8087158203125,490.4545364705911,481.3412073953011,483.1050678921107,29219618,Meituan,Hongkong
44,2025-04-07,426.6611022949219,453.1191866390887,422.34942045688473,432.9326422325269,123364114,Meituan,Hongkong
45,2025-04-08,431.5607604980469,442.14401249642896,421.369504055394,431.95272614871385,65120104,Meituan,Hongkong
46,2025-04-09,432.3447265625,438.02830332369064,410.59028879782187,417.44979242928906,66484213,Meituan,Hongkong
47,2025-04-10,435.8724670410156,452.3352944428019,434.10860656103245,450.7674018466703,57799983,Meituan,Hongkong
48,2025-04-11,434.50054931640625,443.5159088398571,423.3293637539127,431.1687964160222,46594597,Meituan,Hongkong
49,2025-04-14,444.8878173828125,449.9834607333634,439.7921740322616,443.9078882696345,30346489,Meituan,Hongkong
50,2025-04-15,446.8476867675781,455.27508333236545,442.5360045429389,455.27508333236545,20245398,Meituan,Hongkong
51,2025-04-16,439.0082092285156,442.5359597479713,431.3647746905793,441.55603070951474,27322773,Meituan,Hongkong
52,2025-04-17,448.8075256347656,452.72724201585527,440.77209509150674,441.3600585296827,24479822,Meituan,Hongkong
53,2025-04-22,451.1593322753906,453.5111560333343,444.1038610015594,450.76736663324357,24043746,Meituan,Hongkong
54,2025-04-23,464.6824035644531,469.7780170771986,461.9385840683006,466.4462640294297,27001392,Meituan,Hongkong
55,2025-04-24,461.5466003417969,468.2101061766386,455.6670258151498,467.426174868444,18912016,Meituan,Hongkong
56,2025-04-25,468.60211181640625,476.04954911965245,465.4663267060455,470.36597225031966,28746958,Meituan,Hongkong
57,2025-04-28,468.60211181640625,472.71779613055867,465.2703289222493,472.71779613055867,13805160,Meituan,Hongkong
58,2025-04-29,463.5064697265625,468.7980809475021,459.58675328067187,468.2101174996059,16367401,Meituan,Hongkong
59,2025-04-30,467.6221618652344,467.6221618652344,459.9786972138045,465.4663059598168,15312733,Meituan,Hongkong
60,2025-05-02,478.0093994140625,479.9692575992863,467.81814283191125,468.60210404903836,13240838,Meituan,Hongkong
61,2025-05-06,485.45684814453125,486.8287428413061,475.4615897208331,481.7331296954192,19813305,Meituan,Hongkong
62,2025-05-07,479.96923828125,499.27385259074805,479.7732704136526,498.7838880641624,25616342,Meituan,Hongkong
63,2025-05-08,488.00469970703125,491.9244161705416,476.8335137670396,477.22547943237794,19815740,Meituan,Hongkong
64,2025-05-09,484.6729431152344,493.39430620113353,482.1251214517531,489.9645543208873,13777285,Meituan,Hongkong
65,2025-05-12,507.1133117675781,511.03302818703764,488.98462332757776,493.88426885190216,35846811,Meituan,Hongkong
66,2025-05-13,495.8441162109375,509.56312337882906,495.35415166922706,509.56312337882906,23119901,Meituan,Hongkong
67,2025-05-14,510.54302978515625,510.54302978515625,500.25377486626155,501.72366842610364,24294663,Meituan,Hongkong
68,2025-05-15,509.5631103515625,521.3222590519831,504.6634650597205,520.832294522799,32799956,Meituan,Hongkong
69,2025-05-16,502.1495056152344,511.0458551241657,500.66678069707916,503.6322305333896,21334027,Meituan,Hongkong
70,2025-05-19,508.08038330078125,511.0458330087625,496.7128260868533,502.14948388481884,22457714,Meituan,Hongkong
71,2025-05-20,511.04583740234375,511.5400790245897,505.60917955763796,506.5976628021299,15792185,Meituan,Hongkong
72,2025-05-21,514.5055541992188,518.4594873726998,509.56313773236747,513.0228292591634,18924042,Meituan,Hongkong
73,2025-05-22,510.5516052246094,514.0112966443309,507.0919138048879,514.0112966443309,14281176,Meituan,Hongkong
74,2025-05-23,512.0343017578125,514.5055097778792,506.5976441136658,512.0343017578125,16262610,Meituan,Hongkong
75,2025-05-26,504.12646484375,511.0458476945466,502.149498314951,509.06888116574754,17286567,Meituan,Hongkong
76,2025-05-27,506.1034240722656,508.5746321976185,501.1610078215599,502.6437326967716,14986877,Meituan,Hongkong
77,2025-05-28,500.1725158691406,509.0688649656273,496.7128245538403,507.0918984997414,16813826,Meituan,Hongkong
78,2025-05-29,504.6206970214844,506.10342189030365,497.7013143003279,502.1494889067857,19368449,Meituan,Hongkong
79,2025-05-30,492.4623718261719,500.66677081152375,490.2876965893698,500.17252918189735,28284004,Meituan,Hongkong
80,2025-06-02,492.6600341796875,493.4508388607571,483.9613938507206,487.3222307884526,13086586,Meituan,Hongkong
81,2025-06-03,499.1840515136719,499.678293148834,495.2301184323755,498.1955682433478,14609189,Meituan,Hongkong
82,2025-06-04,506.1034240722656,507.09190732240677,501.1610078215599,504.12645757198334,18378499,Meituan,Hongkong
83,2025-06-05,509.0688781738281,511.54008632030303,503.1379786222884,511.54008632030303,19329282,Meituan,Hongkong
84,2025-06-06,509.0688781738281,510.5516030617131,505.1149451394683,509.56311980312313,13137101,Meituan,Hongkong
85,2025-06-09,512.0343017578125,514.9997513818925,506.5976441136658,514.0112681738658,18481403,Meituan,Hongkong
86,2025-06-10,507.5861511230469,514.0112922765032,502.64373485115743,513.5170506493142,17039003,Meituan,Hongkong
87,2025-06-11,512.0343017578125,512.0343017578125,508.57461052971917,511.0458185497858,14784979,Meituan,Hongkong
88,2025-06-12,504.12646484375,512.034330958946,502.149498314951,512.034330958946,13368048,Meituan,Hongkong
89,2025-06-13,504.12646484375,509.5631227979473,500.172531786152,504.62070647594976,19085310,Meituan,Hongkong
90,2025-06-16,503.6322021484375,506.1034102060844,498.6897860331437,501.1609940907906,13784320,Meituan,Hongkong
91,2025-06-17,507.5861511230469,508.08039275023583,500.66676834240167,508.08039275023583,11524031,Meituan,Hongkong
92,2025-06-18,502.1495056152344,505.1149554515448,497.70133086076873,504.1264721727747,15187515,Meituan,Hongkong
93,2025-06-19,492.2646484375,500.1725142758534,490.28768197791163,497.2070645864709,19387767,Meituan,Hongkong
94,2025-06-20,499.67828369140625,499.67828369140625,490.2876928010633,498.6898004397912,20622275,Meituan,Hongkong
95,2025-06-23,498.195556640625,498.195556640625,488.90382014920135,492.4623658727145,14252887,Meituan,Hongkong
96,2025-06-24,503.6322021484375,505.1149269830256,498.19554442161433,502.14947731384933,17768858,Meituan,Hongkong
97,2025-06-25,506.59765625,509.0688643292683,502.1494817073171,506.10341463414636,17592461,Meituan,Hongkong
98,2025-06-26,507.0919189453125,507.0919189453125,501.6552609449241,506.1034356725146,15000643,Meituan,Hongkong
99,2025-06-27,507.0919189453125,508.5746438545093,504.12646912691883,506.1034356725146,15181667,Meituan,Hongkong
100,2025-06-30,497.2070617675781,505.60916917319327,497.2070617675781,503.1379611127182,18464531,Meituan,Hongkong
101,2025-07-02,495.7243347167969,502.64371725521676,494.24160988713544,502.14947564532963,18203168,Meituan,Hongkong
102,2025-07-03,495.2301025390625,497.7013106355648,488.11301115469007,494.2416193004616,18956331,Meituan,Hongkong
103,2025-07-04,491.0784606933594,495.72434397955374,487.3222364544765,487.3222364544765,14658173,Meituan,Hongkong
104,2025-07-07,496.2185974121094,496.2185974121094,488.3107313178925,489.4969232984711,11631687,Meituan,Hongkong
105,2025-07-08,498.6897888183594,499.18403043264914,494.2416142897516,499.18403043264914,13172857,Meituan,Hongkong
106,2025-07-09,491.8692626953125,498.1955493522773,489.29920025670094,498.1955493522773,17820435,Meituan,Hongkong
107,2025-07-10,490.88079833984375,493.8462481524089,488.5084445230147,491.8692816106988,14032556,Meituan,Hongkong
108,2025-07-11,490.88079833984375,499.18405178180313,490.88079833984375,491.2761856149627,19225560,Meituan,Hongkong
109,2025-07-14,494.24163818359375,495.7243630981445,490.287705078125,491.27618835449215,11704663,Meituan,Hongkong
110,2025-07-15,511.5400695800781,512.034311193199,494.2416131208484,496.71282118645263,27446891,Meituan,Hongkong
111,2025-07-16,510.5516052246094,519.9421962209962,510.0573635932206,514.0112966443309,23250693,Meituan,Hongkong
112,2025-07-17,511.04583740234375,513.5170455135736,505.11493793539194,513.5170455135736,13735794,Meituan,Hongkong
113,2025-07-18,513.0228271484375,518.9537268842577,510.5516189251792,518.9537268842577,13781113,Meituan,Hongkong
114,2025-07-21,515.4940185546875,516.4825018117435,508.57463575529573,516.4825018117435,13273287,Meituan,Hongkong
115,2025-07-22,519.9421997070312,519.9421997070312,513.0228168211962,515.4940249947088,17600260,Meituan,Hongkong
116,2025-07-23,545.6427612304688,545.6427612304688,520.9306796530019,523.8961294422979,46744850,Meituan,Hongkong
117,2025-07-24,550.5851440429688,553.5505936518177,541.6887952164217,547.1254528326449,24180342,Meituan,Hongkong
118,2025-07-25,544.1600341796875,548.6082088460065,539.7118595133685,545.6427590684605,19886923,Meituan,Hongkong
119,2025-07-28,549.1024169921875,551.573624989452,540.206068202035,544.1600009976584,14661199,Meituan,Hongkong
120,2025-07-29,548.6082153320312,550.090940238334,539.7118658942145,545.1485238839914,16847424,Meituan,Hongkong
121,2025-07-30,542.6773071289062,549.5966899156136,536.2521659698208,543.6657903841501,19362555,Meituan,Hongkong
122,2025-07-31,543.665771484375,552.5621204723011,538.7233553799716,540.7003218217329,20453269,Meituan,Hongkong
123,2025-08-01,528.8385620117188,548.1139862345758,527.355837071499,545.1485363541362,21203861,Meituan,Hongkong
124,2025-08-04,543.665771484375,545.1484963156961,526.8615567294034,529.8270063920455,17340007,Meituan,Hongkong
125,2025-08-05,552.5621337890625,552.5621337890625,542.677301342031,548.1139591878983,17347823,Meituan,Hongkong
126,2025-08-06,561.9526977539062,563.4354225500907,551.5736241806151,553.5505905755276,20737133,Meituan,Hongkong
127,2025-08-07,560.4700317382812,565.4124482439098,554.0448902809641,564.4239649427841,16940382,Meituan,Hongkong
128,2025-08-08,554.5391235351562,561.9527481813482,551.0794320336,560.4700232521097,13305719,Meituan,Hongkong
129,2025-08-11,554.5391235351562,556.0218484643947,547.1254988889643,554.5391235351562,11790350,Meituan,Hongkong
130,2025-08-12,553.056396484375,557.9988128962103,549.5967049960902,551.0794299196409,13827897,Meituan,Hongkong
131,2025-08-13,579.2511596679688,579.2511596679688,559.4814955154783,561.4584619307274,37596415,Meituan,Hongkong
132,2025-08-14,583.2051391601562,593.0899720272776,582.2166558734441,593.0899720272776,36339315,Meituan,Hongkong
133,2025-08-15,585.1820678710938,589.6302423734923,577.7684437004295,580.2396517573176,22176876,Meituan,Hongkong
134,2025-08-18,580.2396850585938,589.1360345739726,580.2396850585938,587.1590680149995,17590658,Meituan,Hongkong
135,2025-08-19,585.6763305664062,590.1245052289358,576.2857396121769,581.2281559038765,16359474,Meituan,Hongkong
136,2025-08-20,583.6993408203125,587.653273696318,578.7569247253056,582.2166159918104,15952765,Meituan,Hongkong
137,2025-08-21,586.1705932617188,590.1245264371772,582.7109017331926,583.6993850270571,14290178,Meituan,Hongkong
138,2025-08-22,593.0899658203125,599.5151071166993,588.6417910766602,592.1014825439453,19378950,Meituan,Hongkong
139,2025-08-25,607.4229736328125,613.8481149324273,600.9978323331977,601.4920739716296,25694519,Meituan,Hongkong
140,2025-08-26,602.4805297851562,610.8826372554989,602.4805297851562,604.9517378646689,20656474,Meituan,Hongkong
141,2025-08-27,592.1014404296875,607.422930123611,588.1475076054492,605.9402053145217,21263402,Meituan,Hongkong
142,2025-08-28,587.1590576171875,592.1014739270964,583.2051245692603,588.1475408791694,21712370,Meituan,Hongkong
143,2025-08-29,589.6302490234375,598.0323565116172,587.1590409386788,588.641765789534,18234935,Meituan,Hongkong
144,2025-09-01,598.0323486328125,602.9747647372159,594.5726573597301,598.0323486328125,15958837,Meituan,Hongkong
145,2025-09-02,593.5841674804688,601.4920331588097,592.1014426657798,598.5265835294318,14808157,Meituan,Hongkong
146,2025-09-03,591.6072387695312,605.9402462251005,589.1360305875365,599.5151049519143,15523985,Meituan,Hongkong
147,2025-09-04,585.6763305664062,598.0323712956553,584.1936056788963,598.0323712956553,18003934,Meituan,Hongkong
148,2025-09-05,598.526611328125,601.9863027230853,588.6417787710957,592.5957117939074,19047729,Meituan,Hongkong
149,2025-09-08,610.388427734375,611.8711526600455,598.0323866871204,598.5266283290106,21815489,Meituan,Hongkong
150,2025-09-09,619.7789916992188,620.7674749395684,610.3884009158973,612.8596090167713,19871460,Meituan,Hongkong
151,2025-09-10,626.2041625976562,631.6408206786147,620.767504516698,622.7444710915919,19193376,Meituan,Hongkong
152,2025-09-11,622.2501831054688,625.7098743538709,616.8135254294083,625.7098743538709,18191860,Meituan,Hongkong
153,2025-09-12,636.0889892578125,641.525647285657,634.6062643411276,637.5717141744974,20780375,Meituan,Hongkong
154,2025-09-15,636.0889892578125,641.0314056467621,630.158089591073,638.5601974522873,16371242,Meituan,Hongkong
155,2025-09-16,637.5717163085938,642.0198910735375,633.12354154365,639.5486828707909,13339685,Meituan,Hongkong
156,2025-09-17,653.8816528320312,655.8586192805029,637.5716796321393,639.0544044684931,22349048,Meituan,Hongkong
157,2025-09-18,634.6062622070312,656.8471358825113,628.1811209230037,654.3759276963468,29989898,Meituan,Hongkong
158,2025-09-19,635.1004638671875,639.5486383222884,630.6522894120866,639.5486383222884,20805608,Meituan,Hongkong
159,2025-09-22,633.6177368164062,636.088944838311,626.6983543550726,634.6062200251681,12899662,Meituan,Hongkong
160,2025-09-23,628.1810913085938,636.0889571315187,619.7789838717362,634.1119906757874,15293080,Meituan,Hongkong
161,2025-09-24,641.0313720703125,643.5025801353485,620.7674659370182,626.2041236800972,18440788,Meituan,Hongkong
162,2025-09-25,642.5140991210938,651.4104481858474,636.0889581298828,643.5025823505108,17384258,Meituan,Hongkong
163,2025-09-26,636.5831909179688,645.479539859369,632.6292580551242,637.57167413368,19504951,Meituan,Hongkong
164,2025-09-29,652.39892578125,656.847100275213,640.0428855202415,642.0198519620029,20489556,Meituan,Hongkong
165,2025-09-30,655.3643798828125,658.8240711793281,649.9277221311452,650.4219637449331,20610633,Meituan,Hongkong
166,2025-10-02,668.7089233398438,675.1340645101453,657.8356075131796,659.8125740271186,17137745,Meituan,Hongkong
167,2025-10-03,665.7434692382812,672.1686103667873,662.2837778613934,669.2031606151692,7125093,Meituan,Hongkong
168,2025-10-06,669.6973876953125,674.6398038406653,662.2837634772832,667.2261796226361,7828323,Meituan,Hongkong
169,2025-10-08,667.2261962890625,672.1686125578703,661.7895383933738,672.1686125578703,10540730,Meituan,Hongkong
170,2025-10-09,667.720458984375,673.1571170516053,657.8356261348654,667.2262173418995,14454705,Meituan,Hongkong
171,2025-10-10,643.996826171875,661.2952827459468,640.0428932406586,661.2952827459468,19904705,Meituan,Hongkong
172,2025-10-13,631.6408081054688,641.0313991492902,615.3308341872524,622.7444586955326,38012175,Meituan,Hongkong
173,2025-10-14,613.8480834960938,636.5831976996527,609.894150591127,635.1004728602902,26797863,Meituan,Hongkong
174,2025-10-15,619.7789916992188,625.7098911413166,613.3538506369462,617.3077835983447,18381023,Meituan,Hongkong
175,2025-10-16,612.859619140625,621.7559684507308,608.411444485572,618.7905186806955,14285465,Meituan,Hongkong
176,2025-10-17,600.997802734375,613.3538430866442,595.5611449793765,611.3768766302811,18654519,Meituan,Hongkong
177,2025-10-20,620.2732543945312,625.2156707642088,614.3423547509182,616.813562935757,14963360,Meituan,Hongkong
178,2025-10-21,623.2387084960938,636.5832327858594,622.7444668557321,635.5947495051361,14171988,Meituan,Hongkong
179,2025-10-22,616.3193359375,621.7559940732759,609.3999528556035,618.7905441810345,9979448,Meituan,Hongkong
180,2025-10-23,625.7098999023438,628.675349664914,610.882651089492,612.8596175978722,12419348,Meituan,Hongkong
181,2025-10-24,630.1580810546875,634.1120141122856,626.2041479970895,631.6408059512868,11997034,Meituan,Hongkong
182,2025-10-27,648.4450073242188,648.4450073242188,638.560174895496,641.5256246241128,16043970,Meituan,Hongkong
183,2025-10-28,637.5717163085938,648.4450324006783,633.6177831841993,648.4450324006783,16295470,Meituan,Hongkong
184,2025-10-30,643.5026245117188,656.3529073360695,637.5717247466338,649.4335242768037,21772780,Meituan,Hongkong
185,2025-10-31,621.7559814453125,647.4565466560886,621.7559814453125,643.9968551854071,20578283,Meituan,Hongkong
186,2025-11-03,620.7674560546875,626.6983553163565,615.3307983981575,623.2386640803829,11591004,Meituan,Hongkong
187,2025-11-04,621.7559814453125,632.6292974960254,618.2962899746311,623.7329479999876,14972125,Meituan,Hongkong
188,2025-11-05,621.7559814453125,624.7214312773251,605.9402490079118,613.8481152266122,13309811,Meituan,Hongkong
189,2025-11-06,636.5831909179688,638.0659157415355,622.2501842901573,622.2501842901573,13081287,Meituan,Hongkong
190,2025-11-07,626.6983642578125,635.5947132772451,621.2617065237147,630.6522971553381,13314360,Meituan,Hongkong
191,2025-11-10,642.0198974609375,643.502622397337,633.6177894880076,633.6177894880076,14513815,Meituan,Hongkong
192,2025-11-11,642.5140991210938,654.3758978740985,633.6177500563401,654.3758978740985,13087772,Meituan,Hongkong
193,2025-11-12,649.4334716796875,650.916196500874,644.4910556090658,647.4565052514388,13658568,Meituan,Hongkong
194,2025-11-13,648.4450073242188,652.3989402957079,637.5716916526236,642.0198662455489,17299913,Meituan,Hongkong
195,2025-11-14,633.6177368164062,651.4104345741213,632.6292536076443,637.571669651454,19956444,Meituan,Hongkong
196,2025-11-17,629.1696166992188,635.1005164638618,625.7099251698436,632.6293082285939,13794477,Meituan,Hongkong
197,2025-11-18,616.3193359375,633.6177936422414,613.3538860452586,620.7675107758621,18818609,Meituan,Hongkong
198,2025-11-19,615.330810546875,624.2271596150226,612.3653608574924,620.2732266958459,13959708,Meituan,Hongkong
199,2025-11-20,613.8480834960938,623.2386741453898,608.4114257517643,619.284741240423,14015988,Meituan,Hongkong
200,2025-11-21,602.9747924804688,607.9172088122758,599.020859415023,602.9747924804688,23732050,Meituan,Hongkong
201,2025-11-24,617.3078002929688,620.273250094216,606.4344843550622,607.9172092556859,22376801,Meituan,Hongkong
202,2025-11-25,617.802001953125,627.686833984375,613.3538275390625,625.709867578125,14877620,Meituan,Hongkong
203,2025-11-26,612.3653564453125,622.7444302833686,610.8826316113045,621.2617054493606,14429595,Meituan,Hongkong
204,2025-11-27,604.45751953125,613.3538689601646,601.9863113565515,610.8826607854661,15493209,Meituan,Hongkong
205,2025-11-28,604.45751953125,609.8941775155866,601.4920697216119,604.45751953125,13216245,Meituan,Hongkong
206,2025-12-01,612.3653564453125,615.8250477246645,605.9402154979445,606.4344571092804,12643338,Meituan,Hongkong
207,2025-12-02,609.8941650390625,618.7905142859856,607.9171985397462,618.2962726611565,11460186,Meituan,Hongkong
208,2025-12-03,603.9632568359375,608.905673012991,601.4920487474108,608.905673012991,11002158,Meituan,Hongkong
209,2025-12-04,604.9517211914062,605.9402043959674,598.0323387594784,602.9747547822841,15329748,Meituan,Hongkong
210,2025-12-05,602.9747924804688,603.9632757468302,597.0438928823002,598.0323761486616,14638391,Meituan,Hongkong
211,2025-12-08,598.0323486328125,602.4805231267756,597.0438654119318,600.5035566850142,13421327,Meituan,Hongkong
212,2025-12-09,595.5611572265625,602.9747815903786,589.1360161112552,602.4805399661242,17431321,Meituan,Hongkong
213,2025-12-10,596.055419921875,596.055419921875,588.1475536542548,595.0669366384225,14750743,Meituan,Hongkong
214,2025-12-11,594.5726928710938,604.95176731024,592.101484671297,601.986317470484,12480887,Meituan,Hongkong
215,2025-12-12,608.9057006835938,608.9057006835938,594.5726931188013,600.9978344409496,17825495,Meituan,Hongkong
216,2025-12-15,596.055419921875,601.4920779808639,595.0669366384225,599.0208697722326,15165502,Meituan,Hongkong
217,2025-12-16,589.6302490234375,596.0553900438102,585.1820744708717,595.5611484268585,15987678,Meituan,Hongkong
218,2025-12-17,598.0323486328125,599.0208318536932,587.6532748135654,590.124482865767,14824785,Meituan,Hongkong
219,2025-12-18,598.0323486328125,599.0208318536932,592.1014493075285,594.0784157492898,10153604,Meituan,Hongkong
220,2025-12-19,606.9287109375,610.3884022864922,600.0093282395155,602.9747779672232,17765762,Meituan,Hongkong
221,2025-12-22,607.4229736328125,614.3423565708591,602.9747988869253,612.8596316555635,13868060,Meituan,Hongkong
222,2025-12-23,595.06689453125,607.4229347000883,594.5726529244964,606.4344514865812,15623392,Meituan,Hongkong
223,2025-12-24,595.5611572265625,595.5611572265625,595.5611572265625,595.5611572265625,0,Meituan,Hongkong
224,2025-12-29,589.6302490234375,603.9632559150382,589.1360074064858,599.0208397455208,18502650,Meituan,Hongkong
225,2025-12-30,593.0899658203125,594.0784490966797,587.1590661621094,591.6072409057617,13582535,Meituan,Hongkong
226,2025-12-31,592.1014404296875,592.1014404296875,592.1014404296875,592.1014404296875,0,Meituan,Hongkong
227,2026-01-02,615.8250732421875,617.3077981376342,593.5841998104873,593.5841998104873,16200058,Meituan,Hongkong
228,2026-01-05,617.3078002929688,620.7674917277573,608.411450889227,616.8135586594276,19947025,Meituan,Hongkong
229,2026-01-06,625.2156372070312,631.1465365323154,618.7904962713069,619.7789794921875,24168431,Meituan,Hongkong
230,2026-01-07,617.3078002929688,622.2502166283808,607.9172092556859,620.273250094216,21378622,Meituan,Hongkong
231,2026-01-08,608.9057006835938,613.8481170852463,602.9748010016107,611.37690888442,18742539,Meituan,Hongkong
232,2026-01-09,603.9632568359375,609.8941562484017,602.9747736005269,608.905673012991,17813669,Meituan,Hongkong
233,2026-01-12,615.8250732421875,620.2732479285276,606.4344822376919,608.9056903967697,27530129,Meituan,Hongkong
234,2026-01-13,620.2732543945312,631.6408120447895,615.3308380248537,629.6638454969186,24212695,Meituan,Hongkong
235,2026-01-14,625.7098999023438,631.1465578003894,618.7905171230129,626.6983831565339,28677291,Meituan,Hongkong
236,2026-01-15,614.8366088867188,625.2156834740348,611.3769173576135,623.7329585329896,26194252,Meituan,Hongkong
237,2026-01-16,610.388427734375,622.7444687816295,606.4344945992535,619.7790189302884,20616793,Meituan,Hongkong
238,2026-01-19,602.9747924804688,607.4229671790952,601.4920675809266,606.4344839127338,13233330,Meituan,Hongkong
239,2026-01-20,594.0784301757812,600.0093296450902,591.1129804411268,594.0784301757812,24332228,Meituan,Hongkong
240,2026-01-21,595.5611572265625,599.0208485963434,591.1129826082728,591.1129826082728,16003431,Meituan,Hongkong
241,2026-01-22,590.6187133789062,598.5265789973686,589.1359885754446,597.5380957950608,27168713,Meituan,Hongkong
242,2026-01-23,588.1475219726562,595.0669045840992,588.1475219726562,590.6187300481716,19177660,Meituan,Hongkong
243,2026-01-26,592.595703125,598.0323609518349,587.1590452981651,588.1475285394079,17439619,Meituan,Hongkong
244,2026-01-27,600.0093383789062,603.4690297863629,591.6072306750831,593.089955563993,23887447,Meituan,Hongkong
245,2026-01-28,613.8480834960938,615.8250499485771,603.4690096205559,605.9402176861602,25577066,Meituan,Hongkong
246,2026-01-29,614.8366088867188,617.802058768809,605.4460175934329,607.4229841814931,22951530,Meituan,Hongkong
247,2026-01-30,599.0208740234375,612.3653984447517,598.5266323782037,607.917223637647,21479886,Meituan,Hongkong
248,2026-02-02,591.6072387695312,597.5381384063185,583.6993725871482,591.1129971331322,27926332,Meituan,Hongkong
249,2026-02-03,574.3087768554688,594.572683784104,554.5391115592392,591.6072339896697,65128647,Meituan,Hongkong
250,2026-02-04,551.5736694335938,567.8836435297484,551.5736694335938,565.4124353333614,60374834,Meituan,Hongkong
251,2026-02-05,552.06787109375,555.0333207146654,534.7694149717436,543.6657638344897,79306977,Meituan,Hongkong
252,2026-02-06,541.194580078125,551.0794125909674,536.7464054473459,539.7118552011985,35402860,Meituan,Hongkong
253,2026-02-09,553.5505981445312,556.0218061719622,543.6657660348075,543.6657660348075,26375723,Meituan,Hongkong
254,2026-02-10,544.654296875,559.481546336207,540.7003636853449,556.5160964439656,29211865,Meituan,Hongkong
255,2026-02-11,541.6888427734375,544.1600509977688,536.7464263247747,536.7464263247747,23759058,Meituan,Hongkong
256,2026-02-12,529.332763671875,534.7694213753209,524.3903475778332,530.8154885000876,39790780,Meituan,Hongkong
257,2026-02-13,525.8731079101562,528.3443161240198,518.9537249113383,519.4479665541111,26900740,Meituan,Hongkong
258,2026-02-16,528.3442993164062,528.3442993164062,528.3442993164062,528.3442993164062,0,Meituan,Hongkong
259,2026-02-20,515.98828125,526.8615975215517,512.0343480603449,525.378872575431,21351884,Meituan,Hongkong
260,2026-02-23,531.8040161132812,536.7464326199103,521.9191831000232,522.907666401349,22136687,Meituan,Hongkong
261,2026-02-24,514.0112915039062,528.344298670842,510.0573584923377,528.344298670842,36134943,Meituan,Hongkong
262,2026-02-25,516.4824829101562,522.9076238458807,515.9882412997159,516.4824829101562,22838866,Meituan,Hongkong
263,2026-02-26,506.1034240722656,523.4018809497356,506.1034240722656,522.9076393246651,25547825,Meituan,Hongkong
264,2026-02-27,512.0343017578125,524.3903418581458,504.6206776976125,504.6206776976125,32229030,Meituan,Hongkong
265,2026-03-02,508.08038330078125,514.0112827167437,501.1610006488251,505.60917521079693,30816358,Meituan,Hongkong
266,2026-03-03,504.6206970214844,519.4479457096769,504.6206970214844,512.0343213655807,27370602,Meituan,Hongkong
267,2026-03-04,500.1725158691406,509.0688649656273,493.0554245255056,500.1725158691406,32965198,Meituan,Hongkong
268,2026-03-05,496.2185974121094,509.56312144610035,495.7243557812208,503.6322218754377,23955443,Meituan,Hongkong
269,2026-03-06,513.0228271484375,515.9882770163475,496.2186112302806,498.1955778088873,30359878,Meituan,Hongkong
270,2026-03-09,510.0573425292969,511.5400673622309,496.7128190328909,496.7128190328909,31383491,Meituan,Hongkong
271,2026-03-10,547.12548828125,549.5966964487353,518.9537151719173,518.9537151719173,57862244,Meituan,Hongkong
272,2026-03-11,545.6427612304688,571.3433260710343,541.688828178074,571.3433260710343,47623240,Meituan,Hongkong
273,2026-03-12,540.2061157226562,550.5851902241894,535.2636992933548,544.1600488660974,19663840,Meituan,Hongkong
274,2026-03-13,541.194580078125,552.0678958422517,536.7464054473459,540.2060968268407,17183958,Meituan,Hongkong
275,2026-03-16,552.06787109375,558.9872535425526,537.2406229891731,544.6542470414615,24217363,Meituan,Hongkong
276,2026-03-17,543.665771484375,559.4815030184659,542.6772882634943,556.5160533558238,22872974,Meituan,Hongkong
277,2026-03-18,544.1600341796875,545.6427590684605,536.2521681062316,540.2061011429595,21350876,Meituan,Hongkong
278,2026-03-19,507.0919189453125,523.4018929464775,506.1034356725146,521.9191680372807,59432770,Meituan,Hongkong
279,2026-03-20,502.1495056152344,513.022821681706,499.18405577892395,499.18405577892395,24924662,Meituan,Hongkong
280,2026-03-23,492.6600341796875,500.17251273622117,489.4969059537514,492.0669382104138,35123702,Meituan,Hongkong
281,2026-03-24,508.08038330078125,514.0112827167437,494.24161799686897,502.14948388481884,29358876,Meituan,Hongkong
282,2026-03-25,499.67828369140625,515.4940157172471,496.2185923107536,513.0228075882094,37353909,Meituan,Hongkong
283,2026-03-26,489.8923034667969,501.6552480781654,489.2992074851071,495.2301069697751,22623215,Meituan,Hongkong
284,2026-03-27,487.7176208496094,492.4623584649601,481.9844301679391,485.54297583792356,20345920,Meituan,Hongkong
285,2026-03-30,476.05352783203125,480.2051392829338,470.51801573138044,479.4143647683183,28410968,Meituan,Hongkong
286,2026-03-31,478.4259033203125,486.33376949089615,474.47197023502065,478.82129059561856,25801397,Meituan,Hongkong
287,2026-04-01,490.88079833984375,498.1955685109481,487.32225253154246,498.1955685109481,21275055,Meituan,Hongkong
288,2026-04-02,483.5660095214844,490.2876834376516,479.4143678775424,490.2876834376516,17030828,Meituan,Hongkong
289,2026-04-08,502.1495056152344,504.1264721727747,495.23012266384336,498.68981413953884,32856156,Meituan,Hongkong
290,2026-04-09,502.64373779296875,508.5746373539477,497.20707986207134,500.6667712726424,20722763,Meituan,Hongkong
291,2026-04-10,498.6897888183594,508.08037948986464,495.2300975183311,502.14948011838766,20671874,Meituan,Hongkong
292,2026-04-13,484.3567810058594,497.20706295091276,482.1821058410201,492.6600340755941,21140848,Meituan,Hongkong
293,2026-04-14,487.51995849609375,491.67157011054564,480.60057563922527,491.67157011054564,17833779,Meituan,Hongkong
294,2026-04-15,493.2531433105469,504.1264590949477,491.6715640723201,494.24162656367423,20288791,Meituan,Hongkong
295,2026-04-16,511.04583740234375,511.04583740234375,498.19555522394825,500.66676333517813,22559081,Meituan,Hongkong
296,2026-04-17,504.6206970214844,511.04583811970116,500.17252241502666,506.10342189030365,13747249,Meituan,Hongkong
297,2026-04-20,516.4824829101562,520.436415793679,498.689784934304,503.6322010387074,23428202,Meituan,Hongkong
298,2026-04-21,513.0228271484375,519.4479685289093,509.5631356358758,516.9767603056509,13113816,Meituan,Hongkong
299,2026-04-22,498.195556640625,508.5746307373047,496.2185901460193,507.58614749000185,23170931,Meituan,Hongkong
300,2026-04-23,489.4969177246094,496.2185917617085,489.4969177246094,494.24162526066584,23497267,Meituan,Hongkong
301,2026-04-24,487.7176208496094,489.29920005472627,481.3913341952559,481.3913341952559,18566187,Meituan,Hongkong
302,2026-04-27,473.0881042480469,485.34529089736407,472.4950082463137,484.35680761651406,45048027,Meituan,Hongkong
303,2026-04-28,468.3433532714844,476.0535407456486,466.5640954822776,470.51802849483926,25793090,Meituan,Hongkong
304,2026-04-29,473.6811828613281,475.06505337049424,469.1341539031126,469.1341539031126,19321018,Meituan,Hongkong
305,2026-04-30,462.4124450683594,469.33182771039367,457.8654463221998,468.54105318917834,38406905,Meituan,Hongkong
306,2026-05-04,467.5525817871094,473.28577262629807,464.3894232899683,464.3894232899683,23758824,Meituan,Hongkong
307,2026-05-05,466.7618103027344,466.95948885627837,460.2378147134768,463.5986517848776,13004679,Meituan,Hongkong
308,2026-05-06,457.6677551269531,467.94797512681924,454.9000140306445,465.18023403051063,44367227,Meituan,Hongkong
309,2026-05-07,471.9018859863281,475.46043163260157,466.76179131159006,466.76179131159006,40989511,Meituan,Hongkong
310,2026-05-08,465.97100830078125,470.1226501088541,463.0055584853336,469.52955411254146,25207039,Meituan,Hongkong
311,2026-05-11,459.0516052246094,465.7733092772349,458.2608307083542,459.6447011948578,27814648,Meituan,Hongkong
312,2026-05-12,451.9345397949219,463.5986297127196,451.9345397949219,456.67924717969396,32469707,Meituan,Hongkong
313,2026-05-13,457.2723693847656,460.4354977674243,448.77140718028596,450.74837373174097,26616535,Meituan,Hongkong
314,2026-05-14,454.8999938964844,474.07656249929533,453.3184146974031,468.7387590977459,39339032,Meituan,Hongkong
315,2026-05-15,456.3999938964844,462.6000061035156,454.20001220703125,459.0,26449868,Meituan,Hongkong
316,2026-05-18,449.20001220703125,457.79998779296875,445.79998779296875,455.0,29497076,Meituan,Hongkong
317,2026-05-19,460.0,468.79998779296875,448.6000061035156,449.20001220703125,33736701,Meituan,Hongkong
318,2026-05-20,455.20001220703125,463.3999938964844,453.6000061035156,460.0,18927606,Meituan,Hongkong
0,2025-02-03,96.13124084472656,99.45941427640396,94.87714245482384,97.43356925886157,5354991,TechtronicIndustries,Hongkong
1,2025-02-04,97.24063873291016,99.65236085069076,95.69713068953713,96.8547617220669,5529183,TechtronicIndustries,Hongkong
2,2025-02-05,95.64888763427734,98.39824900204212,95.31124805577831,97.04768332805514,3185619,TechtronicIndustries,Hongkong
3,2025-02-06,98.88059997558594,99.45941177173745,96.4688780249619,96.4688780249619,3465135,TechtronicIndustries,Hongkong
4,2025-02-07,98.59119415283203,99.8452925589214,97.81944751523146,98.97707115162811,2830282,TechtronicIndustries,Hongkong
5,2025-02-10,96.75828552246094,98.39825346962489,96.08299897481196,97.91590908987183,3779674,TechtronicIndustries,Hongkong
6,2025-02-11,97.24063873291016,98.59119723087385,96.66181953664936,97.24063873291016,3178131,TechtronicIndustries,Hongkong
7,2025-02-12,102.35347747802734,102.93228927059097,97.8194431829558,97.8194431829558,6933435,TechtronicIndustries,Hongkong
8,2025-02-13,103.2217025756836,108.04514662127629,102.44994858439216,102.93229298895142,8003603,TechtronicIndustries,Hongkong
9,2025-02-14,104.08992004394531,105.63342060823173,102.93228910073707,103.99345263867576,5030067,TechtronicIndustries,Hongkong
10,2025-02-17,102.25701141357422,103.22170020049474,99.74882203957917,100.3276338397332,2837552,TechtronicIndustries,Hongkong
11,2025-02-18,101.38878631591797,102.83581944324314,100.32763016121108,100.71350713382934,3740149,TechtronicIndustries,Hongkong
12,2025-02-19,101.96760559082031,102.44995000205408,96.85475924773743,100.80998194785595,2765377,TechtronicIndustries,Hongkong
13,2025-02-20,103.12523651123047,104.18639274309702,100.80998186716332,100.80998186716332,2749555,TechtronicIndustries,Hongkong
14,2025-02-21,105.63341522216797,105.72988262251882,103.22169341344268,103.80050517553858,4058972,TechtronicIndustries,Hongkong
15,2025-02-24,103.99346160888672,105.92283932066576,102.83583056582417,104.28286384965845,4615163,TechtronicIndustries,Hongkong
16,2025-02-25,104.2828598022461,104.66873680162368,102.25701475550332,102.5464243450344,3350724,TechtronicIndustries,Hongkong
17,2025-02-26,104.18639373779297,106.30870622178837,103.31817231797969,104.28286114888517,4062156,TechtronicIndustries,Hongkong
18,2025-02-27,106.59811401367188,107.2733932398976,101.29232553335336,101.29232553335336,3770365,TechtronicIndustries,Hongkong
19,2025-02-28,104.572265625,106.59811059877022,103.12523244945109,105.15107742322131,6292699,TechtronicIndustries,Hongkong
20,2025-03-03,107.46633911132812,107.85221612242641,104.66873998085529,104.66873998085529,7587565,TechtronicIndustries,Hongkong
21,2025-03-04,108.14160919189453,108.43101876567842,105.05460808482539,107.4663299997204,4112524,TechtronicIndustries,Hongkong
22,2025-03-05,104.08992004394531,109.00983131260443,103.60757565760635,108.2380773504656,7064949,TechtronicIndustries,Hongkong
23,2025-03-06,101.77466583251953,104.08992036611065,100.61704224571962,103.22169899601508,12287702,TechtronicIndustries,Hongkong
24,2025-03-07,99.45941162109375,103.02876451860588,98.2053206246635,102.160543145698,11864884,TechtronicIndustries,Hongkong
25,2025-03-10,97.81945037841797,100.03823030645411,96.32417972431327,98.88060663617367,9264062,TechtronicIndustries,Hongkong
26,2025-03-11,97.62650299072266,97.81944516548177,94.82891137663391,95.50419058831228,6629125,TechtronicIndustries,Hongkong
27,2025-03-12,95.21477508544922,97.53002951864973,94.58773329644968,97.43356211726449,5946152,TechtronicIndustries,Hongkong
28,2025-03-13,95.16655731201172,97.33710724247325,94.29833586782873,96.66182062589009,6291363,TechtronicIndustries,Hongkong
29,2025-03-14,94.44303131103516,95.16654788283574,92.94776078531747,95.16654788283574,8727977,TechtronicIndustries,Hongkong
30,2025-03-17,92.2724838256836,93.23717261139907,90.87368067040134,90.87368067040134,11741707,TechtronicIndustries,Hongkong
31,2025-03-18,94.00892639160156,95.26302485264581,93.57481934892805,94.39480340730687,6184491,TechtronicIndustries,Hongkong
32,2025-03-19,94.87713623046875,95.1183084157826,92.65835654157597,93.76774270602685,11190400,TechtronicIndustries,Hongkong
33,2025-03-20,91.45249938964844,94.8289101234014,91.40426200659829,94.20186094370617,9296348,TechtronicIndustries,Hongkong
34,2025-03-21,91.7901382446289,93.33363880979522,90.97015425938348,92.41718741922526,8219887,TechtronicIndustries,Hongkong
35,2025-03-24,91.74190521240234,91.93484739219204,90.58428157363052,91.6454378025033,4949967,TechtronicIndustries,Hongkong
36,2025-03-25,93.2371826171875,94.44304372873935,90.8736904225506,91.16310003331989,6630227,TechtronicIndustries,Hongkong
37,2025-03-26,92.70658874511719,94.49126148645573,91.79013736334613,94.49126148645573,3468596,TechtronicIndustries,Hongkong
38,2025-03-27,92.61012268066406,93.91245105886264,92.27248308038907,92.65836006355676,2999710,TechtronicIndustries,Hongkong
39,2025-03-28,91.59719848632812,92.32071508530383,91.11485408701098,92.2242476774387,3064138,TechtronicIndustries,Hongkong
40,2025-03-31,89.95722961425781,92.3207142043624,88.51019643011426,91.59719761229063,7572189,TechtronicIndustries,Hongkong
41,2025-04-01,91.2113265991211,91.74190100925345,89.42664647779144,89.42664647779144,4008812,TechtronicIndustries,Hongkong
42,2025-04-02,90.48780822753906,91.64543179036832,90.05369387148475,91.64543179036832,2621328,TechtronicIndustries,Hongkong
43,2025-04-03,79.29741668701172,85.51966388427185,77.70568604956496,85.51966388427185,15302591,TechtronicIndustries,Hongkong
44,2025-04-07,71.2905044555664,75.34219450928273,71.09756227777564,72.3516606734453,26299771,TechtronicIndustries,Hongkong
45,2025-04-08,69.50582885742188,72.01401818868395,67.6246813389819,71.67637859101254,15375878,TechtronicIndustries,Hongkong
46,2025-04-09,70.42228698730469,70.42228698730469,64.73062122455154,66.46706412165993,15620438,TechtronicIndustries,Hongkong
47,2025-04-10,73.50928497314453,76.692761015915,70.42228370014836,72.68930095000414,27897892,TechtronicIndustries,Hongkong
48,2025-04-11,71.14579772949219,71.77284691029276,68.58937098314607,70.75992074438481,12226446,TechtronicIndustries,Hongkong
49,2025-04-14,73.36458587646484,74.18456988102932,72.54459451190894,73.70222548305122,6256522,TechtronicIndustries,Hongkong
50,2025-04-15,72.8340072631836,74.08810569648014,72.20695804653532,73.55752389162582,11322325,TechtronicIndustries,Hongkong
51,2025-04-16,72.20695495605469,72.78576676203679,71.33873356708582,72.35165974754807,7397494,TechtronicIndustries,Hongkong
52,2025-04-17,73.36458587646484,73.70222548305122,69.9399377068238,69.9399377068238,5332147,TechtronicIndustries,Hongkong
53,2025-04-22,73.65399169921875,74.47397574386132,72.49636803148711,72.73754024226385,5589199,TechtronicIndustries,Hongkong
54,2025-04-23,76.4033432006836,77.65744147281228,75.6798266652226,76.83745753795466,12511858,TechtronicIndustries,Hongkong
55,2025-04-24,75.29396057128906,76.69275632760746,74.7633788099318,76.69275632760746,7277648,TechtronicIndustries,Hongkong
56,2025-04-25,76.0174789428711,77.2233399200106,74.81161796573159,75.29396235658739,3818927,TechtronicIndustries,Hongkong
57,2025-04-28,76.0174789428711,77.17510253692849,75.24572497350529,75.24572497350529,2751886,TechtronicIndustries,Hongkong
58,2025-04-29,74.23280334472656,76.21041841207457,74.0881059066211,76.1621810260449,2527650,TechtronicIndustries,Hongkong
59,2025-04-30,75.63159942626953,76.1621738224541,75.00455026715045,75.63159942626953,5091026,TechtronicIndustries,Hongkong
60,2025-05-02,78.67037200927734,78.86330681896641,76.59628968515949,78.718602031704,11267334,TechtronicIndustries,Hongkong
61,2025-05-06,80.5032730102539,81.22678957065759,78.23625592632057,78.81506770264531,7642093,TechtronicIndustries,Hongkong
62,2025-05-07,80.55152130126953,83.63852276642315,80.55152130126953,81.56444756701883,8253876,TechtronicIndustries,Hongkong
63,2025-05-08,81.66090393066406,83.20440445434058,79.10447727832958,79.10447727832958,4084288,TechtronicIndustries,Hongkong
64,2025-05-09,83.30087280273438,83.83145456376735,82.09501185492412,82.72206101978368,4774153,TechtronicIndustries,Hongkong
65,2025-05-12,88.84783935546875,91.06662659808836,86.09847767482559,86.53258470229864,11838286,TechtronicIndustries,Hongkong
66,2025-05-13,89.6678237915039,90.72898739234341,88.26902793220337,89.71606117699359,9573090,TechtronicIndustries,Hongkong
67,2025-05-14,90.34310913085938,91.30779794729142,89.66782254336199,90.15016695157802,6301986,TechtronicIndustries,Hongkong
68,2025-05-15,89.49311828613281,91.98446903441295,89.24886850508229,90.86091855079815,5560417,TechtronicIndustries,Hongkong
69,2025-05-16,89.78622436523438,91.4471199569728,89.59082006073382,90.86092195129524,3280761,TechtronicIndustries,Hongkong
70,2025-05-19,89.39542388916016,90.03047483926449,89.05347567107694,89.34657094918595,3337051,TechtronicIndustries,Hongkong
71,2025-05-20,90.86091613769531,91.25171726777954,89.88391703944052,90.51896794408844,3978169,TechtronicIndustries,Hongkong
72,2025-05-21,89.5419692993164,91.3494161494592,89.39541794305366,90.76321817831987,5538096,TechtronicIndustries,Hongkong
73,2025-05-22,87.92991638183594,89.8350615885445,87.6368136789986,89.39541498819987,5616710,TechtronicIndustries,Hongkong
74,2025-05-23,88.51612091064453,88.56497384938449,88.02762133889273,88.2230256399406,3122868,TechtronicIndustries,Hongkong
75,2025-05-26,88.32071685791016,88.7115179742107,87.4414162097118,88.12531257280423,2705731,TechtronicIndustries,Hongkong
76,2025-05-27,86.80636596679688,88.07646774065014,85.87821983091966,87.63681368635723,2806090,TechtronicIndustries,Hongkong
77,2025-05-28,87.44142150878906,87.49027444650393,86.12247418351706,86.8063705880546,3648402,TechtronicIndustries,Hongkong
78,2025-05-29,89.00462341308594,90.42127669016001,88.17417560454578,89.73737279484116,3647223,TechtronicIndustries,Hongkong
79,2025-05-30,85.82937622070312,87.73452908846758,84.95007547049738,87.68567614804586,11728985,TechtronicIndustries,Hongkong
80,2025-06-02,86.51327514648438,86.95292176937156,84.6569753257941,86.12247400730035,5459085,TechtronicIndustries,Hongkong
81,2025-06-03,88.71151733398438,88.8092157488766,86.90406311587765,86.90406311587765,5438196,TechtronicIndustries,Hongkong
82,2025-06-04,90.66551971435547,90.66551971435547,88.61381563550569,88.90691834788755,4977076,TechtronicIndustries,Hongkong
83,2025-06-05,89.5419692993164,90.95861501739577,88.71152155237637,90.76321817831987,4750160,TechtronicIndustries,Hongkong
84,2025-06-06,89.98161315917969,90.66551698282916,89.34656227075925,90.61666404760014,5260649,TechtronicIndustries,Hongkong
85,2025-06-09,89.78622436523438,91.3005685920754,88.85807069015885,90.9586203765895,4634566,TechtronicIndustries,Hongkong
86,2025-06-10,89.5419692993164,89.981615914193,88.8580654547275,89.88391749465505,2958867,TechtronicIndustries,Hongkong
87,2025-06-11,89.39542388916016,90.12817326530082,89.15117409711327,89.63967368120704,3465487,TechtronicIndustries,Hongkong
88,2025-06-12,88.80921936035156,89.34656439106583,87.3437207156392,87.88106574635346,3828873,TechtronicIndustries,Hongkong
89,2025-06-13,87.53911590576172,88.90691610586501,86.95291794969215,88.80921768883864,8490036,TechtronicIndustries,Hongkong
90,2025-06-16,86.95291900634766,88.36956470522355,86.56211787958178,88.17416786879636,3493241,TechtronicIndustries,Hongkong
91,2025-06-17,86.61097717285156,87.34372654410426,84.90122863992859,84.90122863992859,4036109,TechtronicIndustries,Hongkong
92,2025-06-18,84.75466918945312,86.36671914320482,84.2173167202321,84.46156648734869,7848599,TechtronicIndustries,Hongkong
93,2025-06-19,83.38687133789062,85.14547269194044,82.80067337117788,84.7546715628281,4322551,TechtronicIndustries,Hongkong
94,2025-06-20,82.75182342529297,83.87537391687682,81.97022859273468,83.19147750664935,9318960,TechtronicIndustries,Hongkong
95,2025-06-23,81.92137908935547,81.92137908935547,79.72313095214247,81.7259822365014,8279211,TechtronicIndustries,Hongkong
96,2025-06-24,85.04777526855469,86.07361985883078,83.53342367073691,83.82652638447959,4843004,TechtronicIndustries,Hongkong
97,2025-06-25,84.9012222290039,85.7316699629338,84.11961997712196,85.7316699629338,10476610,TechtronicIndustries,Hongkong
98,2025-06-26,84.55927276611328,84.90122095094732,83.28917098940241,83.28917098940241,3457262,TechtronicIndustries,Hongkong
99,2025-06-27,84.9989242553711,85.53627675809047,84.31502784637536,84.65697605087323,2506404,TechtronicIndustries,Hongkong
100,2025-06-30,84.31503295898438,84.9500764684539,84.02193022083516,84.80353255329156,5844449,TechtronicIndustries,Hongkong
101,2025-07-02,85.4874267578125,86.26902906973447,84.21732486441731,86.26902906973447,9530064,TechtronicIndustries,Hongkong
102,2025-07-03,86.51327514648438,88.12531773301185,85.87822422704932,86.07362106968544,6283762,TechtronicIndustries,Hongkong
103,2025-07-04,83.82653045654297,86.36672676803263,83.67997909255256,85.97592561536221,7928159,TechtronicIndustries,Hongkong
104,2025-07-07,83.24031829833984,84.16847189293915,82.11677532400547,83.3380241690745,3567771,TechtronicIndustries,Hongkong
105,2025-07-08,84.51042175292969,84.70581859044698,83.14262152857394,83.38687130242634,2707719,TechtronicIndustries,Hongkong
106,2025-07-09,83.582275390625,86.07361860551482,83.24031974493386,84.6081199659638,3139370,TechtronicIndustries,Hongkong
107,2025-07-10,84.9500732421875,85.3408743935737,83.82653018108114,84.07077996895852,4056629,TechtronicIndustries,Hongkong
108,2025-07-11,86.12247467041016,87.88106862941112,83.48457255104101,83.48457255104101,7309701,TechtronicIndustries,Hongkong
109,2025-07-14,84.9989242553711,85.58512224221198,84.31502784637536,85.48742382005713,2253824,TechtronicIndustries,Hongkong
110,2025-07-15,88.32071685791016,89.24886298695151,85.34086673176887,85.73166784806939,6784942,TechtronicIndustries,Hongkong
111,2025-07-16,88.27186584472656,89.59081311878032,88.07646900927841,88.5161156159925,3737937,TechtronicIndustries,Hongkong
112,2025-07-17,88.85806274414062,89.49311363263273,87.53911548583328,88.27186479088307,4266660,TechtronicIndustries,Hongkong
113,2025-07-18,89.78622436523438,90.47012079620619,89.24887184524792,89.54197457504273,4153422,TechtronicIndustries,Hongkong
114,2025-07-21,89.49311828613281,91.83791767500028,89.39541986449495,91.44711653453707,2832752,TechtronicIndustries,Hongkong
115,2025-07-22,92.03331756591797,92.7172214478537,88.90692324650672,88.90692324650672,5150756,TechtronicIndustries,Hongkong
116,2025-07-23,92.86376953125,94.72006189999226,92.47296839165256,94.72006189999226,5858204,TechtronicIndustries,Hongkong
117,2025-07-24,94.37811279296875,95.11086212746991,93.74306187895206,94.76891392881838,6010629,TechtronicIndustries,Hongkong
118,2025-07-25,93.49880981445312,94.5735147752377,93.01031027006431,93.01031027006431,4015235,TechtronicIndustries,Hongkong
119,2025-07-28,93.35226440429688,94.03616077381461,92.76605899738294,94.03616077381461,3176565,TechtronicIndustries,Hongkong
120,2025-07-29,97.0160140991211,97.0160140991211,92.81491496644372,92.81491496644372,4635406,TechtronicIndustries,Hongkong
121,2025-07-30,93.01030731201172,95.4528049562758,92.76605754758532,95.4528049562758,5628429,TechtronicIndustries,Hongkong
122,2025-07-31,92.13101959228516,92.96146734984971,91.49596867629637,92.22871801307303,3949146,TechtronicIndustries,Hongkong
123,2025-08-01,92.52181243896484,93.64536290264695,92.08216582243828,92.13101875934642,3581218,TechtronicIndustries,Hongkong
124,2025-08-04,92.66836547851562,93.30341640029475,92.0333145567365,92.81491683798954,3261158,TechtronicIndustries,Hongkong
125,2025-08-05,92.326416015625,94.47581107886853,91.69136510251296,94.47581107886853,2788871,TechtronicIndustries,Hongkong
126,2025-08-06,93.01030731201172,93.05916024646152,91.15401506550003,92.37526388763207,4226801,TechtronicIndustries,Hongkong
127,2025-08-07,92.66836547851562,94.67121666553169,91.34941815107392,93.44996775976867,3411007,TechtronicIndustries,Hongkong
128,2025-08-08,92.03331756591797,93.2057210261312,91.64252386642558,92.7172214478537,2470323,TechtronicIndustries,Hongkong
129,2025-08-11,96.03900909423828,96.72290544409672,93.49880561439569,93.59651148201363,4805064,TechtronicIndustries,Hongkong
130,2025-08-12,96.4786605834961,96.72291035712519,95.599359907649,96.08785945490722,3934384,TechtronicIndustries,Hongkong
131,2025-08-13,100.82630157470703,100.92400744535192,96.33210731976403,96.47865867181996,8105058,TechtronicIndustries,Hongkong
132,2025-08-14,100.04470825195312,101.60790530431412,99.653907125385,101.60790530431412,3998932,TechtronicIndustries,Hongkong
133,2025-08-15,100.63091278076172,100.72861120530045,99.45851677847298,100.04471477961735,3311000,TechtronicIndustries,Hongkong
134,2025-08-18,99.26310729980469,102.38950889941424,99.16540888036006,102.09640618716872,4986929,TechtronicIndustries,Hongkong
135,2025-08-19,98.2861099243164,99.36080746491187,97.50451510111594,99.26310904375079,3243695,TechtronicIndustries,Hongkong
136,2025-08-20,98.2861099243164,99.16541062258969,96.91830966632592,97.79761036459921,2174576,TechtronicIndustries,Hongkong
137,2025-08-21,97.99301147460938,99.26310581623017,96.62521126109266,98.28610672856271,3736842,TechtronicIndustries,Hongkong
138,2025-08-22,97.26026153564453,98.18840768141673,96.13671110124405,97.99301084669989,3733066,TechtronicIndustries,Hongkong
139,2025-08-25,101.41251373291016,102.09641014947586,98.48151631235103,98.67691315882355,5086390,TechtronicIndustries,Hongkong
140,2025-08-26,100.53321075439453,101.21710715557549,99.6539100572249,100.63090917543299,4961558,TechtronicIndustries,Hongkong
141,2025-08-27,98.67691040039062,100.63090862614094,98.18841084395305,100.33780591071371,5077909,TechtronicIndustries,Hongkong
142,2025-08-28,97.65105438232422,98.7746048072583,96.57635689261348,97.69990731754756,3378563,TechtronicIndustries,Hongkong
143,2025-08-29,98.09071350097656,99.26310946774088,97.7976107823296,98.28611034413336,3686542,TechtronicIndustries,Hongkong
144,2025-09-01,97.4556655883789,99.55621525976295,97.06486443608922,99.16541410747327,1715015,TechtronicIndustries,Hongkong
145,2025-09-02,95.32845306396484,97.45565932024984,95.13057657205641,97.01043343920372,3268397,TechtronicIndustries,Hongkong
146,2025-09-03,94.68534851074219,96.41679433287125,93.94330030125829,95.3284584686625,2470444,TechtronicIndustries,Hongkong
147,2025-09-04,94.28959655761719,96.21891890442218,93.79489774576926,95.08111012747098,2092618,TechtronicIndustries,Hongkong
148,2025-09-05,95.67474365234375,95.72421655110014,93.6959484781608,94.28959306921932,3809667,TechtronicIndustries,Hongkong
149,2025-09-08,95.5758056640625,97.05990204874827,94.93269572099776,96.36732675529673,4343852,TechtronicIndustries,Hongkong
150,2025-09-09,95.62527465820312,97.25778212439677,95.13057588350834,95.62527465820312,3272582,TechtronicIndustries,Hongkong
151,2025-09-10,95.5758056640625,96.2683885060186,94.83375747171962,95.62527856295385,2749717,TechtronicIndustries,Hongkong
152,2025-09-11,97.40618896484375,97.95036065454859,93.69594803095933,94.83375676038479,6015891,TechtronicIndustries,Hongkong
153,2025-09-12,98.09877014160156,99.83021588144852,97.45566021424325,99.83021588144852,4016569,TechtronicIndustries,Hongkong
154,2025-09-15,96.66413879394531,97.80194750001618,96.4167894034301,97.45565986299576,2273634,TechtronicIndustries,Hongkong
155,2025-09-16,97.35672760009766,97.60407700581513,95.67474711211597,97.5546041052697,2661681,TechtronicIndustries,Hongkong
156,2025-09-17,99.73127746582031,101.21537381174916,96.36732423868072,97.35672180263329,4741929,TechtronicIndustries,Hongkong
157,2025-09-18,100.42385864257812,101.4132562646725,99.33552276797529,99.92915983153094,4594834,TechtronicIndustries,Hongkong
158,2025-09-19,103.19416809082031,104.3814421383956,101.31431122507252,101.61112596271418,7862858,TechtronicIndustries,Hongkong
159,2025-09-22,99.0386962890625,100.72067670485748,98.04929870865527,99.4344568309263,5114601,TechtronicIndustries,Hongkong
160,2025-09-23,98.44506072998047,100.52279417035955,97.65353963435768,100.52279417035955,2747385,TechtronicIndustries,Hongkong
161,2025-09-24,98.14823913574219,99.53339728876169,97.95036263466997,98.34612318531906,3105751,TechtronicIndustries,Hongkong
162,2025-09-25,96.91149139404297,99.33552003047538,96.2189160970649,98.24718418586502,4705185,TechtronicIndustries,Hongkong
163,2025-09-26,95.08110809326172,96.21891684587011,93.84436109010143,96.21891684587011,5849884,TechtronicIndustries,Hongkong
164,2025-09-29,97.25778198242188,98.24717953036715,95.47686337671868,96.96095969863659,3726138,TechtronicIndustries,Hongkong
165,2025-09-30,98.4945297241211,100.42385193901573,97.75248155708404,98.34611858101283,6657130,TechtronicIndustries,Hongkong
166,2025-10-02,96.36732482910156,96.9609618614093,95.13057786658358,95.97156429139493,5841036,TechtronicIndustries,Hongkong
167,2025-10-03,95.9220962524414,97.158843277607,95.27899383815914,95.9220962524414,3477648,TechtronicIndustries,Hongkong
168,2025-10-06,93.15178680419922,96.07050674410449,92.9044374008681,95.72421908914188,3805176,TechtronicIndustries,Hongkong
169,2025-10-08,93.74542236328125,93.74542236328125,92.01397656765337,93.34966181457968,3836857,TechtronicIndustries,Hongkong
170,2025-10-09,93.89382934570312,94.63587751089808,92.70654775228861,93.89382934570312,3669223,TechtronicIndustries,Hongkong
171,2025-10-10,93.74542236328125,93.74542236328125,91.81610006755488,91.81610006755488,4993782,TechtronicIndustries,Hongkong
172,2025-10-13,90.87616729736328,91.42033899225652,89.39207090965947,91.42033899225652,3760581,TechtronicIndustries,Hongkong
173,2025-10-14,88.15532684326172,91.22245796985912,88.15532684326172,90.33200614651184,5912392,TechtronicIndustries,Hongkong
174,2025-10-15,91.17298889160156,91.56874943497321,88.55108378383188,88.55108378383188,7273724,TechtronicIndustries,Hongkong
175,2025-10-16,91.07405090332031,92.21185208957378,90.62881746006481,91.51927679807127,4725499,TechtronicIndustries,Hongkong
176,2025-10-17,88.55108642578125,91.22245696335823,87.7100999638407,90.1835939980804,4973221,TechtronicIndustries,Hongkong
177,2025-10-20,92.36026000976562,92.4591982553079,90.97510192666088,91.32139710881528,3026228,TechtronicIndustries,Hongkong
178,2025-10-21,95.77368927001953,96.21891516397287,93.05284591062698,94.1411817446831,5139996,TechtronicIndustries,Hongkong
179,2025-10-22,94.88323211669922,96.02104087559773,94.53694446360089,95.97156797579596,6116214,TechtronicIndustries,Hongkong
180,2025-10-23,95.18004608154297,95.82315603111515,94.58640903136273,94.98216958098443,2004015,TechtronicIndustries,Hongkong
181,2025-10-24,98.04930114746094,98.54399994996932,95.72421828537246,95.97156768662666,5144223,TechtronicIndustries,Hongkong
182,2025-10-27,98.79134368896484,101.80900923070936,98.54399430188757,99.43445360506662,4931773,TechtronicIndustries,Hongkong
183,2025-10-28,98.14823913574219,99.92915783941078,97.50513673300516,98.93976023704037,4813030,TechtronicIndustries,Hongkong
184,2025-10-30,93.4980697631836,95.18004260195552,92.65708334379762,93.2507203722757,6575799,TechtronicIndustries,Hongkong
185,2025-10-31,89.8373031616211,93.3991329350919,89.8373031616211,92.50867360459807,4988262,TechtronicIndustries,Hongkong
186,2025-11-03,89.3920669555664,90.97510152272696,88.89736818154721,90.4309374004084,3800355,TechtronicIndustries,Hongkong
187,2025-11-04,87.61116027832031,88.84790727519946,87.31433797966747,88.84790727519946,4974121,TechtronicIndustries,Hongkong
188,2025-11-05,88.3037338256836,89.34260430185813,87.06698685333508,87.06698685333508,5883146,TechtronicIndustries,Hongkong
189,2025-11-06,90.52987670898438,91.07404838619966,86.42387532669022,86.42387532669022,5115444,TechtronicIndustries,Hongkong
190,2025-11-07,88.94684600830078,90.4804077636566,88.3037360567301,90.03518186176403,2885809,TechtronicIndustries,Hongkong
191,2025-11-10,89.98571014404297,90.23305954801066,88.45214836854616,89.04578542836767,1459106,TechtronicIndustries,Hongkong
192,2025-11-11,89.78783416748047,90.57935528422658,89.14472420368736,89.78783416748047,2270066,TechtronicIndustries,Hongkong
193,2025-11-12,88.55108642578125,90.23305934966234,87.56168881208536,89.7878334429011,4767743,TechtronicIndustries,Hongkong
194,2025-11-13,91.22245788574219,91.61821844492316,88.55108732115399,88.94684788033497,2848280,TechtronicIndustries,Hongkong
195,2025-11-14,89.29312896728516,89.93623888506063,88.79843019184312,88.84790308878904,2247127,TechtronicIndustries,Hongkong
196,2025-11-17,88.1058578491211,89.39207017884641,87.85850845319263,88.8479060369065,3128604,TechtronicIndustries,Hongkong
197,2025-11-18,85.53341674804688,87.6111576799868,84.93977971685165,87.56168478217702,4025987,TechtronicIndustries,Hongkong
198,2025-11-19,83.1093978881836,84.74190542783099,82.3178767936562,84.39561777966446,8930088,TechtronicIndustries,Hongkong
199,2025-11-20,87.56168365478516,87.56168365478516,83.60409343309996,84.64296388569404,8513028,TechtronicIndustries,Hongkong
200,2025-11-21,84.59349060058594,86.32493631463302,84.19773007053146,85.68182639685753,5066258,TechtronicIndustries,Hongkong
201,2025-11-24,86.7701644897461,87.06698678226925,84.49455459158492,85.73130156292397,5619493,TechtronicIndustries,Hongkong
202,2025-11-25,87.90797424316406,90.82670165882787,87.5616865968323,89.78783117132804,6855696,TechtronicIndustries,Hongkong
203,2025-11-26,89.04578399658203,90.18359274623928,88.84790749599148,89.63942104685832,4004578,TechtronicIndustries,Hongkong
204,2025-11-27,89.04578399658203,89.39207164686782,87.71009874633422,87.71009874633422,2790492,TechtronicIndustries,Hongkong
205,2025-11-28,90.13411712646484,90.77722705673112,89.04578130905506,89.04578130905506,2434227,TechtronicIndustries,Hongkong
206,2025-12-01,90.0351791381836,90.0351791381836,88.9468433176427,89.63941859930388,3249484,TechtronicIndustries,Hongkong
207,2025-12-02,91.02457427978516,91.02457427978516,89.73835444990824,89.88676559158701,2972108,TechtronicIndustries,Hongkong
208,2025-12-03,93.89382934570312,94.58640461381671,90.67828729652497,90.77722554218343,6437117,TechtronicIndustries,Hongkong
209,2025-12-04,94.09170532226562,94.19064356738284,92.60760899999487,93.79489058691402,3702803,TechtronicIndustries,Hongkong
210,2025-12-05,94.98217010498047,96.41679361320591,92.01397728919983,92.01397728919983,6207838,TechtronicIndustries,Hongkong
211,2025-12-08,92.80549621582031,95.03164077543589,92.36026277479449,95.03164077543589,3002225,TechtronicIndustries,Hongkong
212,2025-12-09,90.3814697265625,93.10231314089992,90.08465497410123,92.80549838843865,3127528,TechtronicIndustries,Hongkong
213,2025-12-10,90.08465576171875,90.52988166855565,89.1447234994451,90.1341211133091,3487492,TechtronicIndustries,Hongkong
214,2025-12-11,91.07405090332031,92.36026323732563,90.52987921106511,91.1235162535679,3109448,TechtronicIndustries,Hongkong
215,2025-12-12,93.05284881591797,93.8938352799229,90.62882012730991,91.86556714746563,3045795,TechtronicIndustries,Hongkong
216,2025-12-15,90.43093872070312,92.26132270159694,90.1341164325563,91.61821277628172,4291862,TechtronicIndustries,Hongkong
217,2025-12-16,90.67829132080078,91.0740518695027,89.09525667449779,91.0740518695027,2890454,TechtronicIndustries,Hongkong
218,2025-12-17,88.84790802001953,90.03518212757469,86.6217634069751,89.7878327261253,5782078,TechtronicIndustries,Hongkong
219,2025-12-18,90.2330551147461,90.2330551147461,87.26486241296492,87.85850699212466,3839500,TechtronicIndustries,Hongkong
220,2025-12-19,90.82669830322266,92.70654761343079,90.23305373315243,92.50867112241022,4167898,TechtronicIndustries,Hongkong
221,2025-12-22,89.88677215576172,90.876169774534,89.2931350941993,90.82670442269826,1732839,TechtronicIndustries,Hongkong
222,2025-12-23,90.72775268554688,90.77722558265032,89.44154039440481,89.63941688580996,2170675,TechtronicIndustries,Hongkong
223,2025-12-24,90.9256362915039,90.9256362915039,90.9256362915039,90.9256362915039,0,TechtronicIndustries,Hongkong
224,2025-12-29,90.13411712646484,93.15178273467347,90.03517887915567,90.8761653040403,1927319,TechtronicIndustries,Hongkong
225,2025-12-30,90.9256362915039,91.76662269871854,89.93623874219158,89.93623874219158,1739695,TechtronicIndustries,Hongkong
226,2025-12-31,88.99630737304688,88.99630737304688,88.99630737304688,88.99630737304688,0,TechtronicIndustries,Hongkong
227,2026-01-02,91.5687484741211,91.5687484741211,88.94684339386369,88.94684339386369,2101953,TechtronicIndustries,Hongkong
228,2026-01-05,90.87616729736328,94.04224412023419,90.43094140045397,94.04224412023419,4172437,TechtronicIndustries,Hongkong
229,2026-01-06,93.00337219238281,93.25072158651149,91.22245353525454,91.96450171764057,4517899,TechtronicIndustries,Hongkong
230,2026-01-07,94.78429412841797,95.47686943653498,93.10231366105494,94.8337594798522,3901258,TechtronicIndustries,Hongkong
231,2026-01-08,93.54754638671875,95.47686869324252,92.01397708260677,94.98216989172312,4236997,TechtronicIndustries,Hongkong
232,2026-01-09,95.4273910522461,96.02103562337703,93.99276761852298,95.03163806949784,3164359,TechtronicIndustries,Hongkong
233,2026-01-12,98.04930114746094,98.44506169916858,96.56520473993578,97.30725294369836,4925548,TechtronicIndustries,Hongkong
234,2026-01-13,98.39558410644531,100.52279036547318,97.99983112211817,99.73127684831456,5308806,TechtronicIndustries,Hongkong
235,2026-01-14,98.4945297241211,99.13763209674978,96.61467285792635,97.9503580488922,5459098,TechtronicIndustries,Hongkong
236,2026-01-15,97.4556655883789,98.14824090310759,96.8620285259679,97.95036439847219,2467291,TechtronicIndustries,Hongkong
237,2026-01-16,102.20477294921875,102.79840998702889,99.33551845988117,100.02809374590893,5903837,TechtronicIndustries,Hongkong
238,2026-01-19,101.1164321899414,101.80901504239588,99.33552103042564,101.01749393916353,4260796,TechtronicIndustries,Hongkong
239,2026-01-20,99.92915344238281,101.5121880268187,98.19770771442074,100.91855100121829,2795153,TechtronicIndustries,Hongkong
240,2026-01-21,100.2259750366211,100.42385152761864,99.33551573012362,99.9291527516205,2824461,TechtronicIndustries,Hongkong
241,2026-01-22,100.62173461914062,101.01749517560084,99.43446049826474,100.22598161118518,4296224,TechtronicIndustries,Hongkong
242,2026-01-23,101.01749420166016,102.10583006005419,100.52279539798062,101.71007705591433,3161326,TechtronicIndustries,Hongkong
243,2026-01-26,100.52279663085938,101.11643369285464,99.73128306436729,100.42385837861096,3785865,TechtronicIndustries,Hongkong
244,2026-01-27,103.4909896850586,103.78781199086997,100.72068087434,100.72068087434,5965854,TechtronicIndustries,Hongkong
245,2026-01-28,105.86553955078125,106.5581148275061,103.39204563604336,103.78780617210231,7540392,TechtronicIndustries,Hongkong
246,2026-01-29,105.07402038574219,105.56871917766848,102.89734872066832,102.89734872066832,7368724,TechtronicIndustries,Hongkong
247,2026-01-30,105.37084197998047,105.46978022800725,103.88674561406525,104.87614319134205,6732024,TechtronicIndustries,Hongkong
248,2026-02-02,104.3814468383789,105.56872093941358,102.69947393716234,105.3708444387427,8079087,TechtronicIndustries,Hongkong
249,2026-02-03,106.7560043334961,107.64646369807579,103.29311267563435,104.38144854411851,4610784,TechtronicIndustries,Hongkong
250,2026-02-04,112.39556121826172,112.98919824409586,106.85493639630245,107.54751166835824,10752504,TechtronicIndustries,Hongkong
251,2026-02-05,112.19768524169922,114.57224090445825,110.81252714271442,112.39556173505231,12294966,TechtronicIndustries,Hongkong
252,2026-02-06,110.91146850585938,111.10935255327713,109.42737211849685,110.31783146061528,7536440,TechtronicIndustries,Hongkong
253,2026-02-09,111.90086364746094,114.07754283037221,111.50510310979485,112.89026121737395,5470690,TechtronicIndustries,Hongkong
254,2026-02-10,113.08815002441406,114.47330064183966,110.81253249834964,111.80193010994205,11413239,TechtronicIndustries,Hongkong
255,2026-02-11,118.62876892089844,121.99272213366912,114.86905517453631,115.16587746185597,17598233,TechtronicIndustries,Hongkong
256,2026-02-12,118.82664489746094,119.42028192101817,117.63937085034647,118.62876840577663,7304388,TechtronicIndustries,Hongkong
257,2026-02-13,117.3425521850586,118.03513502433275,116.2542163502044,117.73831272914317,10171794,TechtronicIndustries,Hongkong
258,2026-02-16,119.71710968017578,119.71710968017578,119.71710968017578,119.71710968017578,0,TechtronicIndustries,Hongkong
259,2026-02-20,118.4308853149414,118.72770760335153,116.45209018821888,118.2330088216709,7418354,TechtronicIndustries,Hongkong
260,2026-02-23,122.58636474609375,124.46622170494034,121.39908309121475,121.49802889049984,11217670,TechtronicIndustries,Hongkong
261,2026-02-24,122.09166717529297,124.36727716021655,120.70650900488027,124.36727716021655,11147418,TechtronicIndustries,Hongkong
262,2026-02-25,122.09166717529297,122.9821265383086,120.31074844926168,122.68530423446848,6317893,TechtronicIndustries,Hongkong
263,2026-02-26,124.46621704101562,124.96091582488532,122.28953786288636,122.48742190553686,7253916,TechtronicIndustries,Hongkong
264,2026-02-27,126.24713134765625,126.74183769262383,124.66409670867557,124.66409670867557,9550326,TechtronicIndustries,Hongkong
265,2026-03-02,124.16939544677734,125.85136830195343,122.88317558211014,124.16939544677734,6768934,TechtronicIndustries,Hongkong
266,2026-03-03,122.19060516357422,127.63229203320708,121.3001458024788,127.63229203320708,8282197,TechtronicIndustries,Hongkong
267,2026-03-04,120.50862884521484,121.00332763760323,116.05633971371928,116.15527796249606,11354905,TechtronicIndustries,Hongkong
268,2026-03-05,120.21180725097656,124.86197290712693,119.22240966043356,123.67469881787713,11935137,TechtronicIndustries,Hongkong
269,2026-03-06,117.83724975585938,121.20120302293142,116.64997568442428,120.21180544723403,12219378,TechtronicIndustries,Hongkong
270,2026-03-09,112.6923828125,114.77011616439597,109.6252519074627,114.77011616439597,10629265,TechtronicIndustries,Hongkong
271,2026-03-10,116.15528106689453,118.82665159778584,115.36375995851687,116.84785637534642,8121407,TechtronicIndustries,Hongkong
272,2026-03-11,116.55104064941406,119.22241115803455,115.85845779823138,117.14467770149587,4485645,TechtronicIndustries,Hongkong
273,2026-03-12,114.07754516601562,116.5510391414409,111.80192768922254,116.5510391414409,6370064,TechtronicIndustries,Hongkong
274,2026-03-13,111.5051040649414,113.48389922171768,110.81252877947149,113.28602272544184,5121313,TechtronicIndustries,Hongkong
275,2026-03-16,110.11995697021484,110.81253227754763,107.64646294616244,107.64646294616244,5335847,TechtronicIndustries,Hongkong
276,2026-03-17,109.72419738769531,111.6040543723123,109.03161452572864,111.6040543723123,3837085,TechtronicIndustries,Hongkong
277,2026-03-18,110.2188949584961,110.71359376212624,107.8443391913705,107.8443391913705,4956456,TechtronicIndustries,Hongkong
278,2026-03-19,105.9644775390625,109.03160847615123,105.37084051067507,106.2612998275084,6557804,TechtronicIndustries,Hongkong
279,2026-03-20,106.06341552734375,108.43797118361354,105.37084025399622,106.65706010278946,5956470,TechtronicIndustries,Hongkong
280,2026-03-23,101.51219177246094,104.77720685649372,100.91855472495624,103.98568576081772,5570490,TechtronicIndustries,Hongkong
281,2026-03-24,104.48038482666016,104.57932307674744,102.00689083195464,103.98568602771905,3766438,TechtronicIndustries,Hongkong
282,2026-03-25,109.2294921875,109.72419096774365,107.54751180556897,108.63585516090848,6434096,TechtronicIndustries,Hongkong
283,2026-03-26,105.7666015625,108.73479426744292,105.3708410254734,108.24009548328577,4261403,TechtronicIndustries,Hongkong
284,2026-03-27,104.3814468383789,105.3708444387427,103.78780978786156,104.77720738822535,3708409,TechtronicIndustries,Hongkong
285,2026-03-30,101.31431579589844,103.29311099680073,99.23658234465195,100.3249181954473,8284889,TechtronicIndustries,Hongkong
286,2026-03-31,101.01749420166016,102.99628941637829,99.53339779062155,101.31431650326975,4378602,TechtronicIndustries,Hongkong
287,2026-04-01,106.45917510986328,107.15175792552434,102.6994689405054,102.6994689405054,7118086,TechtronicIndustries,Hongkong
288,2026-04-02,103.78781127929688,106.75600412304128,102.30371485742468,106.75600412304128,3791799,TechtronicIndustries,Hongkong
289,2026-04-08,111.01040649414062,114.67118210345821,109.82313240644574,113.18708571958733,9819474,TechtronicIndustries,Hongkong
290,2026-04-09,112.49449920654297,113.48389676349939,109.92206706815715,111.01040287110834,8611576,TechtronicIndustries,Hongkong
291,2026-04-10,112.98920440673828,113.58284901345523,108.33903864415366,113.18708845847884,4159462,TechtronicIndustries,Hongkong
292,2026-04-13,109.4273681640625,112.29662258564323,108.73479289438977,111.20828678394139,4543189,TechtronicIndustries,Hongkong
293,2026-04-14,111.1093521118164,111.80192740376535,108.73479639177005,111.80192740376535,4186971,TechtronicIndustries,Hongkong
294,2026-04-15,110.51570892333984,113.879662273733,110.31783242270097,113.28602522331177,4717969,TechtronicIndustries,Hongkong
295,2026-04-16,109.13055419921875,111.30722581803639,107.64645785497827,110.51570474837305,4071721,TechtronicIndustries,Hongkong
296,2026-04-17,108.0422134399414,109.52630981987744,107.3496381487064,109.13055682403146,3629724,TechtronicIndustries,Hongkong
297,2026-04-20,110.71359252929688,112.3955654235082,109.82313318297722,111.01040727906702,4859793,TechtronicIndustries,Hongkong
298,2026-04-21,113.58284759521484,113.97860059674497,111.50510659465846,111.50510659465846,6784029,TechtronicIndustries,Hongkong
299,2026-04-22,114.37435913085938,114.57224317664125,111.99980342100844,113.08814680154748,6320282,TechtronicIndustries,Hongkong
300,2026-04-23,110.2188949584961,114.2754236385623,109.427373853286,113.78072483493216,5501501,TechtronicIndustries,Hongkong
301,2026-04-24,112.09874725341797,112.3955619941318,109.5263075428718,110.21889036821284,3246359,TechtronicIndustries,Hongkong
302,2026-04-27,111.1093521118164,113.08814728710429,110.81252981612141,112.7913249914093,2998988,TechtronicIndustries,Hongkong
303,2026-04-28,108.53691101074219,111.10935074579346,107.94327397515514,111.10935074579346,4344497,TechtronicIndustries,Hongkong
304,2026-04-29,110.2188949584961,113.28602603130203,108.93267504965586,113.18708778027694,3881637,TechtronicIndustries,Hongkong
305,2026-04-30,110.71359252929688,111.30722957734177,109.22949613493232,110.21889373117536,6701944,TechtronicIndustries,Hongkong
306,2026-05-04,113.58284759521484,113.7807240959799,111.01040779424115,111.40616834427593,4849617,TechtronicIndustries,Hongkong
307,2026-05-05,109.52630615234375,113.58284216047109,108.0422098221033,113.58284216047109,4231251,TechtronicIndustries,Hongkong
308,2026-05-06,113.28602600097656,113.28602600097656,110.41677143098887,110.41677143098887,4380825,TechtronicIndustries,Hongkong
309,2026-05-07,124.9609146118164,125.55455163699638,114.37435621067236,116.74891185989654,13139824,TechtronicIndustries,Hongkong
310,2026-05-08,121.8937759399414,122.68529700453367,117.0457339519528,118.72770677858097,5884486,TechtronicIndustries,Hongkong
311,2026-05-11,120.6075668334961,122.58636199877576,118.52983341965336,120.0139297936131,8443683,TechtronicIndustries,Hongkong
312,2026-05-12,123.18000030517578,123.97152139882773,120.4096840258985,121.99272621320242,6668227,TechtronicIndustries,Hongkong
313,2026-05-13,123.18000030517578,123.37787680433647,118.82664938709917,120.90438282230483,4953999,TechtronicIndustries,Hongkong
314,2026-05-14,120.19999694824219,124.4000015258789,119.9000015258789,124.30000305175781,4665431,TechtronicIndustries,Hongkong
315,2026-05-15,118.0,123.0999984741211,117.5,122.5,5823789,TechtronicIndustries,Hongkong
316,2026-05-18,118.19999694824219,118.5999984741211,114.4000015258789,118.0,4631030,TechtronicIndustries,Hongkong
317,2026-05-19,117.69999694824219,118.4000015258789,115.5999984741211,118.19999694824219,6614072,TechtronicIndustries,Hongkong
318,2026-05-20,117.0,117.5999984741211,113.5999984741211,117.0999984741211,5911164,TechtronicIndustries,Hongkong
0,2025-02-03,37.079498291015625,37.222476174235396,36.41225726081012,36.698216663420745,8633008,CK_Hutchison_Holdings,Hongkong
1,2025-02-04,37.222476959228516,37.79439941268224,36.93651755058723,37.5084363678698,7802445,CK_Hutchison_Holdings,Hongkong
2,2025-02-05,36.69821548461914,37.31779720051617,36.50757467694537,37.222474978593795,7737619,CK_Hutchison_Holdings,Hongkong
3,2025-02-06,37.12715530395508,37.22247388691092,36.50757360622951,36.74587369978998,5783386,CK_Hutchison_Holdings,Hongkong
4,2025-02-07,37.222476959228516,37.46077707245811,37.03183614141061,37.174817663816825,6223466,CK_Hutchison_Holdings,Hongkong
5,2025-02-10,37.222476959228516,37.36545848163473,36.88885825517554,37.12715836840514,5516254,CK_Hutchison_Holdings,Hongkong
6,2025-02-11,37.03183364868164,37.22247445366692,36.84119647986728,37.22247445366692,5379071,CK_Hutchison_Holdings,Hongkong
7,2025-02-12,37.46077346801758,37.60375497666625,36.98417328741641,37.17481408689104,7265102,CK_Hutchison_Holdings,Hongkong
8,2025-02-13,37.603755950927734,37.98503392358457,37.270133634160736,37.55609665886699,8388177,CK_Hutchison_Holdings,Hongkong
9,2025-02-14,37.603755950927734,38.080356143876955,37.41311514651386,37.937374631523824,6494095,CK_Hutchison_Holdings,Hongkong
10,2025-02-17,37.603755950927734,37.746733827109956,37.127155757978514,37.508433730635346,6854019,CK_Hutchison_Holdings,Hongkong
11,2025-02-18,37.65141677856445,37.65141677856445,37.17481656617756,37.50843526037996,7444959,CK_Hutchison_Holdings,Hongkong
12,2025-02-19,37.46077346801758,37.5560956858403,37.17481408689104,37.36545488636567,4250874,CK_Hutchison_Holdings,Hongkong
13,2025-02-20,37.794395446777344,37.93737331800921,37.31779527032956,37.460773141561425,6837096,CK_Hutchison_Holdings,Hongkong
14,2025-02-21,37.55609893798828,37.98503622873625,37.22247660097515,37.79439904892432,16634720,CK_Hutchison_Holdings,Hongkong
15,2025-02-24,37.88971710205078,38.36631731717092,37.27013536792617,37.317798298375045,9765737,CK_Hutchison_Holdings,Hongkong
16,2025-02-25,37.55609893798828,37.889717638830284,37.50843600686417,37.60375823294126,8472915,CK_Hutchison_Holdings,Hongkong
17,2025-02-26,37.98503494262695,38.08035716547659,37.603756959741396,37.69907554642003,8403775,CK_Hutchison_Holdings,Hongkong
18,2025-02-27,37.699073791503906,37.88971459215774,37.55609591814166,37.60375520926241,9317106,CK_Hutchison_Holdings,Hongkong
19,2025-02-28,37.03183364868164,37.69907464804466,37.03183364868164,37.69907464804466,16506111,CK_Hutchison_Holdings,Hongkong
20,2025-03-03,37.31779861450195,37.6990766081253,37.079498504923194,37.222476388967785,8207200,CK_Hutchison_Holdings,Hongkong
21,2025-03-04,36.8411979675293,37.174816662596996,36.69821644897396,37.07949807434082,13533894,CK_Hutchison_Holdings,Hongkong
22,2025-03-05,44.89573669433594,45.944259299895904,42.32209856289534,42.32209856289534,114869859,CK_Hutchison_Holdings,Hongkong
23,2025-03-06,49.137481689453125,50.47196375271618,45.61063935326172,46.182561795876346,88510645,CK_Hutchison_Holdings,Hongkong
24,2025-03-07,47.18341827392578,48.75620033752497,47.0880996914771,48.4225780266129,45375844,CK_Hutchison_Holdings,Hongkong
25,2025-03-10,47.27873611450195,47.99363638016179,46.6114987754894,46.7544766469189,21844267,CK_Hutchison_Holdings,Hongkong
26,2025-03-11,47.61235809326172,47.89831747032803,46.659157745593504,46.70681703574276,17670627,CK_Hutchison_Holdings,Hongkong
27,2025-03-12,47.040435791015625,47.517035965741904,46.8974579203002,47.23107658814029,12772119,CK_Hutchison_Holdings,Hongkong
28,2025-03-13,47.08810043334961,47.51703769729744,46.754478117181314,47.231078309275254,9349981,CK_Hutchison_Holdings,Hongkong
29,2025-03-14,44.08551788330078,45.419999879101496,43.89487707873341,44.1331771753999,60852631,CK_Hutchison_Holdings,Hongkong
30,2025-03-17,44.37147521972656,44.70509752133097,43.036996921821164,43.751897178753936,37913568,CK_Hutchison_Holdings,Hongkong
31,2025-03-18,43.132320404052734,45.086380601201,42.17911995313444,44.37148026301228,61880210,CK_Hutchison_Holdings,Hongkong
32,2025-03-19,43.656578063964844,43.70423735724505,42.17911815525235,43.08465927226033,36711320,CK_Hutchison_Holdings,Hongkong
33,2025-03-20,42.75103759765625,43.656578728447165,42.512737491457116,43.37061932824242,21874483,CK_Hutchison_Holdings,Hongkong
34,2025-03-21,41.22591781616211,42.608059140701165,40.89229912645347,41.60719943540426,35559945,CK_Hutchison_Holdings,Hongkong
35,2025-03-24,42.94167709350586,43.37061799874966,41.51187650014049,41.89315811283963,22572013,CK_Hutchison_Holdings,Hongkong
36,2025-03-25,42.94167709350586,43.56125880509923,42.75103628715629,43.08465860731077,15322855,CK_Hutchison_Holdings,Hongkong
37,2025-03-26,43.17997741699219,44.60977801779439,42.560399338347146,42.94167731685849,32846174,CK_Hutchison_Holdings,Hongkong
38,2025-03-27,43.56126022338867,44.75276075665329,43.13231930417919,43.46593799902487,27415537,CK_Hutchison_Holdings,Hongkong
39,2025-03-28,43.0369987487793,43.75189903606021,42.70337643301233,43.75189903606021,13117045,CK_Hutchison_Holdings,Hongkong
40,2025-03-31,41.7025146484375,42.03613331115671,41.035273686828354,41.082932976335286,21554922,CK_Hutchison_Holdings,Hongkong
41,2025-04-01,42.41741943359375,42.655719542771244,41.60720051685871,41.94081921523876,9285665,CK_Hutchison_Holdings,Hongkong
42,2025-04-02,42.226776123046875,42.512735509922955,41.750175932863115,42.226776123046875,8963233,CK_Hutchison_Holdings,Hongkong
43,2025-04-03,41.79783630371094,41.89315852591108,41.08293599997925,41.46421761643788,13378055,CK_Hutchison_Holdings,Hongkong
44,2025-04-07,38.31865692138672,39.74845752564614,38.08035682067681,39.31951661713412,33409538,CK_Hutchison_Holdings,Hongkong
45,2025-04-08,37.31779861450195,39.12887726559785,36.936516984707495,38.31865834749851,29235005,CK_Hutchison_Holdings,Hongkong
46,2025-04-09,36.79353332519531,36.98417412900806,35.69735506657108,36.31693313374889,25419079,CK_Hutchison_Holdings,Hongkong
47,2025-04-10,37.65141677856445,38.2233355789603,36.984175753988595,37.8897168847579,14625956,CK_Hutchison_Holdings,Hongkong
48,2025-04-11,37.937374114990234,38.223333499632126,37.17481454388824,37.65141473034834,13729804,CK_Hutchison_Holdings,Hongkong
49,2025-04-14,39.17653274536133,39.367173541694406,38.22333239986669,38.509295412451685,12516935,CK_Hutchison_Holdings,Hongkong
50,2025-04-15,39.89143753051758,40.5110192798544,39.65313741710667,40.225059870995544,13397056,CK_Hutchison_Holdings,Hongkong
51,2025-04-16,39.9390983581543,40.51101714574346,39.51015744937693,39.986757651091565,9555216,CK_Hutchison_Holdings,Hongkong
52,2025-04-17,40.177398681640625,40.60633595662382,39.84377635688915,39.986757872664214,7401147,CK_Hutchison_Holdings,Hongkong
53,2025-04-22,41.27357482910156,41.464215628189464,40.225055888374285,40.272715179103564,10434592,CK_Hutchison_Holdings,Hongkong
54,2025-04-23,41.46421813964844,42.226777746016964,41.36889955241651,41.89315905453418,9974373,CK_Hutchison_Holdings,Hongkong
55,2025-04-24,40.93995666503906,41.607197652027914,40.796975154909006,41.08293453899827,7491657,CK_Hutchison_Holdings,Hongkong
56,2025-04-25,41.22591781616211,42.03613671183793,41.17825852279959,41.321236402887145,6170961,CK_Hutchison_Holdings,Hongkong
57,2025-04-28,40.98761749267578,41.32123618058963,40.84463597718642,41.0352767857819,6069209,CK_Hutchison_Holdings,Hongkong
58,2025-04-29,41.368896484375,42.13145603418982,41.27357426804142,41.368896484375,7405163,CK_Hutchison_Holdings,Hongkong
59,2025-04-30,41.75017547607422,41.94081627729609,41.130597417316665,41.41655680106406,7037177,CK_Hutchison_Holdings,Hongkong
60,2025-05-02,41.75017547607422,42.083797787255214,41.3212345823677,41.51187538358958,7583238,CK_Hutchison_Holdings,Hongkong
61,2025-05-06,41.893157958984375,42.27443593411231,41.41655776294626,41.75017644570457,8666821,CK_Hutchison_Holdings,Hongkong
62,2025-05-07,42.51273727416992,42.75103737915108,42.22677787542674,42.417418686645874,10621902,CK_Hutchison_Holdings,Hongkong
63,2025-05-08,42.083797454833984,42.46507541809517,41.94081594600428,42.417416127208874,6271348,CK_Hutchison_Holdings,Hongkong
64,2025-05-09,42.51273727416992,42.56040020410298,41.75017766546443,42.08379999414067,6169170,CK_Hutchison_Holdings,Hongkong
65,2025-05-12,43.084659576416016,43.370618974287005,42.65571866152403,42.94167805939502,10416982,CK_Hutchison_Holdings,Hongkong
66,2025-05-13,42.70337677001953,43.08465838071338,42.51273596467261,42.941676867660455,6820460,CK_Hutchison_Holdings,Hongkong
67,2025-05-14,43.227638244628906,43.46593835322371,42.703378732954555,43.17997895014417,11112751,CK_Hutchison_Holdings,Hongkong
68,2025-05-15,43.3706169128418,43.41827620419317,42.798698144283655,43.132316819914095,8291020,CK_Hutchison_Holdings,Hongkong
69,2025-05-16,43.132320404052734,43.132320404052734,42.4650793611757,43.084661108741045,5839708,CK_Hutchison_Holdings,Hongkong
70,2025-05-19,43.17997741699219,43.22763670978474,42.8463587312734,43.13231812419964,6204458,CK_Hutchison_Holdings,Hongkong
71,2025-05-20,43.418277740478516,43.465937033516234,42.98933683079711,43.32295915440309,7828719,CK_Hutchison_Holdings,Hongkong
72,2025-05-21,43.275299072265625,43.51359916927993,43.08465826742,43.3229583644343,6786293,CK_Hutchison_Holdings,Hongkong
73,2025-05-22,42.98933792114258,43.27530095896377,42.65571922524595,43.27530095896377,6684328,CK_Hutchison_Holdings,Hongkong
74,2025-05-23,42.98933792114258,43.084660145806666,42.846360038403056,42.94167862689607,5272067,CK_Hutchison_Holdings,Hongkong
75,2025-05-26,42.798702239990234,43.037002355722535,42.60806142017015,43.037002355722535,8538812,CK_Hutchison_Holdings,Hongkong
76,2025-05-27,42.565895080566406,43.10844917074576,42.36860165784872,42.91115574802807,8958910,CK_Hutchison_Holdings,Hongkong
77,2025-05-28,42.96047592163086,43.0097983339723,42.516566684440235,42.81250868460655,4916048,CK_Hutchison_Holdings,Hongkong
78,2025-05-29,42.96047592163086,43.25641415873832,42.467244272098796,42.86183109694799,4532707,CK_Hutchison_Holdings,Hongkong
79,2025-05-30,43.5523567199707,43.5523567199707,42.46724481918584,42.664538234152076,14952637,CK_Hutchison_Holdings,Hongkong
80,2025-06-02,43.30574035644531,43.552356181338375,42.66453770649981,43.355062768812154,5170410,CK_Hutchison_Holdings,Hongkong
81,2025-06-03,45.18001937866211,45.722573452954265,43.355063738845146,43.355063738845146,18222350,CK_Hutchison_Holdings,Hongkong
82,2025-06-04,44.34152603149414,45.278666917919885,44.19355503145787,45.130695917883614,7961576,CK_Hutchison_Holdings,Hongkong
83,2025-06-05,45.03205108642578,45.18001832338084,44.63746426176126,44.68678667407961,5753585,CK_Hutchison_Holdings,Hongkong
84,2025-06-06,45.27866744995117,45.623928103347545,44.98272544640126,45.426634688667235,7030219,CK_Hutchison_Holdings,Hongkong
85,2025-06-09,45.475955963134766,45.673249372876064,45.229340141722844,45.37731113979352,6959874,CK_Hutchison_Holdings,Hongkong
86,2025-06-10,45.4266357421875,45.6732515754926,45.1800199088824,45.32799091408905,5761919,CK_Hutchison_Holdings,Hongkong
87,2025-06-11,45.77190017700195,46.06783842442321,45.32799092434058,45.62392917176184,7677419,CK_Hutchison_Holdings,Hongkong
88,2025-06-12,46.4130973815918,46.610390793647575,45.62392749642752,45.67324990867676,8200361,CK_Hutchison_Holdings,Hongkong
89,2025-06-13,46.75836181640625,47.350238289805276,45.91986575552231,46.906329053226585,13522804,CK_Hutchison_Holdings,Hongkong
90,2025-06-16,47.54753112792969,47.744824537700445,46.95565089861742,47.00497707335421,9179673,CK_Hutchison_Holdings,Hongkong
91,2025-06-17,47.74482727050781,48.090087935074486,47.251595599378845,47.59685626394552,6835961,CK_Hutchison_Holdings,Hongkong
92,2025-06-18,48.583316802978516,48.583316802978516,47.646175929294074,47.84346933897377,11783818,CK_Hutchison_Holdings,Hongkong
93,2025-06-19,47.05430221557617,48.43534863799548,46.75836396527625,48.33670380891518,9425897,CK_Hutchison_Holdings,Hongkong
94,2025-06-20,46.75836181640625,47.300915877531835,46.561068404253625,47.300915877531835,8420530,CK_Hutchison_Holdings,Hongkong
95,2025-06-23,47.74482727050781,47.84347209951,46.01851642155642,46.1664836650597,6798115,CK_Hutchison_Holdings,Hongkong
96,2025-06-24,48.1887321472168,48.53399657042279,47.84347148706978,48.04076490560763,7344963,CK_Hutchison_Holdings,Hongkong
97,2025-06-25,48.386024475097656,48.435346887855616,47.942115234158265,48.04076382273307,8633111,CK_Hutchison_Holdings,Hongkong
98,2025-06-26,48.336700439453125,48.58331625802177,48.139407031986465,48.336700439453125,6319591,CK_Hutchison_Holdings,Hongkong
99,2025-06-27,48.04076385498047,48.82993374881418,47.646177026534176,48.1394086805626,7241287,CK_Hutchison_Holdings,Hongkong
100,2025-06-30,47.646175384521484,48.139407021551854,47.49820815124763,47.892791203036666,7020252,CK_Hutchison_Holdings,Hongkong
101,2025-07-02,48.583316802978516,48.68196162628897,47.94211416228421,48.13940757196391,9890994,CK_Hutchison_Holdings,Hongkong
102,2025-07-03,48.73128890991211,49.2738429765833,48.4846730829653,48.780611322689694,5601332,CK_Hutchison_Holdings,Hongkong
103,2025-07-04,47.942115783691406,48.533996032747936,47.49821030072267,48.533996032747936,4618833,CK_Hutchison_Holdings,Hongkong
104,2025-07-07,47.35023880004883,47.892792867020944,47.20226779857512,47.843470454216,4135389,CK_Hutchison_Holdings,Hongkong
105,2025-07-08,47.202266693115234,47.79414692208955,46.9556508718073,47.35023769112351,5802719,CK_Hutchison_Holdings,Hongkong
106,2025-07-09,47.10362243652344,47.202267261009894,46.56106837573022,47.202267261009894,7381305,CK_Hutchison_Holdings,Hongkong
107,2025-07-10,47.3009147644043,47.350237175517044,46.65971213076234,47.10362135689456,4935023,CK_Hutchison_Holdings,Hongkong
108,2025-07-11,47.35023880004883,47.843470454216,47.30091638724389,47.30091638724389,5648600,CK_Hutchison_Holdings,Hongkong
109,2025-07-14,47.35023880004883,47.596854627132416,46.955651971491534,47.35023880004883,3787712,CK_Hutchison_Holdings,Hongkong
110,2025-07-15,47.49821090698242,47.744826739805674,47.152946483194484,47.59685573488814,5805070,CK_Hutchison_Holdings,Hongkong
111,2025-07-16,47.646175384521484,48.040762199369276,47.49820815124763,47.843468791945384,5204115,CK_Hutchison_Holdings,Hongkong
112,2025-07-17,47.892791748046875,48.23805615573242,47.794146924741746,47.892791748046875,3950003,CK_Hutchison_Holdings,Hongkong
113,2025-07-18,48.28738021850586,48.336702631844936,47.64617755592108,48.23805780516678,6531211,CK_Hutchison_Holdings,Hongkong
114,2025-07-21,48.583316802978516,48.829932624313436,48.3367009816436,48.829932624313436,4685926,CK_Hutchison_Holdings,Hongkong
115,2025-07-22,50.01369094848633,50.30962919111641,48.58331838553888,48.58331838553888,12207936,CK_Hutchison_Holdings,Hongkong
116,2025-07-23,50.161659240722656,50.506923666917565,49.71775374899334,50.30963024667176,7781937,CK_Hutchison_Holdings,Hongkong
117,2025-07-24,51.5920295715332,52.08526121899157,49.915041217562994,50.16165704129217,15539181,CK_Hutchison_Holdings,Hongkong
118,2025-07-25,52.726463317871094,53.07172396227977,51.049474981331535,51.24676839087597,14723318,CK_Hutchison_Holdings,Hongkong
119,2025-07-28,52.282554626464844,53.860894392983646,51.88796780330573,53.219695509173626,14418595,CK_Hutchison_Holdings,Hongkong
120,2025-07-29,52.578495025634766,52.67714361701284,51.34541585635131,52.18391194929945,10042264,CK_Hutchison_Holdings,Hongkong
121,2025-07-30,51.838645935058594,52.430526176007184,51.64135252140906,52.430526176007184,5792598,CK_Hutchison_Holdings,Hongkong
122,2025-07-31,50.70421600341797,51.740001733745956,50.60556741387407,51.740001733745956,9931266,CK_Hutchison_Holdings,Hongkong
123,2025-08-01,49.81639862060547,50.55624612487188,49.71775379192688,50.50692371053259,10883869,CK_Hutchison_Holdings,Hongkong
124,2025-08-04,49.717750549316406,50.01368877910997,48.82993209687696,49.421808556464086,8771341,CK_Hutchison_Holdings,Hongkong
125,2025-08-05,50.21098327636719,50.40827292513875,49.42180962904556,49.520458216490184,4785116,CK_Hutchison_Holdings,Hongkong
126,2025-08-06,49.421810150146484,50.161657630017295,49.28370588932669,49.964367979165516,6470487,CK_Hutchison_Holdings,Hongkong
127,2025-08-07,50.45759963989258,50.70421546655274,49.47113633325193,49.66842598413296,5130774,CK_Hutchison_Holdings,Hongkong
128,2025-08-08,50.753536224365234,51.09879686520808,50.16165600184481,50.65488763908245,9077453,CK_Hutchison_Holdings,Hongkong
129,2025-08-11,50.65488815307617,51.19744596998991,50.5562433298512,51.19744596998991,4455029,CK_Hutchison_Holdings,Hongkong
130,2025-08-12,50.605567932128906,50.852183763925886,50.16165868228255,50.30962968658432,5117801,CK_Hutchison_Holdings,Hongkong
131,2025-08-13,51.493385314941406,51.641352552974844,50.70421542291977,50.8028602482754,8570480,CK_Hutchison_Holdings,Hongkong
132,2025-08-14,51.29609298706055,52.23323390001287,51.04947715539199,51.88796947784151,5405091,CK_Hutchison_Holdings,Hongkong
133,2025-08-15,50.753536224365234,52.57849177692101,50.16165600184481,50.80285863547725,13252374,CK_Hutchison_Holdings,Hongkong
134,2025-08-18,50.45759963989258,51.78932359863389,50.45759963989258,50.70421546655274,7027308,CK_Hutchison_Holdings,Hongkong
135,2025-08-19,50.802860260009766,51.00015367382546,50.45759960812645,50.85218267269897,4776851,CK_Hutchison_Holdings,Hongkong
136,2025-08-20,50.556243896484375,51.09879795642024,50.45759907215379,50.80285972036966,5834460,CK_Hutchison_Holdings,Hongkong
137,2025-08-21,51.09879684448242,51.39473507409323,50.50692038526082,50.60556520744483,7001601,CK_Hutchison_Holdings,Hongkong
138,2025-08-22,51.09879684448242,51.64135089261202,50.704213792687604,51.44406124824399,3978770,CK_Hutchison_Holdings,Hongkong
139,2025-08-25,51.54270935058594,51.887970013261,51.19744868791087,51.29609351637261,4997070,CK_Hutchison_Holdings,Hongkong
140,2025-08-26,50.65488815307617,51.59202902594859,50.65488815307617,51.542706614336105,7262757,CK_Hutchison_Holdings,Hongkong
141,2025-08-27,50.45759963989258,51.04947611865341,50.26030622595267,51.04947611865341,6706410,CK_Hutchison_Holdings,Hongkong
142,2025-08-28,50.802860260009766,51.049476086514666,50.30962860699996,50.70421543463135,5688557,CK_Hutchison_Holdings,Hongkong
143,2025-08-29,50.65488815307617,51.14811979531863,50.65488815307617,50.80285915097243,4596373,CK_Hutchison_Holdings,Hongkong
144,2025-09-01,51.000152587890625,51.54270664203715,50.753536766636856,51.296090820783384,3406242,CK_Hutchison_Holdings,Hongkong
145,2025-09-02,51.049476623535156,51.789324110832766,50.950831797119044,51.098799036743216,4705757,CK_Hutchison_Holdings,Hongkong
146,2025-09-03,50.309627532958984,51.19744599464648,50.112334123355225,51.04947499667897,5221041,CK_Hutchison_Holdings,Hongkong
147,2025-09-04,49.9643669128418,50.50692096722293,49.66842491676227,50.309627557522845,5020576,CK_Hutchison_Holdings,Hongkong
148,2025-09-05,50.605567932128906,50.65489034587651,50.21098485908911,50.21098485908911,5052390,CK_Hutchison_Holdings,Hongkong
149,2025-09-08,50.95083236694336,51.0494771944627,50.16165869455281,50.80286136260539,5059678,CK_Hutchison_Holdings,Hongkong
150,2025-09-09,50.95083236694336,51.24677061256034,50.704216535086054,50.95083236694336,5031479,CK_Hutchison_Holdings,Hongkong
151,2025-09-10,51.394737243652344,51.49338583305943,50.85218317261956,50.95083176202665,5479103,CK_Hutchison_Holdings,Hongkong
152,2025-09-11,51.493385314941406,51.641352552974844,50.8028602482754,51.19744707581565,4925365,CK_Hutchison_Holdings,Hongkong
153,2025-09-12,51.7400016784668,52.18391092329278,51.5427082626487,52.03593992066448,4840442,CK_Hutchison_Holdings,Hongkong
154,2025-09-15,51.900001525878906,51.95000076293945,51.650001525878906,51.900001525878906,3338226,CK_Hutchison_Holdings,Hongkong
155,2025-09-16,52.04999923706055,52.54999923706055,51.75,51.900001525878906,5737280,CK_Hutchison_Holdings,Hongkong
156,2025-09-17,52.349998474121094,52.400001525878906,51.79999923706055,52.04999923706055,7138436,CK_Hutchison_Holdings,Hongkong
157,2025-09-18,51.45000076293945,52.150001525878906,51.20000076293945,51.849998474121094,5535091,CK_Hutchison_Holdings,Hongkong
158,2025-09-19,50.54999923706055,51.70000076293945,50.349998474121094,51.5,10233256,CK_Hutchison_Holdings,Hongkong
159,2025-09-22,50.150001525878906,50.95000076293945,49.84000015258789,50.79999923706055,7037962,CK_Hutchison_Holdings,Hongkong
160,2025-09-23,50.29999923706055,50.5,49.7599983215332,50.25,4567528,CK_Hutchison_Holdings,Hongkong
161,2025-09-24,50.45000076293945,50.650001525878906,50.150001525878906,50.45000076293945,5069617,CK_Hutchison_Holdings,Hongkong
162,2025-09-25,50.099998474121094,50.849998474121094,49.880001068115234,50.54999923706055,5865709,CK_Hutchison_Holdings,Hongkong
163,2025-09-26,49.70000076293945,50.599998474121094,49.63999938964844,50.29999923706055,8079132,CK_Hutchison_Holdings,Hongkong
164,2025-09-29,50.900001525878906,50.900001525878906,49.7400016784668,50.20000076293945,9182660,CK_Hutchison_Holdings,Hongkong
165,2025-09-30,51.25,51.25,50.54999923706055,50.95000076293945,6370445,CK_Hutchison_Holdings,Hongkong
166,2025-10-02,51.599998474121094,51.95000076293945,51.29999923706055,51.599998474121094,5019519,CK_Hutchison_Holdings,Hongkong
167,2025-10-03,51.20000076293945,51.650001525878906,50.79999923706055,51.599998474121094,3131346,CK_Hutchison_Holdings,Hongkong
168,2025-10-06,50.54999923706055,51.29999923706055,50.29999923706055,51.0,2794449,CK_Hutchison_Holdings,Hongkong
169,2025-10-08,51.29999923706055,51.349998474121094,50.20000076293945,50.650001525878906,6369225,CK_Hutchison_Holdings,Hongkong
170,2025-10-09,52.0,52.75,51.5,51.650001525878906,7796261,CK_Hutchison_Holdings,Hongkong
171,2025-10-10,52.04999923706055,52.150001525878906,51.45000076293945,51.79999923706055,5573004,CK_Hutchison_Holdings,Hongkong
172,2025-10-13,51.099998474121094,51.5,50.150001525878906,51.349998474121094,10211425,CK_Hutchison_Holdings,Hongkong
173,2025-10-14,50.70000076293945,51.25,50.54999923706055,51.099998474121094,8978636,CK_Hutchison_Holdings,Hongkong
174,2025-10-15,51.45000076293945,51.599998474121094,50.900001525878906,51.20000076293945,4523631,CK_Hutchison_Holdings,Hongkong
175,2025-10-16,50.75,51.400001525878906,50.54999923706055,51.349998474121094,3161598,CK_Hutchison_Holdings,Hongkong
176,2025-10-17,50.400001525878906,51.04999923706055,50.099998474121094,50.79999923706055,7072209,CK_Hutchison_Holdings,Hongkong
177,2025-10-20,51.20000076293945,51.25,50.5,50.5,4726716,CK_Hutchison_Holdings,Hongkong
178,2025-10-21,51.54999923706055,52.29999923706055,51.29999923706055,51.650001525878906,6194937,CK_Hutchison_Holdings,Hongkong
179,2025-10-22,50.70000076293945,51.79999923706055,50.650001525878906,51.599998474121094,5309211,CK_Hutchison_Holdings,Hongkong
180,2025-10-23,50.900001525878906,51.25,50.5,50.849998474121094,4925759,CK_Hutchison_Holdings,Hongkong
181,2025-10-24,51.150001525878906,51.70000076293945,50.849998474121094,51.400001525878906,3320868,CK_Hutchison_Holdings,Hongkong
182,2025-10-27,51.849998474121094,52.04999923706055,51.5,51.599998474121094,4958926,CK_Hutchison_Holdings,Hongkong
183,2025-10-28,52.349998474121094,52.650001525878906,51.79999923706055,52.0,7714776,CK_Hutchison_Holdings,Hongkong
184,2025-10-30,51.45000076293945,52.45000076293945,51.20000076293945,52.45000076293945,6661449,CK_Hutchison_Holdings,Hongkong
185,2025-10-31,51.5,51.900001525878906,51.0,51.54999923706055,6507182,CK_Hutchison_Holdings,Hongkong
186,2025-11-03,52.04999923706055,52.150001525878906,51.45000076293945,51.5,3815805,CK_Hutchison_Holdings,Hongkong
187,2025-11-04,51.79999923706055,52.650001525878906,51.599998474121094,52.20000076293945,4660428,CK_Hutchison_Holdings,Hongkong
188,2025-11-05,51.650001525878906,51.900001525878906,51.099998474121094,51.900001525878906,4308346,CK_Hutchison_Holdings,Hongkong
189,2025-11-06,52.54999923706055,52.70000076293945,51.900001525878906,52.0,6232250,CK_Hutchison_Holdings,Hongkong
190,2025-11-07,52.54999923706055,52.849998474121094,52.25,52.54999923706055,6314606,CK_Hutchison_Holdings,Hongkong
191,2025-11-10,52.900001525878906,52.95000076293945,52.54999923706055,52.79999923706055,4504070,CK_Hutchison_Holdings,Hongkong
192,2025-11-11,53.04999923706055,53.400001525878906,52.70000076293945,53.099998474121094,5033370,CK_Hutchison_Holdings,Hongkong
193,2025-11-12,55.25,55.25,53.099998474121094,53.400001525878906,15442067,CK_Hutchison_Holdings,Hongkong
194,2025-11-13,55.04999923706055,55.900001525878906,54.70000076293945,55.29999923706055,7558834,CK_Hutchison_Holdings,Hongkong
195,2025-11-14,54.54999923706055,55.04999923706055,54.349998474121094,55.04999923706055,5995034,CK_Hutchison_Holdings,Hongkong
196,2025-11-17,54.599998474121094,54.849998474121094,54.29999923706055,54.54999923706055,4958504,CK_Hutchison_Holdings,Hongkong
197,2025-11-18,53.349998474121094,54.45000076293945,53.150001525878906,54.20000076293945,4558809,CK_Hutchison_Holdings,Hongkong
198,2025-11-19,53.29999923706055,53.70000076293945,53.150001525878906,53.29999923706055,2994581,CK_Hutchison_Holdings,Hongkong
199,2025-11-20,53.45000076293945,53.95000076293945,53.25,53.95000076293945,3141188,CK_Hutchison_Holdings,Hongkong
200,2025-11-21,53.45000076293945,53.79999923706055,52.5,53.20000076293945,8833769,CK_Hutchison_Holdings,Hongkong
201,2025-11-24,54.70000076293945,55.5,53.95000076293945,54.099998474121094,14846685,CK_Hutchison_Holdings,Hongkong
202,2025-11-25,54.79999923706055,55.150001525878906,54.45000076293945,55.0,5487228,CK_Hutchison_Holdings,Hongkong
203,2025-11-26,55.20000076293945,55.45000076293945,54.599998474121094,55.099998474121094,6974709,CK_Hutchison_Holdings,Hongkong
204,2025-11-27,54.900001525878906,55.29999923706055,54.70000076293945,55.20000076293945,4235891,CK_Hutchison_Holdings,Hongkong
205,2025-11-28,54.95000076293945,55.400001525878906,54.75,55.04999923706055,3576177,CK_Hutchison_Holdings,Hongkong
206,2025-12-01,55.900001525878906,56.0,54.95000076293945,55.25,6280267,CK_Hutchison_Holdings,Hongkong
207,2025-12-02,56.849998474121094,57.400001525878906,55.900001525878906,56.20000076293945,9873496,CK_Hutchison_Holdings,Hongkong
208,2025-12-03,57.150001525878906,57.20000076293945,56.5,56.599998474121094,5462762,CK_Hutchison_Holdings,Hongkong
209,2025-12-04,57.5,57.75,57.150001525878906,57.400001525878906,5907629,CK_Hutchison_Holdings,Hongkong
210,2025-12-05,56.099998474121094,57.54999923706055,56.099998474121094,57.54999923706055,9349076,CK_Hutchison_Holdings,Hongkong
211,2025-12-08,55.099998474121094,56.20000076293945,55.0,56.04999923706055,7053521,CK_Hutchison_Holdings,Hongkong
212,2025-12-09,54.45000076293945,55.650001525878906,54.04999923706055,55.20000076293945,7629896,CK_Hutchison_Holdings,Hongkong
213,2025-12-10,54.25,54.45000076293945,53.900001525878906,54.20000076293945,5581353,CK_Hutchison_Holdings,Hongkong
214,2025-12-11,54.04999923706055,54.650001525878906,53.79999923706055,54.04999923706055,7041296,CK_Hutchison_Holdings,Hongkong
215,2025-12-12,55.400001525878906,55.5,54.349998474121094,54.54999923706055,6600938,CK_Hutchison_Holdings,Hongkong
216,2025-12-15,54.75,55.150001525878906,54.650001525878906,54.79999923706055,3703909,CK_Hutchison_Holdings,Hongkong
217,2025-12-16,53.599998474121094,54.79999923706055,53.20000076293945,54.75,6662482,CK_Hutchison_Holdings,Hongkong
218,2025-12-17,54.04999923706055,54.099998474121094,53.29999923706055,53.599998474121094,5700532,CK_Hutchison_Holdings,Hongkong
219,2025-12-18,54.099998474121094,54.29999923706055,53.79999923706055,54.04999923706055,5452258,CK_Hutchison_Holdings,Hongkong
220,2025-12-19,54.70000076293945,54.70000076293945,53.79999923706055,54.20000076293945,9736624,CK_Hutchison_Holdings,Hongkong
221,2025-12-22,54.5,55.0,54.04999923706055,54.70000076293945,3557496,CK_Hutchison_Holdings,Hongkong
222,2025-12-23,55.0,55.099998474121094,54.349998474121094,54.400001525878906,3147067,CK_Hutchison_Holdings,Hongkong
223,2025-12-24,55.150001525878906,55.150001525878906,55.150001525878906,55.150001525878906,0,CK_Hutchison_Holdings,Hongkong
224,2025-12-29,53.45000076293945,55.29999923706055,52.95000076293945,55.29999923706055,8774884,CK_Hutchison_Holdings,Hongkong
225,2025-12-30,53.25,53.45000076293945,52.54999923706055,53.45000076293945,7243509,CK_Hutchison_Holdings,Hongkong
226,2025-12-31,52.79999923706055,52.79999923706055,52.79999923706055,52.79999923706055,0,CK_Hutchison_Holdings,Hongkong
227,2026-01-02,54.0,54.099998474121094,52.95000076293945,53.0,4093491,CK_Hutchison_Holdings,Hongkong
228,2026-01-05,53.599998474121094,54.0,52.70000076293945,53.900001525878906,7425766,CK_Hutchison_Holdings,Hongkong
229,2026-01-06,55.349998474121094,55.400001525878906,53.79999923706055,54.0,8590646,CK_Hutchison_Holdings,Hongkong
230,2026-01-07,54.70000076293945,55.599998474121094,54.54999923706055,55.599998474121094,4814958,CK_Hutchison_Holdings,Hongkong
231,2026-01-08,55.099998474121094,55.099998474121094,54.599998474121094,54.79999923706055,5429241,CK_Hutchison_Holdings,Hongkong
232,2026-01-09,57.150001525878906,57.150001525878906,55.25,55.400001525878906,11028764,CK_Hutchison_Holdings,Hongkong
233,2026-01-12,58.650001525878906,58.70000076293945,57.20000076293945,57.20000076293945,14699673,CK_Hutchison_Holdings,Hongkong
234,2026-01-13,59.20000076293945,59.45000076293945,58.54999923706055,58.650001525878906,11650652,CK_Hutchison_Holdings,Hongkong
235,2026-01-14,59.25,59.79999923706055,58.54999923706055,59.599998474121094,12961619,CK_Hutchison_Holdings,Hongkong
236,2026-01-15,59.45000076293945,59.75,58.400001525878906,59.20000076293945,9597261,CK_Hutchison_Holdings,Hongkong
237,2026-01-16,60.5,61.150001525878906,59.79999923706055,60.75,12194402,CK_Hutchison_Holdings,Hongkong
238,2026-01-19,60.20000076293945,62.0,60.0,62.0,8854133,CK_Hutchison_Holdings,Hongkong
239,2026-01-20,60.849998474121094,62.150001525878906,59.099998474121094,59.79999923706055,13926303,CK_Hutchison_Holdings,Hongkong
240,2026-01-21,61.349998474121094,61.650001525878906,60.70000076293945,60.70000076293945,8149379,CK_Hutchison_Holdings,Hongkong
241,2026-01-22,61.95000076293945,62.650001525878906,61.5,62.25,9996047,CK_Hutchison_Holdings,Hongkong
242,2026-01-23,62.79999923706055,62.95000076293945,61.95000076293945,62.20000076293945,13127204,CK_Hutchison_Holdings,Hongkong
243,2026-01-26,65.0,65.69999694824219,63.45000076293945,63.79999923706055,20200224,CK_Hutchison_Holdings,Hongkong
244,2026-01-27,65.30000305175781,65.5999984741211,63.849998474121094,64.80000305175781,10829331,CK_Hutchison_Holdings,Hongkong
245,2026-01-28,66.30000305175781,66.5,65.25,66.0,11469302,CK_Hutchison_Holdings,Hongkong
246,2026-01-29,66.30000305175781,66.44999694824219,65.4000015258789,65.44999694824219,8030035,CK_Hutchison_Holdings,Hongkong
247,2026-01-30,63.25,66.0999984741211,62.54999923706055,65.4000015258789,22670423,CK_Hutchison_Holdings,Hongkong
248,2026-02-02,61.5,62.849998474121094,60.599998474121094,62.599998474121094,19724346,CK_Hutchison_Holdings,Hongkong
249,2026-02-03,64.0,64.0999984741211,61.75,62.0,12132864,CK_Hutchison_Holdings,Hongkong
250,2026-02-04,65.30000305175781,65.55000305175781,64.0,64.0,11413626,CK_Hutchison_Holdings,Hongkong
251,2026-02-05,65.75,65.75,64.55000305175781,65.30000305175781,12497274,CK_Hutchison_Holdings,Hongkong
252,2026-02-06,64.4000015258789,65.3499984741211,64.25,65.19999694824219,7751115,CK_Hutchison_Holdings,Hongkong
253,2026-02-09,65.25,65.30000305175781,64.19999694824219,65.0,6809418,CK_Hutchison_Holdings,Hongkong
254,2026-02-10,64.4000015258789,65.9000015258789,64.1500015258789,65.69999694824219,10702781,CK_Hutchison_Holdings,Hongkong
255,2026-02-11,64.05000305175781,64.8499984741211,63.25,64.55000305175781,6734261,CK_Hutchison_Holdings,Hongkong
256,2026-02-12,63.5,64.80000305175781,62.95000076293945,64.5999984741211,8133495,CK_Hutchison_Holdings,Hongkong
257,2026-02-13,63.5,63.900001525878906,62.29999923706055,62.29999923706055,5503587,CK_Hutchison_Holdings,Hongkong
258,2026-02-16,63.70000076293945,63.70000076293945,63.70000076293945,63.70000076293945,0,CK_Hutchison_Holdings,Hongkong
259,2026-02-20,63.20000076293945,64.3499984741211,62.849998474121094,64.0999984741211,11469855,CK_Hutchison_Holdings,Hongkong
260,2026-02-23,64.25,64.8499984741211,63.650001525878906,63.900001525878906,6804553,CK_Hutchison_Holdings,Hongkong
261,2026-02-24,62.54999923706055,64.25,62.20000076293945,64.1500015258789,10312425,CK_Hutchison_Holdings,Hongkong
262,2026-02-25,62.0,62.45000076293945,61.650001525878906,62.25,8479178,CK_Hutchison_Holdings,Hongkong
263,2026-02-26,64.80000305175781,64.9000015258789,63.04999923706055,63.5,14442042,CK_Hutchison_Holdings,Hongkong
264,2026-02-27,64.4000015258789,64.5999984741211,63.150001525878906,64.19999694824219,8478793,CK_Hutchison_Holdings,Hongkong
265,2026-03-02,62.650001525878906,63.900001525878906,62.20000076293945,63.79999923706055,9928058,CK_Hutchison_Holdings,Hongkong
266,2026-03-03,62.650001525878906,63.70000076293945,61.75,63.0,9277633,CK_Hutchison_Holdings,Hongkong
267,2026-03-04,59.849998474121094,62.29999923706055,59.04999923706055,61.95000076293945,13529763,CK_Hutchison_Holdings,Hongkong
268,2026-03-05,61.150001525878906,62.099998474121094,60.04999923706055,61.0,10132701,CK_Hutchison_Holdings,Hongkong
269,2026-03-06,61.54999923706055,61.54999923706055,60.599998474121094,60.900001525878906,10260134,CK_Hutchison_Holdings,Hongkong
270,2026-03-09,58.79999923706055,60.25,57.599998474121094,60.25,16042296,CK_Hutchison_Holdings,Hongkong
271,2026-03-10,60.0,60.099998474121094,58.650001525878906,59.099998474121094,13679050,CK_Hutchison_Holdings,Hongkong
272,2026-03-11,60.04999923706055,60.650001525878906,59.849998474121094,60.20000076293945,6493671,CK_Hutchison_Holdings,Hongkong
273,2026-03-12,59.20000076293945,60.20000076293945,58.5,60.04999923706055,7188624,CK_Hutchison_Holdings,Hongkong
274,2026-03-13,58.25,58.75,58.0,58.599998474121094,5899810,CK_Hutchison_Holdings,Hongkong
275,2026-03-16,58.95000076293945,59.150001525878906,58.099998474121094,58.25,4341511,CK_Hutchison_Holdings,Hongkong
276,2026-03-17,59.099998474121094,60.099998474121094,58.900001525878906,59.099998474121094,4394212,CK_Hutchison_Holdings,Hongkong
277,2026-03-18,60.95000076293945,61.29999923706055,59.20000076293945,59.20000076293945,9732018,CK_Hutchison_Holdings,Hongkong
278,2026-03-19,59.95000076293945,60.79999923706055,59.150001525878906,60.0,6256553,CK_Hutchison_Holdings,Hongkong
279,2026-03-20,60.29999923706055,62.400001525878906,59.75,61.0,28410422,CK_Hutchison_Holdings,Hongkong
280,2026-03-23,58.04999923706055,59.599998474121094,57.400001525878906,59.400001525878906,10738521,CK_Hutchison_Holdings,Hongkong
281,2026-03-24,58.95000076293945,59.0,57.75,58.599998474121094,10043543,CK_Hutchison_Holdings,Hongkong
282,2026-03-25,60.29999923706055,60.70000076293945,59.70000076293945,59.70000076293945,9203665,CK_Hutchison_Holdings,Hongkong
283,2026-03-26,59.20000076293945,60.599998474121094,58.849998474121094,60.599998474121094,4126351,CK_Hutchison_Holdings,Hongkong
284,2026-03-27,59.150001525878906,59.45000076293945,58.54999923706055,58.599998474121094,4877483,CK_Hutchison_Holdings,Hongkong
285,2026-03-30,59.04999923706055,59.20000076293945,57.75,57.75,5905714,CK_Hutchison_Holdings,Hongkong
286,2026-03-31,59.599998474121094,60.0,59.099998474121094,59.25,7460871,CK_Hutchison_Holdings,Hongkong
287,2026-04-01,60.95000076293945,61.599998474121094,60.599998474121094,60.900001525878906,5769043,CK_Hutchison_Holdings,Hongkong
288,2026-04-02,60.75,61.900001525878906,60.20000076293945,61.0,5638598,CK_Hutchison_Holdings,Hongkong
289,2026-04-08,63.099998474121094,63.349998474121094,61.349998474121094,62.29999923706055,14018614,CK_Hutchison_Holdings,Hongkong
290,2026-04-09,63.0,63.099998474121094,62.04999923706055,62.79999923706055,5319402,CK_Hutchison_Holdings,Hongkong
291,2026-04-10,64.0999984741211,64.0999984741211,63.349998474121094,63.650001525878906,6969475,CK_Hutchison_Holdings,Hongkong
292,2026-04-13,63.400001525878906,63.70000076293945,62.70000076293945,63.5,4518286,CK_Hutchison_Holdings,Hongkong
293,2026-04-14,64.05000305175781,64.5999984741211,63.650001525878906,64.30000305175781,5148570,CK_Hutchison_Holdings,Hongkong
294,2026-04-15,63.95000076293945,64.44999694824219,63.54999923706055,64.19999694824219,6226308,CK_Hutchison_Holdings,Hongkong
295,2026-04-16,64.05000305175781,65.0,63.849998474121094,64.3499984741211,6734457,CK_Hutchison_Holdings,Hongkong
296,2026-04-17,64.05000305175781,64.55000305175781,63.0,63.79999923706055,8773682,CK_Hutchison_Holdings,Hongkong
297,2026-04-20,64.19999694824219,64.5,63.45000076293945,64.19999694824219,4829832,CK_Hutchison_Holdings,Hongkong
298,2026-04-21,64.9000015258789,64.9000015258789,64.0999984741211,64.4000015258789,6499211,CK_Hutchison_Holdings,Hongkong
299,2026-04-22,64.5,64.80000305175781,64.19999694824219,64.69999694824219,5861841,CK_Hutchison_Holdings,Hongkong
300,2026-04-23,64.75,65.30000305175781,64.19999694824219,64.75,5376540,CK_Hutchison_Holdings,Hongkong
301,2026-04-24,65.25,65.25,64.1500015258789,64.5,4235721,CK_Hutchison_Holdings,Hongkong
302,2026-04-27,64.69999694824219,65.30000305175781,64.30000305175781,65.0,5879982,CK_Hutchison_Holdings,Hongkong
303,2026-04-28,64.8499984741211,65.4000015258789,64.55000305175781,65.0,5317224,CK_Hutchison_Holdings,Hongkong
304,2026-04-29,65.94999694824219,65.94999694824219,64.6500015258789,65.0,8281742,CK_Hutchison_Holdings,Hongkong
305,2026-04-30,65.05000305175781,65.44999694824219,64.19999694824219,65.44999694824219,7239629,CK_Hutchison_Holdings,Hongkong
306,2026-05-04,65.30000305175781,65.94999694824219,65.05000305175781,65.5999984741211,5391149,CK_Hutchison_Holdings,Hongkong
307,2026-05-05,68.0,68.44999694824219,64.55000305175781,64.5999984741211,14936800,CK_Hutchison_Holdings,Hongkong
308,2026-05-06,70.0999984741211,70.5999984741211,68.3499984741211,68.94999694824219,17700803,CK_Hutchison_Holdings,Hongkong
309,2026-05-07,73.0,73.19999694824219,70.55000305175781,70.55000305175781,19357754,CK_Hutchison_Holdings,Hongkong
310,2026-05-08,73.30000305175781,73.55000305175781,71.9000015258789,72.44999694824219,16064657,CK_Hutchison_Holdings,Hongkong
311,2026-05-11,72.6500015258789,73.3499984741211,72.30000305175781,73.0,7155065,CK_Hutchison_Holdings,Hongkong
312,2026-05-12,72.25,73.5,72.05000305175781,73.5,7928211,CK_Hutchison_Holdings,Hongkong
313,2026-05-13,72.5999984741211,72.9000015258789,71.6500015258789,72.1500015258789,8087527,CK_Hutchison_Holdings,Hongkong
314,2026-05-14,73.25,73.8499984741211,72.75,72.94999694824219,4532809,CK_Hutchison_Holdings,Hongkong
315,2026-05-15,73.05000305175781,74.3499984741211,72.6500015258789,73.19999694824219,8595749,CK_Hutchison_Holdings,Hongkong
316,2026-05-18,72.1500015258789,73.69999694824219,71.9000015258789,73.69999694824219,7126615,CK_Hutchison_Holdings,Hongkong
317,2026-05-19,71.3499984741211,72.0,70.94999694824219,71.55000305175781,6660759,CK_Hutchison_Holdings,Hongkong
318,2026-05-20,71.55000305175781,71.5999984741211,70.5999984741211,70.9000015258789,12718175,CK_Hutchison_Holdings,Hongkong
0,2025-02-03,37.95000076293945,39.20000076293945,37.20000076293945,38.900001525878906,143592266,Xiaomi_Corporation,Hongkong
1,2025-02-04,39.54999923706055,40.099998474121094,38.5,38.70000076293945,141166344,Xiaomi_Corporation,Hongkong
2,2025-02-05,39.650001525878906,39.95000076293945,38.70000076293945,39.95000076293945,165406601,Xiaomi_Corporation,Hongkong
3,2025-02-06,40.54999923706055,40.70000076293945,39.400001525878906,39.79999923706055,174418873,Xiaomi_Corporation,Hongkong
4,2025-02-07,42.45000076293945,43.04999923706055,40.54999923706055,40.70000076293945,282921470,Xiaomi_Corporation,Hongkong
5,2025-02-10,43.75,43.95000076293945,42.150001525878906,42.70000076293945,178623301,Xiaomi_Corporation,Hongkong
6,2025-02-11,42.54999923706055,44.29999923706055,42.25,44.0,210014328,Xiaomi_Corporation,Hongkong
7,2025-02-12,44.099998474121094,44.54999923706055,42.650001525878906,43.900001525878906,196220080,Xiaomi_Corporation,Hongkong
8,2025-02-13,41.650001525878906,44.599998474121094,41.20000076293945,43.900001525878906,382423053,Xiaomi_Corporation,Hongkong
9,2025-02-14,44.70000076293945,44.900001525878906,42.04999923706055,42.400001525878906,349956076,Xiaomi_Corporation,Hongkong
10,2025-02-17,45.150001525878906,45.45000076293945,43.54999923706055,45.0,273310085,Xiaomi_Corporation,Hongkong
11,2025-02-18,48.400001525878906,48.400001525878906,44.70000076293945,45.150001525878906,325734161,Xiaomi_Corporation,Hongkong
12,2025-02-19,49.45000076293945,49.5,47.0,48.0,243337561,Xiaomi_Corporation,Hongkong
13,2025-02-20,49.150001525878906,50.900001525878906,48.0,49.45000076293945,275542159,Xiaomi_Corporation,Hongkong
14,2025-02-21,51.70000076293945,51.95000076293945,49.70000076293945,50.04999923706055,308362585,Xiaomi_Corporation,Hongkong
15,2025-02-24,51.599998474121094,52.349998474121094,51.04999923706055,52.20000076293945,208345620,Xiaomi_Corporation,Hongkong
16,2025-02-25,53.20000076293945,53.900001525878906,49.79999923706055,49.79999923706055,332349383,Xiaomi_Corporation,Hongkong
17,2025-02-26,56.29999923706055,56.79999923706055,53.099998474121094,54.25,395453828,Xiaomi_Corporation,Hongkong
18,2025-02-27,53.099998474121094,58.70000076293945,51.400001525878906,56.599998474121094,842011809,Xiaomi_Corporation,Hongkong
19,2025-02-28,51.849998474121094,55.75,50.650001525878906,55.75,667093154,Xiaomi_Corporation,Hongkong
20,2025-03-03,50.95000076293945,53.0,49.54999923706055,52.900001525878906,466253103,Xiaomi_Corporation,Hongkong
21,2025-03-04,50.54999923706055,51.599998474121094,48.650001525878906,49.04999923706055,338725813,Xiaomi_Corporation,Hongkong
22,2025-03-05,54.20000076293945,54.20000076293945,51.29999923706055,52.0,337625486,Xiaomi_Corporation,Hongkong
23,2025-03-06,54.900001525878906,56.29999923706055,53.849998474121094,55.29999923706055,375438239,Xiaomi_Corporation,Hongkong
24,2025-03-07,54.349998474121094,55.5,53.099998474121094,54.599998474121094,355629253,Xiaomi_Corporation,Hongkong
25,2025-03-10,52.849998474121094,54.5,52.349998474121094,54.0,223961425,Xiaomi_Corporation,Hongkong
26,2025-03-11,53.900001525878906,54.0,50.70000076293945,50.849998474121094,223343033,Xiaomi_Corporation,Hongkong
27,2025-03-12,52.04999923706055,54.70000076293945,51.5,53.849998474121094,241938609,Xiaomi_Corporation,Hongkong
28,2025-03-13,52.849998474121094,53.400001525878906,51.599998474121094,52.04999923706055,187000372,Xiaomi_Corporation,Hongkong
29,2025-03-14,53.849998474121094,54.599998474121094,52.54999923706055,53.0,229901198,Xiaomi_Corporation,Hongkong
30,2025-03-17,55.79999923706055,55.79999923706055,53.29999923706055,54.349998474121094,221496225,Xiaomi_Corporation,Hongkong
31,2025-03-18,57.650001525878906,57.95000076293945,56.150001525878906,56.75,258147732,Xiaomi_Corporation,Hongkong
32,2025-03-19,58.20000076293945,59.45000076293945,56.400001525878906,57.0,371387356,Xiaomi_Corporation,Hongkong
33,2025-03-20,56.5,58.650001525878906,56.099998474121094,58.0,254323500,Xiaomi_Corporation,Hongkong
34,2025-03-21,54.70000076293945,56.849998474121094,54.04999923706055,56.599998474121094,271392247,Xiaomi_Corporation,Hongkong
35,2025-03-24,57.0,57.099998474121094,54.900001525878906,55.25,206959960,Xiaomi_Corporation,Hongkong
36,2025-03-25,53.400001525878906,55.0,53.25,53.849998474121094,1341045814,Xiaomi_Corporation,Hongkong
37,2025-03-26,53.95000076293945,54.29999923706055,53.5,53.5,180066074,Xiaomi_Corporation,Hongkong
38,2025-03-27,51.70000076293945,54.04999923706055,51.400001525878906,53.900001525878906,359693846,Xiaomi_Corporation,Hongkong
39,2025-03-28,51.04999923706055,52.150001525878906,49.599998474121094,51.0,369242633,Xiaomi_Corporation,Hongkong
40,2025-03-31,49.20000076293945,50.70000076293945,48.45000076293945,50.150001525878906,342788934,Xiaomi_Corporation,Hongkong
41,2025-04-01,46.5,50.0,46.099998474121094,49.400001525878906,590405454,Xiaomi_Corporation,Hongkong
42,2025-04-02,44.54999923706055,47.5,44.400001525878906,46.0,635758232,Xiaomi_Corporation,Hongkong
43,2025-04-03,45.900001525878906,46.599998474121094,43.45000076293945,43.79999923706055,449295312,Xiaomi_Corporation,Hongkong
44,2025-04-07,36.45000076293945,43.25,36.04999923706055,40.20000076293945,1037869822,Xiaomi_Corporation,Hongkong
45,2025-04-08,38.900001525878906,39.849998474121094,37.45000076293945,38.54999923706055,715006887,Xiaomi_Corporation,Hongkong
46,2025-04-09,41.900001525878906,42.400001525878906,36.599998474121094,37.79999923706055,679302084,Xiaomi_Corporation,Hongkong
47,2025-04-10,43.04999923706055,45.0,42.599998474121094,44.79999923706055,526260423,Xiaomi_Corporation,Hongkong
48,2025-04-11,44.25,45.45000076293945,42.150001525878906,42.75,357167818,Xiaomi_Corporation,Hongkong
49,2025-04-14,43.20000076293945,45.45000076293945,42.25,45.20000076293945,422983277,Xiaomi_Corporation,Hongkong
50,2025-04-15,43.099998474121094,43.849998474121094,42.04999923706055,43.75,164977321,Xiaomi_Corporation,Hongkong
51,2025-04-16,41.25,42.95000076293945,40.20000076293945,42.5,315328932,Xiaomi_Corporation,Hongkong
52,2025-04-17,41.95000076293945,42.25,40.5,41.25,190654146,Xiaomi_Corporation,Hongkong
53,2025-04-22,44.400001525878906,44.70000076293945,42.20000076293945,42.45000076293945,280722543,Xiaomi_Corporation,Hongkong
54,2025-04-23,47.45000076293945,47.95000076293945,45.70000076293945,46.75,365404799,Xiaomi_Corporation,Hongkong
55,2025-04-24,48.20000076293945,48.70000076293945,46.95000076293945,48.0,238445758,Xiaomi_Corporation,Hongkong
56,2025-04-25,47.70000076293945,48.650001525878906,47.04999923706055,48.54999923706055,166617135,Xiaomi_Corporation,Hongkong
57,2025-04-28,47.5,48.349998474121094,47.20000076293945,48.0,90590615,Xiaomi_Corporation,Hongkong
58,2025-04-29,47.45000076293945,47.95000076293945,47.0,47.95000076293945,101336853,Xiaomi_Corporation,Hongkong
59,2025-04-30,49.95000076293945,50.0,46.79999923706055,47.25,241882505,Xiaomi_Corporation,Hongkong
60,2025-05-02,53.099998474121094,53.099998474121094,50.0,50.5,140470309,Xiaomi_Corporation,Hongkong
61,2025-05-06,51.54999923706055,53.150001525878906,51.400001525878906,53.099998474121094,187805038,Xiaomi_Corporation,Hongkong
62,2025-05-07,50.099998474121094,53.5,50.04999923706055,52.599998474121094,236141700,Xiaomi_Corporation,Hongkong
63,2025-05-08,50.79999923706055,51.900001525878906,49.650001525878906,49.79999923706055,154551212,Xiaomi_Corporation,Hongkong
64,2025-05-09,51.349998474121094,51.45000076293945,50.25,51.099998474121094,99875196,Xiaomi_Corporation,Hongkong
65,2025-05-12,50.599998474121094,51.45000076293945,48.400001525878906,51.45000076293945,356285408,Xiaomi_Corporation,Hongkong
66,2025-05-13,48.650001525878906,50.79999923706055,48.20000076293945,50.79999923706055,220529075,Xiaomi_Corporation,Hongkong
67,2025-05-14,50.400001525878906,50.45000076293945,48.650001525878906,49.150001525878906,174012139,Xiaomi_Corporation,Hongkong
68,2025-05-15,50.150001525878906,51.900001525878906,49.70000076293945,50.400001525878906,155216057,Xiaomi_Corporation,Hongkong
69,2025-05-16,51.0,51.29999923706055,49.79999923706055,50.0,121417523,Xiaomi_Corporation,Hongkong
70,2025-05-19,52.349998474121094,52.45000076293945,49.0,50.29999923706055,217541110,Xiaomi_Corporation,Hongkong
71,2025-05-20,54.79999923706055,54.79999923706055,52.79999923706055,53.0,228019851,Xiaomi_Corporation,Hongkong
72,2025-05-21,54.45000076293945,55.70000076293945,53.70000076293945,54.95000076293945,189822108,Xiaomi_Corporation,Hongkong
73,2025-05-22,53.20000076293945,55.0,52.849998474121094,54.70000076293945,199909799,Xiaomi_Corporation,Hongkong
74,2025-05-23,53.0,53.900001525878906,52.70000076293945,53.29999923706055,154706274,Xiaomi_Corporation,Hongkong
75,2025-05-26,51.29999923706055,52.79999923706055,51.04999923706055,52.599998474121094,146415432,Xiaomi_Corporation,Hongkong
76,2025-05-27,51.54999923706055,52.099998474121094,50.5,51.0,125291611,Xiaomi_Corporation,Hongkong
77,2025-05-28,51.75,53.29999923706055,51.5,52.75,202977342,Xiaomi_Corporation,Hongkong
78,2025-05-29,51.70000076293945,52.45000076293945,51.04999923706055,51.75,141573959,Xiaomi_Corporation,Hongkong
79,2025-05-30,50.95000076293945,51.349998474121094,49.79999923706055,51.0,206927837,Xiaomi_Corporation,Hongkong
80,2025-06-02,51.599998474121094,51.900001525878906,49.599998474121094,50.0,90313999,Xiaomi_Corporation,Hongkong
81,2025-06-03,53.20000076293945,53.29999923706055,51.650001525878906,52.20000076293945,166500674,Xiaomi_Corporation,Hongkong
82,2025-06-04,53.45000076293945,54.70000076293945,52.849998474121094,53.5,176765410,Xiaomi_Corporation,Hongkong
83,2025-06-05,54.25,54.25,53.29999923706055,54.0,130837735,Xiaomi_Corporation,Hongkong
84,2025-06-06,53.099998474121094,54.5,52.79999923706055,54.5,125424396,Xiaomi_Corporation,Hongkong
85,2025-06-09,54.150001525878906,54.25,52.849998474121094,53.70000076293945,122376420,Xiaomi_Corporation,Hongkong
86,2025-06-10,53.45000076293945,54.70000076293945,52.849998474121094,54.70000076293945,115707297,Xiaomi_Corporation,Hongkong
87,2025-06-11,54.099998474121094,54.79999923706055,53.349998474121094,53.45000076293945,147412093,Xiaomi_Corporation,Hongkong
88,2025-06-12,52.20000076293945,53.95000076293945,52.04999923706055,53.5,142552461,Xiaomi_Corporation,Hongkong
89,2025-06-13,51.95000076293945,52.0,50.79999923706055,51.900001525878906,176077650,Xiaomi_Corporation,Hongkong
90,2025-06-16,54.150001525878906,54.5,51.5,51.95000076293945,220357669,Xiaomi_Corporation,Hongkong
91,2025-06-17,54.0,54.5,53.599998474121094,54.20000076293945,71275572,Xiaomi_Corporation,Hongkong
92,2025-06-18,53.79999923706055,54.20000076293945,53.45000076293945,53.75,64270680,Xiaomi_Corporation,Hongkong
93,2025-06-19,53.04999923706055,54.099998474121094,52.70000076293945,53.599998474121094,92603544,Xiaomi_Corporation,Hongkong
94,2025-06-20,54.04999923706055,54.04999923706055,53.0,53.25,88197055,Xiaomi_Corporation,Hongkong
95,2025-06-23,54.849998474121094,54.95000076293945,53.150001525878906,54.0,138863960,Xiaomi_Corporation,Hongkong
96,2025-06-24,56.900001525878906,57.20000076293945,55.150001525878906,55.20000076293945,222470141,Xiaomi_Corporation,Hongkong
97,2025-06-25,56.650001525878906,57.45000076293945,56.400001525878906,57.45000076293945,146460085,Xiaomi_Corporation,Hongkong
98,2025-06-26,56.900001525878906,57.20000076293945,56.04999923706055,57.150001525878906,126954433,Xiaomi_Corporation,Hongkong
99,2025-06-27,58.95000076293945,61.45000076293945,58.20000076293945,61.45000076293945,481216668,Xiaomi_Corporation,Hongkong
100,2025-06-30,59.95000076293945,60.0,57.5,59.5,260498936,Xiaomi_Corporation,Hongkong
101,2025-07-02,60.150001525878906,60.45000076293945,59.599998474121094,60.400001525878906,140611857,Xiaomi_Corporation,Hongkong
102,2025-07-03,58.099998474121094,60.04999923706055,57.04999923706055,59.75,234219003,Xiaomi_Corporation,Hongkong
103,2025-07-04,57.5,58.20000076293945,56.599998474121094,57.5,132200659,Xiaomi_Corporation,Hongkong
104,2025-07-07,57.29999923706055,57.400001525878906,56.400001525878906,56.900001525878906,81234333,Xiaomi_Corporation,Hongkong
105,2025-07-08,58.650001525878906,58.95000076293945,57.25,57.400001525878906,101372801,Xiaomi_Corporation,Hongkong
106,2025-07-09,57.400001525878906,58.79999923706055,57.099998474121094,58.20000076293945,100963784,Xiaomi_Corporation,Hongkong
107,2025-07-10,56.900001525878906,57.75,56.70000076293945,57.5,96327664,Xiaomi_Corporation,Hongkong
108,2025-07-11,57.349998474121094,58.20000076293945,57.25,57.5,88544316,Xiaomi_Corporation,Hongkong
109,2025-07-14,57.29999923706055,57.79999923706055,56.79999923706055,57.5,73284998,Xiaomi_Corporation,Hongkong
110,2025-07-15,57.650001525878906,58.29999923706055,56.54999923706055,57.29999923706055,125984834,Xiaomi_Corporation,Hongkong
111,2025-07-16,57.29999923706055,58.400001525878906,57.0,58.20000076293945,103019857,Xiaomi_Corporation,Hongkong
112,2025-07-17,56.150001525878906,57.25,55.79999923706055,57.099998474121094,165115655,Xiaomi_Corporation,Hongkong
113,2025-07-18,57.0,57.0,55.849998474121094,56.5,96759733,Xiaomi_Corporation,Hongkong
114,2025-07-21,57.75,58.400001525878906,56.400001525878906,56.400001525878906,124108750,Xiaomi_Corporation,Hongkong
115,2025-07-22,57.95000076293945,58.150001525878906,57.5,57.900001525878906,69281026,Xiaomi_Corporation,Hongkong
116,2025-07-23,58.400001525878906,58.45000076293945,57.650001525878906,58.349998474121094,109878070,Xiaomi_Corporation,Hongkong
117,2025-07-24,58.45000076293945,58.75,58.0,58.25,83030716,Xiaomi_Corporation,Hongkong
118,2025-07-25,57.400001525878906,58.400001525878906,57.04999923706055,58.400001525878906,115972199,Xiaomi_Corporation,Hongkong
119,2025-07-28,56.79999923706055,57.400001525878906,56.54999923706055,57.29999923706055,111282561,Xiaomi_Corporation,Hongkong
120,2025-07-29,55.29999923706055,56.70000076293945,54.5,56.650001525878906,244366193,Xiaomi_Corporation,Hongkong
121,2025-07-30,54.75,55.650001525878906,54.54999923706055,55.0,134783729,Xiaomi_Corporation,Hongkong
122,2025-07-31,53.150001525878906,54.650001525878906,53.04999923706055,54.29999923706055,192541289,Xiaomi_Corporation,Hongkong
123,2025-08-01,53.400001525878906,54.20000076293945,52.5,52.79999923706055,125345524,Xiaomi_Corporation,Hongkong
124,2025-08-04,54.54999923706055,54.79999923706055,53.349998474121094,53.400001525878906,98427945,Xiaomi_Corporation,Hongkong
125,2025-08-05,54.29999923706055,55.349998474121094,54.099998474121094,54.650001525878906,93018842,Xiaomi_Corporation,Hongkong
126,2025-08-06,54.0,54.25,53.650001525878906,54.150001525878906,60265442,Xiaomi_Corporation,Hongkong
127,2025-08-07,51.849998474121094,52.79999923706055,51.20000076293945,52.150001525878906,314366077,Xiaomi_Corporation,Hongkong
128,2025-08-08,51.25,51.900001525878906,51.150001525878906,51.400001525878906,137470985,Xiaomi_Corporation,Hongkong
129,2025-08-11,50.79999923706055,51.45000076293945,50.650001525878906,51.04999923706055,126045702,Xiaomi_Corporation,Hongkong
130,2025-08-12,51.70000076293945,52.099998474121094,50.099998474121094,50.54999923706055,143542082,Xiaomi_Corporation,Hongkong
131,2025-08-13,53.25,53.29999923706055,51.75,52.29999923706055,153181037,Xiaomi_Corporation,Hongkong
132,2025-08-14,53.20000076293945,53.95000076293945,52.75,53.95000076293945,108675681,Xiaomi_Corporation,Hongkong
133,2025-08-15,52.849998474121094,53.0,52.20000076293945,52.599998474121094,109819085,Xiaomi_Corporation,Hongkong
134,2025-08-18,53.04999923706055,53.79999923706055,52.29999923706055,52.75,116003641,Xiaomi_Corporation,Hongkong
135,2025-08-19,52.400001525878906,53.54999923706055,52.20000076293945,53.5,113367681,Xiaomi_Corporation,Hongkong
136,2025-08-20,52.54999923706055,53.0,51.04999923706055,51.20000076293945,158096364,Xiaomi_Corporation,Hongkong
137,2025-08-21,51.349998474121094,52.54999923706055,51.099998474121094,52.54999923706055,146082650,Xiaomi_Corporation,Hongkong
138,2025-08-22,52.54999923706055,52.79999923706055,51.54999923706055,52.0,136883366,Xiaomi_Corporation,Hongkong
139,2025-08-25,53.5,53.900001525878906,52.5,53.0,177494474,Xiaomi_Corporation,Hongkong
140,2025-08-26,53.5,53.900001525878906,53.04999923706055,53.5,99660025,Xiaomi_Corporation,Hongkong
141,2025-08-27,53.20000076293945,54.650001525878906,52.95000076293945,53.900001525878906,142623874,Xiaomi_Corporation,Hongkong
142,2025-08-28,53.099998474121094,53.45000076293945,52.099998474121094,53.20000076293945,122487011,Xiaomi_Corporation,Hongkong
143,2025-08-29,52.849998474121094,53.900001525878906,52.29999923706055,52.900001525878906,124328553,Xiaomi_Corporation,Hongkong
144,2025-09-01,54.0,54.349998474121094,53.45000076293945,53.70000076293945,150727171,Xiaomi_Corporation,Hongkong
145,2025-09-02,55.849998474121094,56.650001525878906,53.5,54.04999923706055,258956888,Xiaomi_Corporation,Hongkong
146,2025-09-03,54.70000076293945,56.95000076293945,54.5,56.95000076293945,135032978,Xiaomi_Corporation,Hongkong
147,2025-09-04,53.45000076293945,55.29999923706055,53.29999923706055,55.099998474121094,105461452,Xiaomi_Corporation,Hongkong
148,2025-09-05,53.650001525878906,54.0,52.95000076293945,54.0,106533001,Xiaomi_Corporation,Hongkong
149,2025-09-08,54.75,54.900001525878906,53.349998474121094,53.79999923706055,104793576,Xiaomi_Corporation,Hongkong
150,2025-09-09,56.20000076293945,56.20000076293945,53.79999923706055,54.400001525878906,173784267,Xiaomi_Corporation,Hongkong
151,2025-09-10,54.95000076293945,56.349998474121094,54.79999923706055,56.04999923706055,141897510,Xiaomi_Corporation,Hongkong
152,2025-09-11,54.650001525878906,55.04999923706055,53.54999923706055,54.599998474121094,120401766,Xiaomi_Corporation,Hongkong
153,2025-09-12,55.150001525878906,55.650001525878906,54.5,55.29999923706055,137019643,Xiaomi_Corporation,Hongkong
154,2025-09-15,56.20000076293945,56.5,54.900001525878906,55.29999923706055,127441311,Xiaomi_Corporation,Hongkong
155,2025-09-16,56.45000076293945,57.0,56.150001525878906,56.5,107755148,Xiaomi_Corporation,Hongkong
156,2025-09-17,57.849998474121094,57.95000076293945,56.650001525878906,56.849998474121094,172994425,Xiaomi_Corporation,Hongkong
157,2025-09-18,56.849998474121094,58.400001525878906,55.79999923706055,57.29999923706055,182477097,Xiaomi_Corporation,Hongkong
158,2025-09-19,56.70000076293945,57.400001525878906,55.70000076293945,57.400001525878906,174859789,Xiaomi_Corporation,Hongkong
159,2025-09-22,56.099998474121094,56.650001525878906,55.599998474121094,56.25,108494957,Xiaomi_Corporation,Hongkong
160,2025-09-23,55.45000076293945,56.400001525878906,55.0,56.349998474121094,84350249,Xiaomi_Corporation,Hongkong
161,2025-09-24,56.900001525878906,57.099998474121094,55.04999923706055,55.45000076293945,118307200,Xiaomi_Corporation,Hongkong
162,2025-09-25,59.45000076293945,59.900001525878906,56.70000076293945,56.900001525878906,328411483,Xiaomi_Corporation,Hongkong
163,2025-09-26,54.650001525878906,59.0,54.29999923706055,59.0,415512054,Xiaomi_Corporation,Hongkong
164,2025-09-29,53.54999923706055,55.95000076293945,52.70000076293945,55.5,332142837,Xiaomi_Corporation,Hongkong
165,2025-09-30,54.0,54.400001525878906,53.20000076293945,54.0,211943325,Xiaomi_Corporation,Hongkong
166,2025-10-02,55.79999923706055,56.5,54.150001525878906,54.150001525878906,101931615,Xiaomi_Corporation,Hongkong
167,2025-10-03,55.0,56.54999923706055,54.599998474121094,55.79999923706055,62150942,Xiaomi_Corporation,Hongkong
168,2025-10-06,53.849998474121094,54.79999923706055,53.599998474121094,54.5,52592486,Xiaomi_Corporation,Hongkong
169,2025-10-08,53.849998474121094,54.150001525878906,53.04999923706055,53.849998474121094,84169990,Xiaomi_Corporation,Hongkong
170,2025-10-09,53.349998474121094,54.70000076293945,53.20000076293945,54.04999923706055,127345006,Xiaomi_Corporation,Hongkong
171,2025-10-10,52.04999923706055,52.95000076293945,51.70000076293945,52.79999923706055,168448674,Xiaomi_Corporation,Hongkong
172,2025-10-13,49.08000183105469,50.900001525878906,47.5,49.70000076293945,488936850,Xiaomi_Corporation,Hongkong
173,2025-10-14,48.619998931884766,50.45000076293945,48.220001220703125,49.2599983215332,219783395,Xiaomi_Corporation,Hongkong
174,2025-10-15,49.47999954223633,49.86000061035156,48.959999084472656,49.459999084472656,119162669,Xiaomi_Corporation,Hongkong
175,2025-10-16,47.70000076293945,49.70000076293945,47.31999969482422,49.65999984741211,248814161,Xiaomi_Corporation,Hongkong
176,2025-10-17,45.959999084472656,47.880001068115234,45.7400016784668,47.540000915527344,264728170,Xiaomi_Corporation,Hongkong
177,2025-10-20,47.13999938964844,47.68000030517578,46.619998931884766,46.97999954223633,139718028,Xiaomi_Corporation,Hongkong
178,2025-10-21,46.459999084472656,48.13999938964844,46.29999923706055,48.13999938964844,164163711,Xiaomi_Corporation,Hongkong
179,2025-10-22,46.34000015258789,46.7400016784668,45.70000076293945,46.0,121391262,Xiaomi_Corporation,Hongkong
180,2025-10-23,46.7400016784668,47.08000183105469,45.70000076293945,46.02000045776367,106829656,Xiaomi_Corporation,Hongkong
181,2025-10-24,45.91999816894531,47.400001525878906,45.7400016784668,47.099998474121094,170946122,Xiaomi_Corporation,Hongkong
182,2025-10-27,45.79999923706055,46.0,43.880001068115234,45.720001220703125,282836746,Xiaomi_Corporation,Hongkong
183,2025-10-28,44.91999816894531,45.47999954223633,44.29999923706055,45.400001525878906,184222833,Xiaomi_Corporation,Hongkong
184,2025-10-30,44.15999984741211,45.0,43.5,44.560001373291016,246926143,Xiaomi_Corporation,Hongkong
185,2025-10-31,43.20000076293945,44.040000915527344,43.20000076293945,43.599998474121094,139914873,Xiaomi_Corporation,Hongkong
186,2025-11-03,44.720001220703125,45.08000183105469,43.79999923706055,43.79999923706055,210374637,Xiaomi_Corporation,Hongkong
187,2025-11-04,43.41999816894531,44.900001525878906,43.279998779296875,44.720001220703125,136346196,Xiaomi_Corporation,Hongkong
188,2025-11-05,43.31999969482422,43.31999969482422,42.15999984741211,42.599998474121094,127723032,Xiaomi_Corporation,Hongkong
189,2025-11-06,43.439998626708984,43.70000076293945,42.91999816894531,43.619998931884766,122167159,Xiaomi_Corporation,Hongkong
190,2025-11-07,42.2400016784668,43.20000076293945,41.91999816894531,43.20000076293945,175915458,Xiaomi_Corporation,Hongkong
191,2025-11-10,42.36000061035156,42.86000061035156,41.68000030517578,42.2400016784668,163981822,Xiaomi_Corporation,Hongkong
192,2025-11-11,42.97999954223633,43.41999816894531,42.36000061035156,42.63999938964844,152392565,Xiaomi_Corporation,Hongkong
193,2025-11-12,43.70000076293945,44.619998931884766,42.86000061035156,43.400001525878906,219603402,Xiaomi_Corporation,Hongkong
194,2025-11-13,43.5,44.2400016784668,42.900001525878906,43.7599983215332,158595312,Xiaomi_Corporation,Hongkong
195,2025-11-14,42.36000061035156,42.86000061035156,42.279998779296875,42.599998474121094,139429210,Xiaomi_Corporation,Hongkong
196,2025-11-17,41.959999084472656,42.779998779296875,41.70000076293945,42.400001525878906,131317369,Xiaomi_Corporation,Hongkong
197,2025-11-18,40.779998779296875,41.779998779296875,40.52000045776367,41.779998779296875,214473888,Xiaomi_Corporation,Hongkong
198,2025-11-19,38.81999969482422,40.97999954223633,38.220001220703125,40.0,480542429,Xiaomi_Corporation,Hongkong
199,2025-11-20,37.70000076293945,38.86000061035156,37.29999923706055,38.79999923706055,348136827,Xiaomi_Corporation,Hongkong
200,2025-11-21,38.08000183105469,38.900001525878906,36.619998931884766,36.79999923706055,417607492,Xiaomi_Corporation,Hongkong
201,2025-11-24,38.65999984741211,38.939998626708984,37.7599983215332,38.79999923706055,236144311,Xiaomi_Corporation,Hongkong
202,2025-11-25,40.34000015258789,41.099998474121094,39.58000183105469,39.79999923706055,317034207,Xiaomi_Corporation,Hongkong
203,2025-11-26,40.099998474121094,41.119998931884766,39.900001525878906,40.58000183105469,200500143,Xiaomi_Corporation,Hongkong
204,2025-11-27,41.099998474121094,41.79999923706055,40.220001220703125,40.2400016784668,209296970,Xiaomi_Corporation,Hongkong
205,2025-11-28,41.02000045776367,41.20000076293945,40.619998931884766,41.18000030517578,85614446,Xiaomi_Corporation,Hongkong
206,2025-12-01,40.29999923706055,41.279998779296875,39.84000015258789,41.2400016784668,195409729,Xiaomi_Corporation,Hongkong
207,2025-12-02,40.70000076293945,41.29999923706055,40.08000183105469,40.540000915527344,140246380,Xiaomi_Corporation,Hongkong
208,2025-12-03,40.220001220703125,40.939998626708984,40.099998474121094,40.70000076293945,107270957,Xiaomi_Corporation,Hongkong
209,2025-12-04,41.97999954223633,42.15999984741211,40.18000030517578,40.34000015258789,186514763,Xiaomi_Corporation,Hongkong
210,2025-12-05,42.779998779296875,43.18000030517578,41.29999923706055,41.70000076293945,274587981,Xiaomi_Corporation,Hongkong
211,2025-12-08,42.58000183105469,43.63999938964844,42.02000045776367,42.91999816894531,242628730,Xiaomi_Corporation,Hongkong
212,2025-12-09,41.2599983215332,42.880001068115234,41.02000045776367,42.47999954223633,182989838,Xiaomi_Corporation,Hongkong
213,2025-12-10,41.779998779296875,41.939998626708984,40.86000061035156,41.31999969482422,113257196,Xiaomi_Corporation,Hongkong
214,2025-12-11,42.18000030517578,42.459999084472656,41.599998474121094,41.779998779296875,123140679,Xiaomi_Corporation,Hongkong
215,2025-12-12,42.959999084472656,43.599998474121094,42.18000030517578,42.65999984741211,243323268,Xiaomi_Corporation,Hongkong
216,2025-12-15,41.84000015258789,42.599998474121094,41.720001220703125,42.29999923706055,132614562,Xiaomi_Corporation,Hongkong
217,2025-12-16,40.900001525878906,41.5,40.29999923706055,41.29999923706055,145947185,Xiaomi_Corporation,Hongkong
218,2025-12-17,41.220001220703125,41.459999084472656,40.400001525878906,41.279998779296875,101356700,Xiaomi_Corporation,Hongkong
219,2025-12-18,40.20000076293945,40.439998626708984,39.900001525878906,40.380001068115234,128195819,Xiaomi_Corporation,Hongkong
220,2025-12-19,40.540000915527344,40.63999938964844,39.900001525878906,40.439998626708984,108587118,Xiaomi_Corporation,Hongkong
221,2025-12-22,39.79999923706055,40.619998931884766,39.5,40.380001068115234,165917014,Xiaomi_Corporation,Hongkong
222,2025-12-23,39.20000076293945,39.7599983215332,39.060001373291016,39.70000076293945,127074303,Xiaomi_Corporation,Hongkong
223,2025-12-24,39.20000076293945,39.20000076293945,39.20000076293945,39.20000076293945,0,Xiaomi_Corporation,Hongkong
224,2025-12-29,38.58000183105469,39.959999084472656,37.939998626708984,38.68000030517578,195594721,Xiaomi_Corporation,Hongkong
225,2025-12-30,39.36000061035156,39.720001220703125,38.459999084472656,38.58000183105469,107157354,Xiaomi_Corporation,Hongkong
226,2025-12-31,39.20000076293945,39.20000076293945,39.20000076293945,39.20000076293945,0,Xiaomi_Corporation,Hongkong
227,2026-01-02,40.279998779296875,40.5,39.220001220703125,39.400001525878906,61202300,Xiaomi_Corporation,Hongkong
228,2026-01-05,39.34000015258789,40.599998474121094,39.13999938964844,40.599998474121094,159063197,Xiaomi_Corporation,Hongkong
229,2026-01-06,38.7599983215332,39.400001525878906,38.7400016784668,39.220001220703125,196715183,Xiaomi_Corporation,Hongkong
230,2026-01-07,38.15999984741211,39.20000076293945,38.02000045776367,38.7599983215332,190926334,Xiaomi_Corporation,Hongkong
231,2026-01-08,38.02000045776367,38.18000030517578,37.29999923706055,38.0,173278787,Xiaomi_Corporation,Hongkong
232,2026-01-09,37.81999969482422,38.5,37.63999938964844,38.08000183105469,124268815,Xiaomi_Corporation,Hongkong
233,2026-01-12,38.7400016784668,38.7599983215332,37.18000030517578,37.7400016784668,213876786,Xiaomi_Corporation,Hongkong
234,2026-01-13,37.97999954223633,39.47999954223633,37.880001068115234,39.279998779296875,209118651,Xiaomi_Corporation,Hongkong
235,2026-01-14,37.779998779296875,38.47999954223633,37.58000183105469,37.97999954223633,176626667,Xiaomi_Corporation,Hongkong
236,2026-01-15,37.86000061035156,38.2400016784668,37.36000061035156,37.779998779296875,116208908,Xiaomi_Corporation,Hongkong
237,2026-01-16,37.099998474121094,38.36000061035156,37.0,38.0,197999131,Xiaomi_Corporation,Hongkong
238,2026-01-19,36.47999954223633,36.81999969482422,36.220001220703125,36.619998931884766,182457077,Xiaomi_Corporation,Hongkong
239,2026-01-20,35.47999954223633,36.63999938964844,35.439998626708984,36.02000045776367,224571684,Xiaomi_Corporation,Hongkong
240,2026-01-21,35.41999816894531,35.7400016784668,34.5,35.099998474121094,266881560,Xiaomi_Corporation,Hongkong
241,2026-01-22,35.2400016784668,35.79999923706055,34.720001220703125,35.7400016784668,134701337,Xiaomi_Corporation,Hongkong
242,2026-01-23,36.2400016784668,36.439998626708984,35.5,35.5,178365582,Xiaomi_Corporation,Hongkong
243,2026-01-26,35.220001220703125,36.36000061035156,35.02000045776367,36.36000061035156,156493519,Xiaomi_Corporation,Hongkong
244,2026-01-27,35.560001373291016,35.7599983215332,35.0,35.2400016784668,113268822,Xiaomi_Corporation,Hongkong
245,2026-01-28,36.31999969482422,36.31999969482422,35.380001068115234,35.560001373291016,149736767,Xiaomi_Corporation,Hongkong
246,2026-01-29,36.619998931884766,37.5,35.619998931884766,35.959999084472656,181865895,Xiaomi_Corporation,Hongkong
247,2026-01-30,35.5,36.400001525878906,35.5,36.20000076293945,142212291,Xiaomi_Corporation,Hongkong
248,2026-02-02,35.060001373291016,35.36000061035156,34.36000061035156,35.20000076293945,184610777,Xiaomi_Corporation,Hongkong
249,2026-02-03,34.599998474121094,35.279998779296875,34.36000061035156,34.81999969482422,141720849,Xiaomi_Corporation,Hongkong
250,2026-02-04,33.959999084472656,34.599998474121094,33.70000076293945,34.52000045776367,181137056,Xiaomi_Corporation,Hongkong
251,2026-02-05,34.91999816894531,35.13999938964844,33.31999969482422,33.79999923706055,203360331,Xiaomi_Corporation,Hongkong
252,2026-02-06,35.18000030517578,35.47999954223633,34.29999923706055,34.31999969482422,134239254,Xiaomi_Corporation,Hongkong
253,2026-02-09,35.20000076293945,35.619998931884766,34.97999954223633,35.380001068115234,123593633,Xiaomi_Corporation,Hongkong
254,2026-02-10,35.58000183105469,36.15999984741211,35.459999084472656,35.5,107406481,Xiaomi_Corporation,Hongkong
255,2026-02-11,37.099998474121094,37.5,35.52000045776367,35.79999923706055,223116919,Xiaomi_Corporation,Hongkong
256,2026-02-12,36.52000045776367,37.2599983215332,36.29999923706055,37.099998474121094,143588099,Xiaomi_Corporation,Hongkong
257,2026-02-13,36.84000015258789,37.0,35.779998779296875,36.29999923706055,127717263,Xiaomi_Corporation,Hongkong
258,2026-02-16,36.5,36.5,36.5,36.5,0,Xiaomi_Corporation,Hongkong
259,2026-02-20,35.36000061035156,36.86000061035156,35.31999969482422,36.65999984741211,93269892,Xiaomi_Corporation,Hongkong
260,2026-02-23,36.560001373291016,36.7599983215332,35.70000076293945,35.86000061035156,85749873,Xiaomi_Corporation,Hongkong
261,2026-02-24,35.7400016784668,36.47999954223633,35.439998626708984,36.08000183105469,142300259,Xiaomi_Corporation,Hongkong
262,2026-02-25,35.599998474121094,36.02000045776367,35.439998626708984,35.7400016784668,95406041,Xiaomi_Corporation,Hongkong
263,2026-02-26,35.18000030517578,36.29999923706055,35.18000030517578,35.7599983215332,122377342,Xiaomi_Corporation,Hongkong
264,2026-02-27,34.900001525878906,35.2400016784668,34.619998931884766,34.900001525878906,136362387,Xiaomi_Corporation,Hongkong
265,2026-03-02,33.13999938964844,34.36000061035156,33.0,34.20000076293945,316564745,Xiaomi_Corporation,Hongkong
266,2026-03-03,31.579999923706055,33.15999984741211,31.459999084472656,33.13999938964844,279341876,Xiaomi_Corporation,Hongkong
267,2026-03-04,32.0,32.560001373291016,31.200000762939453,31.459999084472656,205303841,Xiaomi_Corporation,Hongkong
268,2026-03-05,32.20000076293945,33.040000915527344,32.099998474121094,32.560001373291016,134042468,Xiaomi_Corporation,Hongkong
269,2026-03-06,33.41999816894531,34.13999938964844,31.979999542236328,32.47999954223633,293556057,Xiaomi_Corporation,Hongkong
270,2026-03-09,33.68000030517578,33.81999969482422,32.560001373291016,32.68000030517578,176802011,Xiaomi_Corporation,Hongkong
271,2026-03-10,33.619998931884766,34.560001373291016,33.2400016784668,34.560001373291016,144887256,Xiaomi_Corporation,Hongkong
272,2026-03-11,33.34000015258789,33.97999954223633,33.13999938964844,33.619998931884766,127324683,Xiaomi_Corporation,Hongkong
273,2026-03-12,33.29999923706055,33.720001220703125,33.0,33.08000183105469,78757356,Xiaomi_Corporation,Hongkong
274,2026-03-13,33.31999969482422,33.68000030517578,32.779998779296875,33.29999923706055,90631843,Xiaomi_Corporation,Hongkong
275,2026-03-16,35.20000076293945,35.279998779296875,33.400001525878906,33.52000045776367,227090440,Xiaomi_Corporation,Hongkong
276,2026-03-17,35.36000061035156,36.619998931884766,35.220001220703125,35.400001525878906,206256757,Xiaomi_Corporation,Hongkong
277,2026-03-18,35.13999938964844,35.79999923706055,34.560001373291016,35.380001068115234,138424731,Xiaomi_Corporation,Hongkong
278,2026-03-19,36.31999969482422,37.18000030517578,35.70000076293945,36.060001373291016,348023057,Xiaomi_Corporation,Hongkong
279,2026-03-20,33.20000076293945,35.63999938964844,33.20000076293945,35.5,396613712,Xiaomi_Corporation,Hongkong
280,2026-03-23,32.060001373291016,33.040000915527344,31.6200008392334,32.900001525878906,252029044,Xiaomi_Corporation,Hongkong
281,2026-03-24,32.68000030517578,32.86000061035156,32.060001373291016,32.400001525878906,167841875,Xiaomi_Corporation,Hongkong
282,2026-03-25,32.52000045776367,32.939998626708984,31.520000457763672,32.040000915527344,313561967,Xiaomi_Corporation,Hongkong
283,2026-03-26,32.439998626708984,33.18000030517578,32.220001220703125,32.36000061035156,200494255,Xiaomi_Corporation,Hongkong
284,2026-03-27,33.0,33.400001525878906,31.920000076293945,32.29999923706055,143817444,Xiaomi_Corporation,Hongkong
285,2026-03-30,32.380001068115234,32.619998931884766,32.040000915527344,32.29999923706055,146061694,Xiaomi_Corporation,Hongkong
286,2026-03-31,31.760000228881836,32.86000061035156,31.520000457763672,32.380001068115234,173246657,Xiaomi_Corporation,Hongkong
287,2026-04-01,32.02000045776367,32.63999938964844,31.579999923706055,32.36000061035156,158899200,Xiaomi_Corporation,Hongkong
288,2026-04-02,30.8799991607666,31.719999313354492,30.520000457763672,31.700000762939453,260224828,Xiaomi_Corporation,Hongkong
289,2026-04-08,32.7599983215332,32.7599983215332,31.540000915527344,31.540000915527344,256433453,Xiaomi_Corporation,Hongkong
290,2026-04-09,31.360000610351562,32.34000015258789,31.280000686645508,32.31999969482422,168319928,Xiaomi_Corporation,Hongkong
291,2026-04-10,30.899999618530273,31.959999084472656,30.84000015258789,31.420000076293945,168300156,Xiaomi_Corporation,Hongkong
292,2026-04-13,30.65999984741211,30.760000228881836,30.260000228881836,30.700000762939453,118774442,Xiaomi_Corporation,Hongkong
293,2026-04-14,30.8799991607666,31.260000228881836,30.440000534057617,31.15999984741211,108582040,Xiaomi_Corporation,Hongkong
294,2026-04-15,30.899999618530273,31.34000015258789,30.639999389648438,31.200000762939453,105366843,Xiaomi_Corporation,Hongkong
295,2026-04-16,32.060001373291016,32.220001220703125,31.059999465942383,31.059999465942383,183635718,Xiaomi_Corporation,Hongkong
296,2026-04-17,32.0,32.18000030517578,31.31999969482422,31.780000686645508,119020532,Xiaomi_Corporation,Hongkong
297,2026-04-20,32.31999969482422,32.939998626708984,31.84000015258789,32.02000045776367,125873323,Xiaomi_Corporation,Hongkong
298,2026-04-21,32.400001525878906,32.58000183105469,32.02000045776367,32.31999969482422,72569687,Xiaomi_Corporation,Hongkong
299,2026-04-22,31.799999237060547,32.20000076293945,31.719999313354492,32.18000030517578,81506568,Xiaomi_Corporation,Hongkong
300,2026-04-23,31.18000030517578,31.799999237060547,30.84000015258789,31.799999237060547,135471125,Xiaomi_Corporation,Hongkong
301,2026-04-24,31.200000762939453,31.34000015258789,30.799999237060547,31.0,77321253,Xiaomi_Corporation,Hongkong
302,2026-04-27,31.100000381469727,31.34000015258789,30.6200008392334,31.200000762939453,88584715,Xiaomi_Corporation,Hongkong
303,2026-04-28,29.920000076293945,31.200000762939453,29.899999618530273,31.100000381469727,211802864,Xiaomi_Corporation,Hongkong
304,2026-04-29,30.139999389648438,30.360000610351562,29.700000762939453,29.920000076293945,167446422,Xiaomi_Corporation,Hongkong
305,2026-04-30,29.020000457763672,29.8799991607666,28.799999237060547,29.81999969482422,284581634,Xiaomi_Corporation,Hongkong
306,2026-05-04,30.979999542236328,32.13999938964844,29.059999465942383,29.059999465942383,234369711,Xiaomi_Corporation,Hongkong
307,2026-05-05,30.459999084472656,30.920000076293945,29.84000015258789,30.799999237060547,110953102,Xiaomi_Corporation,Hongkong
308,2026-05-06,30.81999969482422,31.18000030517578,30.299999237060547,30.520000457763672,208359203,Xiaomi_Corporation,Hongkong
309,2026-05-07,31.1200008392334,31.479999542236328,30.760000228881836,31.219999313354492,142253475,Xiaomi_Corporation,Hongkong
310,2026-05-08,31.68000030517578,31.920000076293945,30.860000610351562,31.020000457763672,132137552,Xiaomi_Corporation,Hongkong
311,2026-05-11,31.700000762939453,32.0,31.079999923706055,31.520000457763672,113289085,Xiaomi_Corporation,Hongkong
312,2026-05-12,31.459999084472656,32.099998474121094,31.360000610351562,31.700000762939453,96395374,Xiaomi_Corporation,Hongkong
313,2026-05-13,31.799999237060547,32.08000183105469,31.1200008392334,31.520000457763672,102172260,Xiaomi_Corporation,Hongkong
314,2026-05-14,31.719999313354492,32.880001068115234,31.719999313354492,32.5,160864410,Xiaomi_Corporation,Hongkong
315,2026-05-15,30.700000762939453,31.719999313354492,30.459999084472656,31.600000381469727,152641980,Xiaomi_Corporation,Hongkong
316,2026-05-18,30.65999984741211,31.059999465942383,30.139999389648438,31.0,116608436,Xiaomi_Corporation,Hongkong
317,2026-05-19,30.639999389648438,31.059999465942383,30.34000015258789,30.68000030517578,89701522,Xiaomi_Corporation,Hongkong
318,2026-05-20,30.139999389648438,30.540000915527344,29.860000610351562,30.540000915527344,109868643,Xiaomi_Corporation,Hongkong
0,2025-02-03,17.87474250793457,17.893057212042287,16.77588471367993,16.830827079416768,7158244,Wharf_Investment,Hongkong
1,2025-02-04,18.11282730102539,18.29596909101355,17.545083734913824,17.874741402113198,4256783,Wharf_Investment,Hongkong
2,2025-02-05,17.233739852905273,18.039569275014536,17.14216808949475,18.112826336425734,2776799,Wharf_Investment,Hongkong
3,2025-02-06,17.673282623291016,17.673282623291016,17.03228375801225,17.508455541306983,3701373,Wharf_Investment,Hongkong
4,2025-02-07,17.636653900146484,17.874739777418252,17.600024497526498,17.764853316144343,2054621,Wharf_Investment,Hongkong
5,2025-02-10,17.61834144592285,18.0029414895553,17.54508437792554,17.92968442155799,2795363,Wharf_Investment,Hongkong
6,2025-02-11,17.215425491333008,18.002940227015685,17.215425491333008,18.002940227015685,2414811,Wharf_Investment,Hongkong
7,2025-02-12,18.22271156311035,18.405855095035548,17.416883865129055,17.416883865129055,5742593,Wharf_Investment,Hongkong
8,2025-02-13,18.14945411682129,18.68056825229788,18.112826459160555,18.588996488266854,4489948,Wharf_Investment,Hongkong
9,2025-02-14,18.20439910888672,18.543214160816937,17.948000228428977,17.96631493320064,2839660,Wharf_Investment,Hongkong
10,2025-02-17,18.24102783203125,18.405856675601036,17.76485600540439,18.0395713268828,2918365,Wharf_Investment,Hongkong
11,2025-02-18,17.838111877441406,18.2043972015661,17.61834068296659,18.2043972015661,5399958,Wharf_Investment,Hongkong
12,2025-02-19,18.167770385742188,18.204398046561707,17.636656204462046,17.947999181066226,3429503,Wharf_Investment,Hongkong
13,2025-02-20,18.076196670532227,18.360067561064515,18.00293961018241,18.360067561064515,1788748,Wharf_Investment,Hongkong
14,2025-02-21,17.893054962158203,18.405854386590363,17.600024973039446,18.16776850288605,3954944,Wharf_Investment,Hongkong
15,2025-02-24,18.543210983276367,18.7721395139341,17.58171185314832,17.89305479456972,5418090,Wharf_Investment,Hongkong
16,2025-02-25,18.497426986694336,18.81792554986208,18.07619755903846,18.22271168693976,4987296,Wharf_Investment,Hongkong
17,2025-02-26,18.726356506347656,19.09264184520083,18.634784734987797,18.772141518734454,3810712,Wharf_Investment,Hongkong
18,2025-02-27,18.955284118652344,19.092640895567122,18.4974270312123,18.4974270312123,5001570,Wharf_Investment,Hongkong
19,2025-02-28,18.588998794555664,19.138427700321905,18.45164200476069,18.909499135134833,6623467,Wharf_Investment,Hongkong
20,2025-03-03,18.634784698486328,19.138426820099635,18.58899793960295,18.72635646966682,4758034,Wharf_Investment,Hongkong
21,2025-03-04,19.001068115234375,19.229996646743224,18.25934016218981,18.588996059884014,5820353,Wharf_Investment,Hongkong
22,2025-03-05,19.870996475219727,19.870996475219727,18.955282384132847,19.001067390052782,5044482,Wharf_Investment,Hongkong
23,2025-03-06,19.687856674194336,20.42042738669261,19.550499883924203,20.099928791591083,6459115,Wharf_Investment,Hongkong
24,2025-03-07,19.458927154541016,19.870999251742273,19.367355383320042,19.687855709300322,6660678,Wharf_Investment,Hongkong
25,2025-03-10,18.81792640686035,19.6878556091552,18.405856058341413,19.504712067644835,9501721,Wharf_Investment,Hongkong
26,2025-03-11,18.726356506347656,18.772141518734454,18.094513205209513,18.68056974737459,7188832,Wharf_Investment,Hongkong
27,2025-03-12,17.9846248626709,18.58899604566508,17.874740145718913,18.20439604316096,9044263,Wharf_Investment,Hongkong
28,2025-03-13,18.094512939453125,18.29596943621699,17.709912902659394,17.984626466117955,5163790,Wharf_Investment,Hongkong
29,2025-03-14,17.966312408447266,18.314283017277642,17.911368301853415,18.314283017277642,3417282,Wharf_Investment,Hongkong
30,2025-03-17,18.094512939453125,18.31428413953722,18.00294116943819,18.094512939453125,2600207,Wharf_Investment,Hongkong
31,2025-03-18,18.405855178833008,18.543211955109175,18.11282692368754,18.49742694521251,3283396,Wharf_Investment,Hongkong
32,2025-03-19,18.634784698486328,18.72635646966682,18.27765496554104,18.451641156125344,3426585,Wharf_Investment,Hongkong
33,2025-03-20,18.094512939453125,18.634784461296373,18.094512939453125,18.634784461296373,4399008,Wharf_Investment,Hongkong
34,2025-03-21,17.61834144592285,18.204397989901338,17.563399081571436,18.186085032841714,6774847,Wharf_Investment,Hongkong
35,2025-03-24,17.801483154296875,17.874740214743113,17.545082569441995,17.618339629888233,1985438,Wharf_Investment,Hongkong
36,2025-03-25,17.691598892211914,17.838113031339383,17.545084753084442,17.81979832730187,2792151,Wharf_Investment,Hongkong
37,2025-03-26,17.654970169067383,17.728227234225912,17.4351989735918,17.728227234225912,3162172,Wharf_Investment,Hongkong
38,2025-03-27,17.54508399963379,17.764855198887208,17.490141636466994,17.52676929638278,1663585,Wharf_Investment,Hongkong
39,2025-03-28,17.38025665283203,17.600027870917273,17.325314284957315,17.581714912683292,3096731,Wharf_Investment,Hongkong
40,2025-03-31,17.3253116607666,17.45351108191858,17.087225773922842,17.34362636281292,4100927,Wharf_Investment,Hongkong
41,2025-04-01,18.167770385742188,18.259342157670407,17.325313227857865,17.325313227857865,5475530,Wharf_Investment,Hongkong
42,2025-04-02,18.11282730102539,18.40585556227541,17.874741402113198,18.204397322726365,3517697,Wharf_Investment,Hongkong
43,2025-04-03,18.396133422851562,18.4150210562286,17.659533733385686,17.659533733385686,4989701,Wharf_Investment,Hongkong
44,2025-04-07,16.394092559814453,17.772857495676075,16.37520492477481,17.772857495676075,8173706,Wharf_Investment,Hongkong
45,2025-04-08,16.16744613647461,16.696287302260643,15.978573390939031,16.29965597761512,6458350,Wharf_Investment,Hongkong
46,2025-04-09,15.903024673461914,15.997461046351393,15.449732245061213,15.808588300572435,4385929,Wharf_Investment,Hongkong
47,2025-04-10,16.1485595703125,16.582964392077624,15.921913341405812,15.997462084374709,3226169,Wharf_Investment,Hongkong
48,2025-04-11,16.299654006958008,16.318541639472816,15.789698736400837,16.148556549287093,3647430,Wharf_Investment,Hongkong
49,2025-04-14,16.526302337646484,16.752948553558756,16.299656121734213,16.299656121734213,3030850,Wharf_Investment,Hongkong
50,2025-04-15,16.45075225830078,16.7907224550742,16.318542426766168,16.52630099078111,2932694,Wharf_Investment,Hongkong
51,2025-04-16,16.45075225830078,16.715173722593867,16.242993694285836,16.507413357355063,2812723,Wharf_Investment,Hongkong
52,2025-04-17,16.96070671081543,17.09291835104619,16.431865553564283,16.431865553564283,3752958,Wharf_Investment,Hongkong
53,2025-04-22,17.206241607666016,17.414001997350823,16.771836795096103,16.86627317211428,7188406,Wharf_Investment,Hongkong
54,2025-04-23,17.43288803100586,17.659536058929348,17.22512944017077,17.22512944017077,2846845,Wharf_Investment,Hongkong
55,2025-04-24,17.074031829833984,17.508438445390095,16.9984830881578,17.281790419137465,1991542,Wharf_Investment,Hongkong
56,2025-04-25,17.281789779663086,17.659535275290445,16.97959482414041,17.07403119804725,3277245,Wharf_Investment,Hongkong
57,2025-04-28,17.281789779663086,17.414001423622267,17.13069230190175,17.414001423622267,1675080,Wharf_Investment,Hongkong
58,2025-04-29,17.244016647338867,17.54621160875865,17.130692636194425,17.281790116904315,2112850,Wharf_Investment,Hongkong
59,2025-04-30,17.565099716186523,17.716197200956913,17.14958073245591,17.244017110743425,5459474,Wharf_Investment,Hongkong
60,2025-05-02,17.735084533691406,17.81063327478515,17.35733902699861,17.376226662578063,2108997,Wharf_Investment,Hongkong
61,2025-05-06,17.829517364501953,18.112826466799433,17.73508279829335,17.867292631964506,2836357,Wharf_Investment,Hongkong
62,2025-05-07,18.207263946533203,18.43391016148291,17.829518453726354,17.829518453726354,3471160,Wharf_Investment,Hongkong
63,2025-05-08,17.98061752319336,18.245037203624804,17.92395461919464,18.207263735516303,2702656,Wharf_Investment,Hongkong
64,2025-05-09,18.415021896362305,18.415021896362305,18.018390583468623,18.188375689169334,3697720,Wharf_Investment,Hongkong
65,2025-05-12,18.75499153137207,18.98163773159959,18.41502133041885,18.41502133041885,4831764,Wharf_Investment,Hongkong
66,2025-05-13,18.415021896362305,18.849426676509516,18.339473160631314,18.773877940778526,3092027,Wharf_Investment,Hongkong
67,2025-05-14,18.679443359375,18.792765562282725,18.415021883883743,18.660555725149067,2909330,Wharf_Investment,Hongkong
68,2025-05-15,18.45279884338379,18.64166979927979,18.301699556953242,18.45279884338379,3776019,Wharf_Investment,Hongkong
69,2025-05-16,18.26392364501953,18.452796376893996,18.18837491251452,18.28281127845175,3017957,Wharf_Investment,Hongkong
70,2025-05-19,18.18837547302246,18.358360576703106,18.037278003356093,18.037278003356093,1418808,Wharf_Investment,Hongkong
71,2025-05-20,18.339473724365234,18.641668676578313,18.150600978620062,18.377247192779873,1915073,Wharf_Investment,Hongkong
72,2025-05-21,18.45279884338379,18.566121056676568,18.339474828866905,18.35836246482374,2658434,Wharf_Investment,Hongkong
73,2025-05-22,18.15060043334961,18.547231746519895,18.05616586453797,18.452797177708256,2187796,Wharf_Investment,Hongkong
74,2025-05-23,18.245037078857422,18.245037078857422,18.093939605008728,18.188375976470155,1737809,Wharf_Investment,Hongkong
75,2025-05-26,18.509458541870117,18.641668381061486,18.150600690887877,18.150600690887877,2672464,Wharf_Investment,Hongkong
76,2025-05-27,18.490571975708008,18.660557093760666,18.41502323448728,18.50945961131921,1767859,Wharf_Investment,Hongkong
77,2025-05-28,18.45279884338379,18.754993813796673,18.320587192910075,18.415023571470126,1503218,Wharf_Investment,Hongkong
78,2025-05-29,18.45279884338379,18.60389632859023,18.245038450306854,18.45279884338379,2442809,Wharf_Investment,Hongkong
79,2025-05-30,18.566120147705078,18.73610526054612,18.320586295959583,18.320586295959583,5906976,Wharf_Investment,Hongkong
80,2025-06-02,18.339473724365234,18.358361359184553,17.9806176689182,18.32058608954592,2605709,Wharf_Investment,Hongkong
81,2025-06-03,18.934419631958008,19.028856003935708,18.35836118521959,18.433909922556953,5474132,Wharf_Investment,Hongkong
82,2025-06-04,18.77387809753418,19.028855758214227,18.754992264361697,18.887202102688853,2155972,Wharf_Investment,Hongkong
83,2025-06-05,19.076074600219727,19.170509168546175,18.717216756173062,18.75499202448279,3325595,Wharf_Investment,Hongkong
84,2025-06-06,18.868314743041992,19.217728779568244,18.811653640251567,18.981638749846823,5512120,Wharf_Investment,Hongkong
85,2025-06-09,19.123291015625,19.217727380885204,18.754991172456446,18.754991172456446,2600421,Wharf_Investment,Hongkong
86,2025-06-10,19.217729568481445,19.406600519277593,19.123293192471344,19.264946855874467,2164329,Wharf_Investment,Hongkong
87,2025-06-11,19.406599044799805,19.595471782469804,19.123291739518724,19.264945392159266,2950047,Wharf_Investment,Hongkong
88,2025-06-12,19.501035690307617,19.642689344957883,19.170509295307703,19.170509295307703,5490984,Wharf_Investment,Hongkong
89,2025-06-13,19.784345626831055,19.973216573842144,19.406600130360832,19.642690165042712,3141661,Wharf_Investment,Hongkong
90,2025-06-16,19.92599868774414,20.162088715321147,19.64268957391735,19.737125945192947,4180200,Wharf_Investment,Hongkong
91,2025-06-17,20.020435333251953,20.11486990459711,19.831562588113655,20.020435333251953,2140098,Wharf_Investment,Hongkong
92,2025-06-18,19.878780364990234,20.020435827956256,19.73712670324825,19.831563078150918,2666573,Wharf_Investment,Hongkong
93,2025-06-19,20.114870071411133,20.20930644476345,19.689909093161717,19.878780038642343,4261243,Wharf_Investment,Hongkong
94,2025-06-20,20.25652503967285,20.49261506670296,20.06765229755918,20.06765229755918,5457254,Wharf_Investment,Hongkong
95,2025-06-23,20.870359420776367,20.91757670721104,20.020435656384137,20.256525691005535,4149502,Wharf_Investment,Hongkong
96,2025-06-24,21.24810218811035,21.625845866765303,20.91757579382829,20.91757579382829,3330211,Wharf_Investment,Hongkong
97,2025-06-25,21.625844955444336,22.23967863254445,21.34253765869778,21.34253765869778,5082521,Wharf_Investment,Hongkong
98,2025-06-26,21.24810218811035,21.342538558080076,20.964794879425124,21.059229448170907,4120813,Wharf_Investment,Hongkong
99,2025-06-27,21.059228897094727,21.57862801772464,20.9647943308201,21.436974367088805,3753412,Wharf_Investment,Hongkong
100,2025-06-30,20.96479606628418,21.48419342868587,20.870359690968225,21.248103391008005,5675133,Wharf_Investment,Hongkong
101,2025-07-02,21.295320510864258,21.34253959876354,20.77592315254036,20.77592315254036,5798583,Wharf_Investment,Hongkong
102,2025-07-03,22.759078979492188,23.325695404946458,21.720282499696683,21.720282499696683,10402559,Wharf_Investment,Hongkong
103,2025-07-04,22.995168685913086,23.231258709790584,22.52298863815809,22.6646422922398,9546909,Wharf_Investment,Hongkong
104,2025-07-07,22.806297302246094,23.325696466391285,22.66464363974251,23.231260090980882,5948370,Wharf_Investment,Hongkong
105,2025-07-08,22.428552627563477,22.9007326828806,22.192462599904914,22.711859940264166,7482254,Wharf_Investment,Hongkong
106,2025-07-09,22.192462921142578,22.47577023794416,21.8147192316658,22.428552952218563,4362596,Wharf_Investment,Hongkong
107,2025-07-10,21.436975479125977,22.19246285585705,21.153666361933837,22.14524557027035,8655236,Wharf_Investment,Hongkong
108,2025-07-11,21.24810218811035,21.57862858239241,21.20088490373746,21.4369749280498,4948742,Wharf_Investment,Hongkong
109,2025-07-14,21.342538833618164,21.57862886097849,21.24810246242924,21.24810246242924,2267025,Wharf_Investment,Hongkong
110,2025-07-15,21.909154891967773,22.098025829953052,21.24810210595946,21.436974845168674,5808615,Wharf_Investment,Hongkong
111,2025-07-16,21.625844955444336,22.098024984171172,21.5786276730612,21.909154053414756,2184556,Wharf_Investment,Hongkong
112,2025-07-17,21.81471824645996,22.00358918205648,21.62584550963953,21.62584550963953,2022931,Wharf_Investment,Hongkong
113,2025-07-18,22.050809860229492,22.050809860229492,21.720283447522387,21.814719822756423,1602467,Wharf_Investment,Hongkong
114,2025-07-21,22.192462921142578,22.381335666492962,22.098026548467384,22.098026548467384,2277610,Wharf_Investment,Hongkong
115,2025-07-22,22.47576904296875,22.900731796801008,22.28689810888411,22.28689810888411,4090769,Wharf_Investment,Hongkong
116,2025-07-23,22.664642333984375,22.900732358296715,22.42855230967204,22.47576959404493,3574538,Wharf_Investment,Hongkong
117,2025-07-24,23.231258392333984,23.27847567597468,22.475769245515433,22.66464198252605,3853966,Wharf_Investment,Hongkong
118,2025-07-25,23.04238510131836,23.56178421499775,23.04238510131836,23.231257833787932,3937174,Wharf_Investment,Hongkong
119,2025-07-28,23.892309188842773,24.08118192442587,23.04238548116664,23.13682184895819,4765538,Wharf_Investment,Hongkong
120,2025-07-29,24.0811824798584,24.12839976423129,23.609002431233726,23.892309739918954,4167635,Wharf_Investment,Hongkong
121,2025-07-30,24.128398895263672,24.270054345728603,23.609001580971842,23.892308879453953,3544116,Wharf_Investment,Hongkong
122,2025-07-31,23.561784744262695,24.033964784819272,23.4673483759066,23.797874764540985,3369850,Wharf_Investment,Hongkong
123,2025-08-01,23.04238510131836,23.703437863737996,22.900731452578114,23.514565131268423,5865509,Wharf_Investment,Hongkong
124,2025-08-04,23.231258392333984,23.401243495398756,22.815739451644976,23.023498021377524,2826410,Wharf_Investment,Hongkong
125,2025-08-05,23.325695037841797,23.51456597587142,23.04238592896146,23.04238592896146,4579100,Wharf_Investment,Hongkong
126,2025-08-06,23.136823654174805,23.760101208515877,23.042387279014996,23.344582238547147,4347356,Wharf_Investment,Hongkong
127,2025-08-07,24.270055770874023,24.64779945810603,23.042386535840034,23.042386535840034,7362091,Wharf_Investment,Hongkong
128,2025-08-08,22.3057861328125,23.930084840225877,21.059229300175524,23.911197206119876,18393857,Wharf_Investment,Hongkong
129,2025-08-11,22.664642333984375,22.796852171207625,22.381335025299148,22.381335025299148,5967654,Wharf_Investment,Hongkong
130,2025-08-12,22.91017723083496,23.080162344366496,22.607982273989577,22.66464337809208,4762356,Wharf_Investment,Hongkong
131,2025-08-13,23.117935180664062,23.2123715523997,22.815740232089208,23.04238644352035,3791503,Wharf_Investment,Hongkong
132,2025-08-14,23.212371826171875,23.47679330990551,22.96683797725293,23.136823088137124,4887206,Wharf_Investment,Hongkong
133,2025-08-15,22.154685974121094,23.06127256144634,21.984702677644975,23.0423849280966,7748463,Wharf_Investment,Hongkong
134,2025-08-18,21.72028350830078,22.305787595410948,21.72028350830078,22.154688313879255,7340426,Wharf_Investment,Hongkong
135,2025-08-19,21.890268325805664,22.060253439142567,21.644734473343917,21.68250794229433,4794257,Wharf_Investment,Hongkong
136,2025-08-20,22.098026275634766,22.15468737805072,21.19144143208362,21.89026769929362,4345481,Wharf_Investment,Hongkong
137,2025-08-21,22.26801109313965,22.400220930790667,21.928040880638235,21.928040880638235,2749234,Wharf_Investment,Hongkong
138,2025-08-22,22.041366577148438,22.570207769571258,21.89026909359906,22.38133681574658,3668195,Wharf_Investment,Hongkong
139,2025-08-25,22.21135139465332,22.702419110128513,22.079139747425963,22.079139747425963,8230508,Wharf_Investment,Hongkong
140,2025-08-26,22.017024993896484,22.541703446409816,21.997592046789805,22.191917811400927,6128078,Wharf_Investment,Hongkong
141,2025-08-27,21.531211853027344,22.075321384697567,21.414617879997618,21.99759145160182,5632810,Wharf_Investment,Hongkong
142,2025-08-28,22.075321197509766,22.191917022778604,21.51177872403722,21.51177872403722,4117825,Wharf_Investment,Hongkong
143,2025-08-29,21.95872688293457,22.36680948516817,21.822698113371544,22.01702386804573,4747427,Wharf_Investment,Hongkong
144,2025-09-01,22.366809844970703,22.52226970991975,21.88099730369798,21.88099730369798,2567601,Wharf_Investment,Hongkong
145,2025-09-02,21.939294815063477,22.541703196085994,21.80326789328296,22.541703196085994,2827267,Wharf_Investment,Hongkong
146,2025-09-03,21.647808074951172,22.153051722694183,21.472915258982205,21.861564931564455,4638189,Wharf_Investment,Hongkong
147,2025-09-04,21.16199493408203,21.861564325330612,21.064832055323897,21.57007754228398,7088543,Wharf_Investment,Hongkong
148,2025-09-05,21.978160858154297,22.094754833836017,21.025966839538484,21.025966839538484,14293130,Wharf_Investment,Hongkong
149,2025-09-08,21.978160858154297,22.211350662745566,21.822699135198953,21.978160858154297,3797217,Wharf_Investment,Hongkong
150,2025-09-09,22.44454002380371,22.483404063853673,21.997591517248516,22.055890357165147,3708573,Wharf_Investment,Hongkong
151,2025-09-10,22.794322967529297,22.930351735822658,22.34737633046922,22.54170208332961,3417371,Wharf_Investment,Hongkong
152,2025-09-11,22.96921730041504,23.066380183300236,22.4834047392169,22.63886461054208,3726412,Wharf_Investment,Hongkong
153,2025-09-12,23.5910587310791,23.5910587310791,23.12467726205426,23.319003028583598,5581993,Wharf_Investment,Hongkong
154,2025-09-15,23.55219268798828,23.746518453292417,23.241272946083935,23.35786877591199,4548758,Wharf_Investment,Hongkong
155,2025-09-16,23.280136108398438,23.76594865009184,22.94978528501648,23.513327759251712,3474872,Wharf_Investment,Hongkong
156,2025-09-17,22.96921730041504,23.26070594907063,22.677730504987295,23.202407107402802,7106312,Wharf_Investment,Hongkong
157,2025-09-18,22.677730560302734,23.221840111268044,22.52227068859836,22.969217356441472,2557073,Wharf_Investment,Hongkong
158,2025-09-19,22.93035316467285,22.93035316467285,22.561134581876683,22.677730411503852,9787458,Wharf_Investment,Hongkong
159,2025-09-22,22.172483444213867,22.891485762060565,21.997590637910776,22.736025901619534,3796581,Wharf_Investment,Hongkong
160,2025-09-23,21.842130661010742,22.230780310041098,21.72553669291549,22.153050380235026,2490451,Wharf_Investment,Hongkong
161,2025-09-24,21.74496841430664,21.86156423900153,21.58950855019863,21.84213129268109,3291074,Wharf_Investment,Hongkong
162,2025-09-25,21.220293045043945,21.78383554784412,21.142563108562122,21.744969652989276,4505009,Wharf_Investment,Hongkong
163,2025-09-26,21.2591552734375,21.37575109482949,21.02596548388123,21.18142534358541,2657263,Wharf_Investment,Hongkong
164,2025-09-29,22.055891036987305,22.34737783264369,21.161995849552444,21.278589826523856,6248654,Wharf_Investment,Hongkong
165,2025-09-30,22.34737777709961,22.54170354253944,22.191917906038885,22.54170354253944,4829506,Wharf_Investment,Hongkong
166,2025-10-02,21.997591018676758,22.67772930979987,21.978159925706077,22.46397246130037,5156427,Wharf_Investment,Hongkong
167,2025-10-03,21.74496841430664,22.055889995750427,21.628374442839515,21.86156423900153,3180263,Wharf_Investment,Hongkong
168,2025-10-06,21.51177978515625,21.764402541343465,21.434049848885405,21.550645679905603,2574086,Wharf_Investment,Hongkong
169,2025-10-08,21.570077896118164,21.958727564298314,21.259156308346242,21.53121200268625,3645060,Wharf_Investment,Hongkong
170,2025-10-09,22.017024993896484,22.211350758507606,21.49234839461099,21.57007832980987,3680238,Wharf_Investment,Hongkong
171,2025-10-10,22.017024993896484,22.017024993896484,21.78383518829984,22.017024993896484,2938238,Wharf_Investment,Hongkong
172,2025-10-13,21.78383445739746,21.803267403852114,21.317454861852376,21.570077606079575,2912085,Wharf_Investment,Hongkong
173,2025-10-14,21.434049606323242,21.99759210121642,21.39518556524156,21.783835242197572,4821296,Wharf_Investment,Hongkong
174,2025-10-15,21.531211853027344,21.589508839542205,20.909372388261374,21.57007774618911,5121941,Wharf_Investment,Hongkong
175,2025-10-16,21.220293045043945,21.53121279097123,21.025967277225455,21.453482854489412,3524571,Wharf_Investment,Hongkong
176,2025-10-17,20.928804397583008,21.472913904886255,20.831641522257645,21.025965419680666,7048653,Wharf_Investment,Hongkong
177,2025-10-20,21.86156463623047,21.900430529577555,20.92880543463398,20.92880543463398,6432930,Wharf_Investment,Hongkong
178,2025-10-21,22.094755172729492,22.13362106737142,21.84213241724055,21.86156536456151,4261583,Wharf_Investment,Hongkong
179,2025-10-22,21.95872688293457,22.3473765390552,21.90042989782341,22.07532085315689,4095539,Wharf_Investment,Hongkong
180,2025-10-23,21.939294815063477,22.250214552406266,21.764401999501203,21.880997827618657,3382967,Wharf_Investment,Hongkong
181,2025-10-24,22.055891036987305,22.250214949682277,21.900431165540184,21.93929520678804,3523573,Wharf_Investment,Hongkong
182,2025-10-27,22.40567398071289,22.54170275304769,22.15305123578001,22.26964706160587,2900293,Wharf_Investment,Hongkong
183,2025-10-28,22.4834041595459,22.638864026862983,22.289080252013445,22.541702999710655,2740619,Wharf_Investment,Hongkong
184,2025-10-30,21.72553825378418,22.736027413861574,21.64780831839361,22.736027413861574,6537186,Wharf_Investment,Hongkong
185,2025-10-31,21.472915649414062,21.7255384044928,21.35631981890547,21.686672509913983,3913083,Wharf_Investment,Hongkong
186,2025-11-03,22.017024993896484,22.055890888109843,21.317455577106546,21.49234839461099,3750868,Wharf_Investment,Hongkong
187,2025-11-04,22.075321197509766,22.269646955215237,21.9587272254687,21.99759126507313,4144745,Wharf_Investment,Hongkong
188,2025-11-05,22.327943801879883,22.327943801879883,21.64780736061122,21.95872708841721,4767714,Wharf_Investment,Hongkong
189,2025-11-06,22.502836227416992,22.61943204996504,22.366809312134038,22.54170211934225,3168170,Wharf_Investment,Hongkong
190,2025-11-07,22.677730560302734,22.8137574847371,22.34737786962398,22.48340479405834,3458688,Wharf_Investment,Hongkong
191,2025-11-10,23.260705947875977,23.338435883534572,22.619433515385598,22.619433515385598,3794776,Wharf_Investment,Hongkong
192,2025-11-11,23.707651138305664,23.746517030328665,23.182974568589263,23.35786737623731,3290425,Wharf_Investment,Hongkong
193,2025-11-12,24.795873641967773,24.854170630580885,23.610489803058076,23.610489803058076,6814491,Wharf_Investment,Hongkong
194,2025-11-13,24.310060501098633,24.83473709259263,23.86311199042141,24.79587305218424,5543235,Wharf_Investment,Hongkong
195,2025-11-14,24.69870948791504,24.757006473528463,24.05743708648409,24.251760989604758,6088386,Wharf_Investment,Hongkong
196,2025-11-17,24.543249130249023,24.834735905678382,24.38778926958967,24.65984309912968,6113992,Wharf_Investment,Hongkong
197,2025-11-18,23.474462509155273,24.58211454151357,23.416165521459526,24.58211454151357,2872960,Wharf_Investment,Hongkong
198,2025-11-19,23.299570083618164,23.591058733441358,23.221840147644215,23.591058733441358,3383967,Wharf_Investment,Hongkong
199,2025-11-20,23.629920959472656,23.843679656900136,23.280135347847843,23.47446109946779,5703077,Wharf_Investment,Hongkong
200,2025-11-21,22.988649368286133,23.53275889711122,22.949785328555375,23.513327803859728,3737702,Wharf_Investment,Hongkong
201,2025-11-24,23.20240592956543,23.455028670951766,23.00808202688746,23.221838875801552,9130531,Wharf_Investment,Hongkong
202,2025-11-25,23.357868194580078,23.96027471622006,23.299569354503074,23.377299288044615,4006313,Wharf_Investment,Hongkong
203,2025-11-26,23.513328552246094,23.921411175160376,23.513328552246094,23.804815345801508,3509518,Wharf_Investment,Hongkong
204,2025-11-27,23.746517181396484,23.901977044022015,23.5521914265007,23.70765128912623,4265524,Wharf_Investment,Hongkong
205,2025-11-28,23.86311149597168,23.940841428405683,23.45502888738623,23.940841428405683,3227624,Wharf_Investment,Hongkong
206,2025-12-01,24.135168075561523,24.776440505081887,23.76594949297232,23.92141121679735,5601341,Wharf_Investment,Hongkong
207,2025-12-02,24.368356704711914,24.484952528643326,23.9602741007936,23.9602741007936,5133268,Wharf_Investment,Hongkong
208,2025-12-03,24.193464279174805,24.523816956788004,24.057437360120353,24.523816956788004,3688467,Wharf_Investment,Hongkong
209,2025-12-04,24.096302032470703,24.310060743142465,23.824248187219847,24.17403196728921,1937275,Wharf_Investment,Hongkong
210,2025-12-05,24.135168075561523,24.135168075561523,23.824248334367148,24.096302181298306,2393248,Wharf_Investment,Hongkong
211,2025-12-08,23.5910587310791,24.174032324211407,23.5910587310791,23.86311258034675,2557938,Wharf_Investment,Hongkong
212,2025-12-09,23.435598373413086,23.8048150982929,23.377299532725893,23.513328307768194,2425250,Wharf_Investment,Hongkong
213,2025-12-10,23.396732330322266,23.591058091583914,23.31900239646317,23.591058091583914,2864361,Wharf_Investment,Hongkong
214,2025-12-11,23.513328552246094,23.843681239997075,23.513328552246094,23.59105848740939,1054927,Wharf_Investment,Hongkong
215,2025-12-12,24.21289825439453,24.21289825439453,23.513328829670883,23.513328829670883,3120694,Wharf_Investment,Hongkong
216,2025-12-15,23.68821907043457,24.057437645429374,23.64935503019858,23.76594900413435,2799626,Wharf_Investment,Hongkong
217,2025-12-16,23.37729835510254,23.74651691461091,23.24127144014036,23.6882180768605,1949955,Wharf_Investment,Hongkong
218,2025-12-17,23.396732330322266,23.532759251268736,23.163542528744973,23.37729938355054,1709420,Wharf_Investment,Hongkong
219,2025-12-18,23.532758712768555,23.727084469583446,23.280135970200302,23.59105755174968,1665130,Wharf_Investment,Hongkong
220,2025-12-19,24.115734100341797,24.115734100341797,23.532758683841493,23.532758683841493,6089385,Wharf_Investment,Hongkong
221,2025-12-22,24.135168075561523,24.271194999027106,23.940842310701118,23.90197826966574,2684603,Wharf_Investment,Hongkong
222,2025-12-23,24.290626525878906,24.620979194889077,24.1351666643715,24.1351666643715,1606032,Wharf_Investment,Hongkong
223,2025-12-24,24.426654815673828,24.426654815673828,24.426654815673828,24.426654815673828,0,Wharf_Investment,Hongkong
224,2025-12-29,24.03800392150879,24.659843371001923,23.882544059135505,24.58211343981528,3056554,Wharf_Investment,Hongkong
225,2025-12-30,24.193464279174805,24.29062715845418,23.824247561786525,23.901977494564466,2192885,Wharf_Investment,Hongkong
226,2025-12-31,23.882545471191406,23.882545471191406,23.882545471191406,23.882545471191406,0,Wharf_Investment,Hongkong
227,2026-01-02,24.52381706237793,24.52381706237793,23.688218891496458,23.97970753058961,1573094,Wharf_Investment,Hongkong
228,2026-01-05,23.649354934692383,24.60154708197628,23.416165134534765,24.523817148590407,2915225,Wharf_Investment,Hongkong
229,2026-01-06,23.435598373413086,23.92141092643947,23.338435492162244,23.64935522958268,2900091,Wharf_Investment,Hongkong
230,2026-01-07,23.571624755859375,23.86311153971425,23.377298997804274,23.43559783715747,2466763,Wharf_Investment,Hongkong
231,2026-01-08,23.20240592956543,23.68821846610198,22.969216134415216,23.57162449514075,5265857,Wharf_Investment,Hongkong
232,2026-01-09,23.085811614990234,23.377298391282515,22.891485861976896,23.221838530162934,7954673,Wharf_Investment,Hongkong
233,2026-01-12,23.10524559020996,23.455029366697023,22.61943303926278,23.22183956462971,6348045,Wharf_Investment,Hongkong
234,2026-01-13,23.629920959472656,23.863110749479958,23.20240541784541,23.20240541784541,5334607,Wharf_Investment,Hongkong
235,2026-01-14,23.86311149597168,23.86311149597168,23.45502888738623,23.610488752254234,4846252,Wharf_Investment,Hongkong
236,2026-01-15,23.8048152923584,24.25176195523699,23.727085357369607,23.863112280293034,4273723,Wharf_Investment,Hongkong
237,2026-01-16,24.46552085876465,24.46552085876465,23.688219649536496,24.076871180764496,4808657,Wharf_Investment,Hongkong
238,2026-01-19,24.446086883544922,24.65984373414909,24.251761126102757,24.251761126102757,3869098,Wharf_Investment,Hongkong
239,2026-01-20,24.640413284301758,24.757007259228892,24.368357587425418,24.387790534322548,3755062,Wharf_Investment,Hongkong
240,2026-01-21,24.65984344482422,24.83473625382466,23.727084267792186,23.727084267792186,3630124,Wharf_Investment,Hongkong
241,2026-01-22,25.84522819519043,25.981255117023554,24.77644020774038,24.77644020774038,8878703,Wharf_Investment,Hongkong
242,2026-01-23,25.5343074798584,26.156146930970333,25.378847617080414,25.942390082957544,5940152,Wharf_Investment,Hongkong
243,2026-01-26,26.03955078125,26.369903448824036,25.514874214250348,25.922956812240177,5026010,Wharf_Investment,Hongkong
244,2026-01-27,26.117280960083008,26.311606714584695,25.84522712765394,26.03955102892788,4092585,Wharf_Investment,Hongkong
245,2026-01-28,26.933446884155273,26.95287983077072,26.136714605199852,26.175580498430747,6073374,Wharf_Investment,Hongkong
246,2026-01-29,26.991744995117188,27.01117608798013,26.000686983225386,26.81685218675655,4902132,Wharf_Investment,Hongkong
247,2026-01-30,26.408769607543945,26.991745018168025,26.292173784128032,26.991745018168025,4868393,Wharf_Investment,Hongkong
248,2026-02-02,26.097850799560547,26.27274361421456,25.689768183110452,26.175580733492573,3775088,Wharf_Investment,Hongkong
249,2026-02-03,26.50593376159668,26.75855651347643,26.097851139825977,26.156148127728127,3405264,Wharf_Investment,Hongkong
250,2026-02-04,27.205501556396484,27.30266443260059,26.4282022532191,26.680823136830963,4480885,Wharf_Investment,Hongkong
251,2026-02-05,27.39982795715332,27.555287821467367,27.10833932164366,27.10833932164366,4260450,Wharf_Investment,Hongkong
252,2026-02-06,27.205501556396484,27.73017997596201,26.777986013035065,27.205501556396484,4786008,Wharf_Investment,Hongkong
253,2026-02-09,27.496990203857422,27.730181863914733,27.108340525808313,27.20550340862755,2252616,Wharf_Investment,Hongkong
254,2026-02-10,27.769044876098633,27.769044876098633,27.30266527972182,27.516422131420914,1834779,Wharf_Investment,Hongkong
255,2026-02-11,27.943937301635742,28.15769415037899,27.730180452892494,27.924504355415152,2470019,Wharf_Investment,Hongkong
256,2026-02-12,27.613584518432617,28.118829998782147,27.380394724400777,27.94393718995133,2752756,Wharf_Investment,Hongkong
257,2026-02-13,27.516422271728516,27.613585151442734,27.030609726385208,27.419259392014297,3232156,Wharf_Investment,Hongkong
258,2026-02-16,27.943937301635742,27.943937301635742,27.943937301635742,27.943937301635742,0,Wharf_Investment,Hongkong
259,2026-02-20,27.496990203857422,27.905072829115948,27.224936355836967,27.224936355836967,4076789,Wharf_Investment,Hongkong
260,2026-02-23,27.88564109802246,28.09939795275874,27.63301834975533,27.652449443292948,3611520,Wharf_Investment,Hongkong
261,2026-02-24,27.96337127685547,28.07996525201395,27.652449685567937,27.691315579439312,2396743,Wharf_Investment,Hongkong
262,2026-02-25,27.74961280822754,28.06053254898987,27.438693067465213,27.963371519922518,5755466,Wharf_Investment,Hongkong
263,2026-02-26,27.516422271728516,28.546344348952548,27.419259392014297,27.963370777122808,4325009,Wharf_Investment,Hongkong
264,2026-02-27,28.079965591430664,28.15769552688515,26.95288060072666,27.633018925874318,5719834,Wharf_Investment,Hongkong
265,2026-03-02,27.613584518432617,28.235423969184197,27.419258763458878,27.769044381120512,3221757,Wharf_Investment,Hongkong
266,2026-03-03,26.777986526489258,27.807910439482207,26.661392555390883,27.59415173708892,5591996,Wharf_Investment,Hongkong
267,2026-03-04,26.03955078125,26.564229201477374,25.864659827735267,26.564229201477374,3361336,Wharf_Investment,Hongkong
268,2026-03-05,26.972312927246094,27.302665608632992,26.039551870027854,26.039551870027854,3935022,Wharf_Investment,Hongkong
269,2026-03-06,26.797420501708984,27.12777318788545,26.408770827744863,26.894583383506973,3135741,Wharf_Investment,Hongkong
270,2026-03-09,26.136714935302734,26.73912331539539,25.709199370502397,26.73912331539539,4670340,Wharf_Investment,Hongkong
271,2026-03-10,26.07841682434082,27.41925859509774,25.825794085717224,26.35047250898802,7929483,Wharf_Investment,Hongkong
272,2026-03-11,25.262252807617188,26.11728208722399,25.12622588553215,25.825795296119537,10074091,Wharf_Investment,Hongkong
273,2026-03-12,24.34892463684082,25.16508987411842,23.824248043292545,24.970765964860018,7586342,Wharf_Investment,Hongkong
274,2026-03-13,24.07686996459961,24.44608667674301,23.940841194249725,24.290626813395498,3529736,Wharf_Investment,Hongkong
275,2026-03-16,24.135168075561523,24.232330957991728,23.707652504805335,24.018572245999714,4222740,Wharf_Investment,Hongkong
276,2026-03-17,23.96027374267578,24.465519216780756,23.882543812292532,24.13516654934502,4848240,Wharf_Investment,Hongkong
277,2026-03-18,24.38779067993164,24.582114590379692,23.979708058794554,24.348924785905332,2875865,Wharf_Investment,Hongkong
278,2026-03-19,23.629920959472656,24.290626291107206,23.57162397527776,24.290626291107206,3417263,Wharf_Investment,Hongkong
279,2026-03-20,23.5910587310791,23.921411422242265,23.435598859146772,23.64935571974676,5747190,Wharf_Investment,Hongkong
280,2026-03-23,22.30851173400879,23.39673267740748,22.133620770152206,23.16354287237087,4994061,Wharf_Investment,Hongkong
281,2026-03-24,22.794322967529297,22.833188859392465,22.444539206899414,22.444539206899414,3662256,Wharf_Investment,Hongkong
282,2026-03-25,22.813756942749023,23.144109625579567,22.60000008754071,22.969216810760127,7258584,Wharf_Investment,Hongkong
283,2026-03-26,22.52227020263672,22.969216860836088,22.40567437476029,22.83318993933677,3915659,Wharf_Investment,Hongkong
284,2026-03-27,22.327943801879883,22.6777294222755,22.17248393797689,22.522269558372507,5352334,Wharf_Investment,Hongkong
285,2026-03-30,22.114187240600586,22.36680998604308,21.880997441706235,22.211350120113515,9873996,Wharf_Investment,Hongkong
286,2026-03-31,21.978160858154297,22.386243479495977,21.822699135198953,21.861565029244744,7168867,Wharf_Investment,Hongkong
287,2026-04-01,22.600000381469727,22.8137572394581,22.386243523481355,22.600000381469727,4928058,Wharf_Investment,Hongkong
288,2026-04-02,22.280000686645508,22.799999237060547,22.079999923706055,22.600000381469727,6797558,Wharf_Investment,Hongkong
289,2026-04-08,23.200000762939453,23.239999771118164,22.8799991607666,23.15999984741211,7529216,Wharf_Investment,Hongkong
290,2026-04-09,23.260000228881836,23.260000228881836,22.860000610351562,23.1200008392334,3603508,Wharf_Investment,Hongkong
291,2026-04-10,23.5,23.84000015258789,23.399999618530273,23.420000076293945,4812083,Wharf_Investment,Hongkong
292,2026-04-13,23.0,23.200000762939453,22.700000762939453,23.200000762939453,1945587,Wharf_Investment,Hongkong
293,2026-04-14,23.719999313354492,23.760000228881836,23.280000686645508,23.360000610351562,4382784,Wharf_Investment,Hongkong
294,2026-04-15,23.920000076293945,24.100000381469727,23.68000030517578,23.760000228881836,5116646,Wharf_Investment,Hongkong
295,2026-04-16,24.360000610351562,24.360000610351562,23.65999984741211,23.739999771118164,6029680,Wharf_Investment,Hongkong
296,2026-04-17,24.1200008392334,24.440000534057617,23.920000076293945,24.040000915527344,6940152,Wharf_Investment,Hongkong
297,2026-04-20,24.34000015258789,24.459999084472656,24.079999923706055,24.1200008392334,6223929,Wharf_Investment,Hongkong
298,2026-04-21,24.34000015258789,24.68000030517578,24.100000381469727,24.100000381469727,3088285,Wharf_Investment,Hongkong
299,2026-04-22,24.15999984741211,24.600000381469727,23.799999237060547,24.600000381469727,2168473,Wharf_Investment,Hongkong
300,2026-04-23,24.0,24.299999237060547,23.799999237060547,24.239999771118164,2306772,Wharf_Investment,Hongkong
301,2026-04-24,23.979999542236328,23.979999542236328,23.639999389648438,23.719999313354492,2831085,Wharf_Investment,Hongkong
302,2026-04-27,24.280000686645508,24.280000686645508,23.760000228881836,23.940000534057617,3370796,Wharf_Investment,Hongkong
303,2026-04-28,23.959999084472656,24.299999237060547,23.860000610351562,24.020000457763672,3907476,Wharf_Investment,Hongkong
304,2026-04-29,24.360000610351562,24.459999084472656,23.959999084472656,23.959999084472656,6607566,Wharf_Investment,Hongkong
305,2026-04-30,24.34000015258789,24.360000610351562,23.940000534057617,24.360000610351562,7547072,Wharf_Investment,Hongkong
306,2026-05-04,24.520000457763672,24.899999618530273,24.3799991607666,24.899999618530273,2136481,Wharf_Investment,Hongkong
307,2026-05-05,24.459999084472656,24.459999084472656,24.079999923706055,24.219999313354492,2166346,Wharf_Investment,Hongkong
308,2026-05-06,25.020000457763672,25.1200008392334,24.459999084472656,24.559999465942383,5032807,Wharf_Investment,Hongkong
309,2026-05-07,26.15999984741211,26.15999984741211,24.559999465942383,24.579999923706055,12458148,Wharf_Investment,Hongkong
310,2026-05-08,25.600000381469727,26.079999923706055,25.399999618530273,25.799999237060547,3420230,Wharf_Investment,Hongkong
311,2026-05-11,26.0,26.040000915527344,25.420000076293945,25.600000381469727,4815668,Wharf_Investment,Hongkong
312,2026-05-12,25.280000686645508,26.15999984741211,25.219999313354492,25.719999313354492,4696888,Wharf_Investment,Hongkong
313,2026-05-13,25.81999969482422,26.079999923706055,25.239999771118164,25.639999389648438,8941673,Wharf_Investment,Hongkong
314,2026-05-14,25.920000076293945,26.420000076293945,25.739999771118164,26.059999465942383,6988774,Wharf_Investment,Hongkong
315,2026-05-15,26.079999923706055,26.100000381469727,25.65999984741211,26.0,4746147,Wharf_Investment,Hongkong
316,2026-05-18,25.459999084472656,25.959999084472656,25.239999771118164,25.760000228881836,4845461,Wharf_Investment,Hongkong
317,2026-05-19,25.219999313354492,25.540000915527344,25.020000457763672,25.459999084472656,3675506,Wharf_Investment,Hongkong
318,2026-05-20,25.0,25.219999313354492,24.600000381469727,25.219999313354492,5947296,Wharf_Investment,Hongkong
0,2025-02-03,47.687232971191406,47.78184905031449,46.74105774247231,46.74105774247231,3230009,Power_Assets_Holdings,Hongkong
1,2025-02-04,47.54530715942383,48.34955469250102,47.45069107648729,48.11301087578747,3167426,Power_Assets_Holdings,Hongkong
2,2025-02-05,47.35607147216797,48.06570292362715,47.21414734749946,47.54530724776486,3138173,Power_Assets_Holdings,Hongkong
3,2025-02-06,47.21414566040039,47.68723327780171,47.11952597129688,47.35606977999754,2393729,Power_Assets_Holdings,Hongkong
4,2025-02-07,46.977603912353516,47.4979995924475,46.930292261040414,47.45069155050663,3051536,Power_Assets_Holdings,Hongkong
5,2025-02-10,46.977603912353516,47.545307634388365,46.930292261040414,47.26145577337094,3677823,Power_Assets_Holdings,Hongkong
6,2025-02-11,46.788368225097656,47.356071948223054,46.64644048963018,47.30876390619131,2952766,Power_Assets_Holdings,Hongkong
7,2025-02-12,46.93029022216797,47.356069799882356,46.88298218228239,47.11952599108237,3312632,Power_Assets_Holdings,Hongkong
8,2025-02-13,47.119529724121094,47.498001291934266,46.93029394021451,47.02491363685399,3593426,Power_Assets_Holdings,Hongkong
9,2025-02-14,46.55182647705078,47.403382099631784,46.45720677940462,47.072222181301235,4807692,Power_Assets_Holdings,Hongkong
10,2025-02-17,46.83567428588867,47.02491005538284,46.17335089734512,46.55182243633346,4082923,Power_Assets_Holdings,Hongkong
11,2025-02-18,47.166831970214844,47.4979954536893,46.741056020475,46.741056020475,3235518,Power_Assets_Holdings,Hongkong
12,2025-02-19,47.26145553588867,47.30876357759182,46.8356759418159,47.119527801407,2667821,Power_Assets_Holdings,Hongkong
13,2025-02-20,47.35607147216797,47.82915910647409,47.07221961345874,47.07221961345874,3121923,Power_Assets_Holdings,Hongkong
14,2025-02-21,47.639923095703125,47.82915887036585,47.11952742240977,47.35607123839513,4052807,Power_Assets_Holdings,Hongkong
15,2025-02-24,47.92377853393555,48.30224647366415,47.26145512769525,47.5926150261293,4723454,Power_Assets_Holdings,Hongkong
16,2025-02-25,48.728023529052734,48.86995125492499,47.87646439256321,47.87646439256321,5135380,Power_Assets_Holdings,Hongkong
17,2025-02-26,48.86995315551758,49.579584593733,48.72802542412564,48.72802542412564,4013378,Power_Assets_Holdings,Hongkong
18,2025-02-27,49.67420196533203,49.72151000723409,48.49148287091936,48.68071864789984,4442305,Power_Assets_Holdings,Hongkong
19,2025-02-28,49.86343765258789,49.86343765258789,49.106498155400274,49.626893834130996,6694514,Power_Assets_Holdings,Hongkong
20,2025-03-03,48.86995315551758,49.95805252849127,48.39686553004063,49.48496490301432,6385262,Power_Assets_Holdings,Hongkong
21,2025-03-04,49.343040466308594,49.62689231791007,48.68071707299042,48.72802511336197,3146808,Power_Assets_Holdings,Hongkong
22,2025-03-05,50.71499252319336,50.85692025602882,49.390349324008476,49.390349324008476,7137076,Power_Assets_Holdings,Hongkong
23,2025-03-06,50.62037658691406,51.282699993103265,50.33652472979646,50.714992669495864,4846697,Power_Assets_Holdings,Hongkong
24,2025-03-07,50.99884796142578,51.18808012594168,50.47844868089052,50.71499249590757,4518505,Power_Assets_Holdings,Hongkong
25,2025-03-10,50.336524963378906,51.09346445566243,50.194597229475406,50.667684863324126,2580485,Power_Assets_Holdings,Hongkong
26,2025-03-11,51.0461540222168,51.09346206151045,50.052670759561835,50.38383064398948,3125732,Power_Assets_Holdings,Hongkong
27,2025-03-12,50.289215087890625,50.47844724703132,49.62689170278198,50.47844724703132,2958132,Power_Assets_Holdings,Hongkong
28,2025-03-13,49.91074752807617,50.573070965963026,49.8161314409662,50.4784512694807,3005305,Power_Assets_Holdings,Hongkong
29,2025-03-14,48.68071746826172,50.336524160315705,48.39686561435546,50.052672306409455,5763742,Power_Assets_Holdings,Hongkong
30,2025-03-17,48.018394470214844,48.82264199788829,47.876466737391446,48.68071787443707,5097465,Power_Assets_Holdings,Hongkong
31,2025-03-18,47.403377532958984,48.3022447224556,47.21414537464143,48.25493668287621,11674559,Power_Assets_Holdings,Hongkong
32,2025-03-19,47.07221984863281,47.781851303637325,46.74105994671293,47.403379750552695,6758452,Power_Assets_Holdings,Hongkong
33,2025-03-20,45.463722229003906,47.024912910400054,45.41641418610118,47.024912910400054,13356211,Power_Assets_Holdings,Hongkong
34,2025-03-21,45.652957916259766,46.07873752025478,45.511030178470655,45.889501739660076,8905921,Power_Assets_Holdings,Hongkong
35,2025-03-24,45.369102478027344,45.70026236096578,45.037938985716885,45.65295432188486,7463936,Power_Assets_Holdings,Hongkong
36,2025-03-25,44.61216735839844,45.51103101637068,44.61216735839844,45.369106885340926,5174339,Power_Assets_Holdings,Hongkong
37,2025-03-26,44.65947341918945,45.22717713684711,44.51754568508893,44.848709194866075,3483165,Power_Assets_Holdings,Hongkong
38,2025-03-27,44.044456481933594,44.99063171724633,43.99714844204237,44.56485213948118,6754793,Power_Assets_Holdings,Hongkong
39,2025-03-28,43.76060485839844,44.28100051862389,43.47675300821838,44.18638443835457,6960656,Power_Assets_Holdings,Hongkong
40,2025-03-31,44.091766357421875,44.18638605051554,43.52406263634883,43.52406263634883,4588275,Power_Assets_Holdings,Hongkong
41,2025-04-01,44.84870910644531,44.99063323089381,44.09176600523115,44.18638569756902,4462272,Power_Assets_Holdings,Hongkong
42,2025-04-02,45.037940979003906,45.22717675307479,44.65947304023434,44.94332489665456,3528313,Power_Assets_Holdings,Hongkong
43,2025-04-03,45.463722229003906,45.55834192418167,44.70678271444335,44.94332653832929,4522067,Power_Assets_Holdings,Hongkong
44,2025-04-07,45.179866790771484,46.45720189503402,43.713295920484725,45.46371863512182,17460387,Power_Assets_Holdings,Hongkong
45,2025-04-08,43.99715042114258,45.70026519944139,43.61867886624407,44.896017656997365,10082907,Power_Assets_Holdings,Hongkong
46,2025-04-09,43.80791091918945,44.1863824419107,43.47675104383732,43.80791091918945,5737417,Power_Assets_Holdings,Hongkong
47,2025-04-10,44.470237731933594,44.801397632996974,43.14559090893562,43.76060627876444,6391872,Power_Assets_Holdings,Hongkong
48,2025-04-11,44.56485366821289,44.61216531909915,43.855222217385474,44.47023758518478,3293213,Power_Assets_Holdings,Hongkong
49,2025-04-14,45.416412353515625,45.51102843550325,44.51754513714452,44.51754513714452,3137819,Power_Assets_Holdings,Hongkong
50,2025-04-15,45.32179641723633,45.51102858181996,44.896016828178816,45.22717672557234,2169234,Power_Assets_Holdings,Hongkong
51,2025-04-16,45.605648040771484,45.65295608167599,44.99063268089642,44.99063268089642,5559744,Power_Assets_Holdings,Hongkong
52,2025-04-17,46.5045166015625,46.74106042230417,45.60564936086968,45.74757348769132,4706733,Power_Assets_Holdings,Hongkong
53,2025-04-22,46.741058349609375,46.930290510313554,46.50451453935704,46.64643865988518,5144654,Power_Assets_Holdings,Hongkong
54,2025-04-23,47.59261703491211,47.6872367308671,46.741061427551266,46.741061427551266,4799805,Power_Assets_Holdings,Hongkong
55,2025-04-24,47.639923095703125,47.87646691168849,47.261455155749864,47.261455155749864,3758218,Power_Assets_Holdings,Hongkong
56,2025-04-25,48.018394470214844,48.396866018162456,47.49799879881601,47.63992292226723,4653931,Power_Assets_Holdings,Hongkong
57,2025-04-28,48.018394470214844,48.44417405931286,48.018394470214844,48.16032220303824,2356382,Power_Assets_Holdings,Hongkong
58,2025-04-29,48.39686584472656,48.72802574096483,48.25493811241178,48.349554194373525,2846906,Power_Assets_Holdings,Hongkong
59,2025-04-30,48.58610153198242,48.72802927458942,48.30224965614085,48.396869354336324,4334202,Power_Assets_Holdings,Hongkong
60,2025-05-02,48.58610153198242,48.91726506160794,48.30224965614085,48.396869354336324,2262314,Power_Assets_Holdings,Hongkong
61,2025-05-06,49.43765640258789,49.43765640258789,48.58609724089973,49.01187682174381,4021102,Power_Assets_Holdings,Hongkong
62,2025-05-07,49.390350341796875,49.768818288203576,49.10649847964878,49.674202203944965,3381406,Power_Assets_Holdings,Hongkong
63,2025-05-08,49.72150802612305,49.95805183558069,49.29572844722486,49.67419998610593,3316004,Power_Assets_Holdings,Hongkong
64,2025-05-09,49.43765640258789,49.91074402366529,48.869952701043864,49.53227248305453,2757206,Power_Assets_Holdings,Hongkong
65,2025-05-12,50.00536346435547,50.33652698698619,49.295731985054076,49.295731985054076,5282545,Power_Assets_Holdings,Hongkong
66,2025-05-13,49.343040466308594,49.86343612913998,49.15380469545024,49.81612808876842,4628674,Power_Assets_Holdings,Hongkong
67,2025-05-14,49.390350341796875,49.768818288203576,49.05918682814722,49.768818288203576,2096175,Power_Assets_Holdings,Hongkong
68,2025-05-15,49.05918884277344,49.484968458166435,48.77533696896891,49.343044325950366,3486745,Power_Assets_Holdings,Hongkong
69,2025-05-16,49.153804779052734,49.20111281950476,48.5860974655121,49.059185088776566,3354678,Power_Assets_Holdings,Hongkong
70,2025-05-19,49.20111083984375,49.43765464195838,49.01187507627765,49.20111083984375,1628156,Power_Assets_Holdings,Hongkong
71,2025-05-20,49.86343765258789,49.95805373622176,49.34304197385717,49.48496609930797,2664825,Power_Assets_Holdings,Hongkong
72,2025-05-21,49.10649490356445,49.958050427995865,49.01187521682408,49.958050427995865,5038125,Power_Assets_Holdings,Hongkong
73,2025-05-22,49.10649490356445,49.248419019617025,48.63340729797856,49.10649490356445,3976378,Power_Assets_Holdings,Hongkong
74,2025-05-23,49.20111083984375,49.20111083984375,49.01187507627765,49.106494762746685,2909660,Power_Assets_Holdings,Hongkong
75,2025-05-26,49.19126510620117,49.48670738400896,48.895822828393385,49.240504859710406,2609042,Power_Assets_Holdings,Hongkong
76,2025-05-27,48.403419494628906,49.19126684894559,48.403419494628906,49.19126684894559,3564060,Power_Assets_Holdings,Hongkong
77,2025-05-28,48.304935455322266,48.649621250094135,48.10797268070298,48.40341872100814,2642719,Power_Assets_Holdings,Hongkong
78,2025-05-29,48.20645523071289,48.35417449191996,47.86176944105824,48.25569498444858,2507956,Power_Assets_Holdings,Hongkong
79,2025-05-30,48.89582443237305,49.24050647499702,48.107973323371084,48.35417585574607,8905339,Power_Assets_Holdings,Hongkong
80,2025-06-02,49.28974533081055,49.33898508503664,48.69886076659251,49.043542802927625,5731633,Power_Assets_Holdings,Hongkong
81,2025-06-03,50.422279357910156,50.422279357910156,49.28974620681963,49.38822947377457,4719401,Power_Assets_Holdings,Hongkong
82,2025-06-04,50.471519470214844,51.062404049116346,50.12683742531439,50.42227971476514,5558764,Power_Assets_Holdings,Hongkong
83,2025-06-05,51.456329345703125,51.554808856103946,50.42227945948448,50.47151921468488,6499751,Power_Assets_Holdings,Hongkong
84,2025-06-06,50.02835464477539,51.40709035130666,50.02835464477539,51.40709035130666,5818703,Power_Assets_Holdings,Hongkong
85,2025-06-09,50.471519470214844,50.717722004215894,50.3237964471132,50.42227971476514,2488662,Power_Assets_Holdings,Hongkong
86,2025-06-10,50.27455520629883,50.56999748702072,50.07759243356676,50.56999748702072,1998821,Power_Assets_Holdings,Hongkong
87,2025-06-11,49.929874420166016,50.42227948593343,49.929874420166016,50.22531670827596,2303420,Power_Assets_Holdings,Hongkong
88,2025-06-12,50.27455520629883,50.61924099776805,49.929873171582024,49.929873171582024,2372199,Power_Assets_Holdings,Hongkong
89,2025-06-13,50.619239807128906,50.914682080901564,50.2745540237672,50.56999629753985,2685159,Power_Assets_Holdings,Hongkong
90,2025-06-16,51.01316452026367,51.25936705535833,50.61924271816374,50.61924271816374,2660386,Power_Assets_Holdings,Hongkong
91,2025-06-17,51.160884857177734,51.30860411642515,50.81619907209573,51.062401594260436,2242261,Power_Assets_Holdings,Hongkong
92,2025-06-18,50.27455520629883,51.11164605122201,50.27455520629883,51.11164605122201,1572963,Power_Assets_Holdings,Hongkong
93,2025-06-19,49.929874420166016,50.47151924115967,49.88063466493978,50.2745564635022,1180600,Power_Assets_Holdings,Hongkong
94,2025-06-20,49.9791145324707,50.42227984617809,49.73291199782799,49.92987477689267,3058269,Power_Assets_Holdings,Hongkong
95,2025-06-23,50.02835464477539,50.37304044978449,49.880635376987975,50.323796937102784,2246450,Power_Assets_Holdings,Hongkong
96,2025-06-24,50.71772003173828,50.76695978527299,50.22531498288645,50.22531498288645,2203348,Power_Assets_Holdings,Hongkong
97,2025-06-25,51.06240463256836,51.308607169382576,50.71772258372948,50.71772258372948,2659424,Power_Assets_Holdings,Hongkong
98,2025-06-26,50.27455520629883,51.25936531320675,50.27455520629883,51.16088580521692,2610142,Power_Assets_Holdings,Hongkong
99,2025-06-27,49.929874420166016,50.6192422635909,49.73291164250855,50.32379621872844,3324236,Power_Assets_Holdings,Hongkong
100,2025-06-30,49.68367004394531,50.22531484484315,49.48670727359545,50.22531484484315,3279819,Power_Assets_Holdings,Hongkong
101,2025-07-02,49.9791145324707,50.27455682269145,49.782151753406026,49.9791145324707,2438211,Power_Assets_Holdings,Hongkong
102,2025-07-03,50.471519470214844,50.52075922566455,50.02835415766245,50.2745566916635,2055248,Power_Assets_Holdings,Hongkong
103,2025-07-04,50.668479919433594,50.717719672619644,50.07759161094389,50.32379413362651,1309950,Power_Assets_Holdings,Hongkong
104,2025-07-07,50.126834869384766,50.76695917109651,50.02835160675441,50.668479665218506,1949714,Power_Assets_Holdings,Hongkong
105,2025-07-08,49.634429931640625,50.52075675667742,49.634429931640625,50.12683497557852,3118193,Power_Assets_Holdings,Hongkong
106,2025-07-09,49.338985443115234,49.929873768374094,49.24050593394833,49.929873768374094,3075427,Power_Assets_Holdings,Hongkong
107,2025-07-10,49.24050521850586,49.732910270690915,49.24050521850586,49.38822823686234,2610355,Power_Assets_Holdings,Hongkong
108,2025-07-11,49.142024993896484,49.634430038898444,49.142024993896484,49.28974425334565,4901305,Power_Assets_Holdings,Hongkong
109,2025-07-14,49.38822937011719,49.486708880112936,49.09278332662497,49.14202683837534,2044267,Power_Assets_Holdings,Hongkong
110,2025-07-15,49.58518600463867,49.78214877190707,49.289743732112235,49.3882269941226,3663374,Power_Assets_Holdings,Hongkong
111,2025-07-16,49.53594970703125,50.028354781170236,49.388230438841106,49.585189463094636,3822689,Power_Assets_Holdings,Hongkong
112,2025-07-17,49.53594970703125,49.880635512980085,49.437470194904485,49.53594970703125,4444184,Power_Assets_Holdings,Hongkong
113,2025-07-18,49.38822937011719,49.83139092185053,49.24050634837108,49.58518839010868,3978292,Power_Assets_Holdings,Hongkong
114,2025-07-21,50.02835464477539,50.02835464477539,49.38823030419146,49.38823030419146,3292665,Power_Assets_Holdings,Hongkong
115,2025-07-22,50.422279357910156,50.471519113011375,49.92987429339297,49.92987429339297,4405923,Power_Assets_Holdings,Hongkong
116,2025-07-23,50.71772003173828,50.71772003173828,50.37303800024296,50.47151750731236,4586046,Power_Assets_Holdings,Hongkong
117,2025-07-24,50.27455520629883,50.717720505757875,50.126835944314095,50.52075773302581,4135932,Power_Assets_Holdings,Hongkong
118,2025-07-25,50.17607498168945,50.56999676477514,50.07759171835375,50.32379424156444,1968797,Power_Assets_Holdings,Hongkong
119,2025-07-28,51.06240463256836,51.21012765735792,50.42228029090293,50.42228029090293,4003095,Power_Assets_Holdings,Hongkong
120,2025-07-29,51.40708923339844,51.40708923339844,50.865444416451496,51.06240343588494,3638394,Power_Assets_Holdings,Hongkong
121,2025-07-30,51.21012496948242,51.45632749337416,51.01316219901855,51.40708773994629,2059297,Power_Assets_Holdings,Hongkong
122,2025-07-31,50.9146842956543,51.2593663372571,50.81620102894457,51.06240356059014,2962330,Power_Assets_Holdings,Hongkong
123,2025-08-01,50.22531509399414,51.06240217619308,50.126835586706875,50.91468291526218,2163974,Power_Assets_Holdings,Hongkong
124,2025-08-04,51.40708923339844,51.85025454062866,50.32379584275207,50.32379584275207,3936401,Power_Assets_Holdings,Hongkong
125,2025-08-05,51.456329345703125,51.554808856103946,51.160887057748155,51.210126812948566,2337736,Power_Assets_Holdings,Hongkong
126,2025-08-06,50.963924407958984,51.407089719378696,50.91468465263513,51.407089719378696,2290227,Power_Assets_Holdings,Hongkong
127,2025-08-07,51.948734283447266,51.948734283447266,50.96392415485111,50.96392415485111,3145511,Power_Assets_Holdings,Hongkong
128,2025-08-08,52.24417495727539,52.34265822114516,51.70253015462504,51.94873267917087,2896235,Power_Assets_Holdings,Hongkong
129,2025-08-11,52.39189910888672,52.58886188413772,52.04721331300934,52.34265935426208,1998634,Power_Assets_Holdings,Hongkong
130,2025-08-12,52.04721450805664,52.49037982335873,51.80101197252799,52.19493753207485,1715600,Power_Assets_Holdings,Hongkong
131,2025-08-13,52.096458435058594,52.39190072869309,51.75177262852452,52.194937947352564,3586183,Power_Assets_Holdings,Hongkong
132,2025-08-14,50.668479919433594,52.34265782502588,50.61924016624754,52.14569505552931,8817772,Power_Assets_Holdings,Hongkong
133,2025-08-15,49.9791145324707,50.914684915463525,49.9791145324707,50.668482380820805,9990485,Power_Assets_Holdings,Hongkong
134,2025-08-18,50.02835464477539,50.323796937102784,50.02835464477539,50.02835464477539,3975979,Power_Assets_Holdings,Hongkong
135,2025-08-19,49.634429931640625,50.274554234708475,49.58518642184495,50.07759146578285,4601442,Power_Assets_Holdings,Hongkong
136,2025-08-20,49.58518600463867,49.78214877190707,49.3882269941226,49.58518600463867,4231875,Power_Assets_Holdings,Hongkong
137,2025-08-21,49.634429931640625,49.92987220665289,49.58518642184495,49.78214919077058,3236055,Power_Assets_Holdings,Hongkong
138,2025-08-22,49.634429931640625,49.88063245360957,49.535946668801635,49.634429931640625,4627768,Power_Assets_Holdings,Hongkong
139,2025-08-25,49.831390380859375,50.07759290992835,49.683671117469466,49.92987364653844,3147935,Power_Assets_Holdings,Hongkong
140,2025-08-26,49.73291015625,49.83138966375943,49.43746787696929,49.63443064874056,12718251,Power_Assets_Holdings,Hongkong
141,2025-08-27,49.48670959472656,49.73291213002371,49.38823008330873,49.73291213002371,6642425,Power_Assets_Holdings,Hongkong
142,2025-08-28,49.73291015625,49.880633174266556,49.486707630724005,49.486707630724005,2205979,Power_Assets_Holdings,Hongkong
143,2025-08-29,49.9791145324707,50.27455682269145,49.83139150898406,50.27455682269145,2829163,Power_Assets_Holdings,Hongkong
144,2025-09-01,50.07759094238281,50.176074204192474,49.88063193226811,50.176074204192474,1877011,Power_Assets_Holdings,Hongkong
145,2025-09-02,50.07759094238281,50.126834451663804,49.88063193226811,50.07759094238281,2020998,Power_Assets_Holdings,Hongkong
146,2025-09-03,49.88063430786133,50.126836838982555,49.782151041361345,50.07759332735632,5670865,Power_Assets_Holdings,Hongkong
147,2025-09-04,50.02835464477539,50.07759440070453,49.78215210837713,50.07759440070453,3268828,Power_Assets_Holdings,Hongkong
148,2025-09-05,50.52075958251953,50.66848260666462,50.126837779386896,50.22531729098191,5591464,Power_Assets_Holdings,Hongkong
149,2025-09-08,50.422279357910156,50.520758868112594,50.126837070550344,50.520758868112594,3119234,Power_Assets_Holdings,Hongkong
150,2025-09-09,50.56999969482422,50.66848296386608,50.32379715734844,50.4222804263903,3961434,Power_Assets_Holdings,Hongkong
151,2025-09-10,50.650001525878906,50.900001525878906,50.20000076293945,50.900001525878906,3683863,Power_Assets_Holdings,Hongkong
152,2025-09-11,50.79999923706055,51.0,50.5,50.599998474121094,1940312,Power_Assets_Holdings,Hongkong
153,2025-09-12,51.150001525878906,51.25,50.849998474121094,51.099998474121094,2282938,Power_Assets_Holdings,Hongkong
154,2025-09-15,51.45000076293945,51.599998474121094,51.0,51.0,2261090,Power_Assets_Holdings,Hongkong
155,2025-09-16,51.79999923706055,51.79999923706055,51.25,51.25,3405035,Power_Assets_Holdings,Hongkong
156,2025-09-17,51.45000076293945,51.79999923706055,51.25,51.79999923706055,2307377,Power_Assets_Holdings,Hongkong
157,2025-09-18,51.45000076293945,51.650001525878906,51.25,51.45000076293945,1826367,Power_Assets_Holdings,Hongkong
158,2025-09-19,50.75,51.5,50.650001525878906,51.29999923706055,4382025,Power_Assets_Holdings,Hongkong
159,2025-09-22,50.45000076293945,51.20000076293945,50.400001525878906,51.20000076293945,2355737,Power_Assets_Holdings,Hongkong
160,2025-09-23,50.54999923706055,50.849998474121094,50.45000076293945,50.70000076293945,2057980,Power_Assets_Holdings,Hongkong
161,2025-09-24,50.5,50.900001525878906,50.349998474121094,50.599998474121094,3370100,Power_Assets_Holdings,Hongkong
162,2025-09-25,49.900001525878906,50.599998474121094,49.81999969482422,50.54999923706055,4398079,Power_Assets_Holdings,Hongkong
163,2025-09-26,49.65999984741211,50.04999923706055,49.540000915527344,49.91999816894531,3864277,Power_Assets_Holdings,Hongkong
164,2025-09-29,49.599998474121094,49.939998626708984,49.36000061035156,49.7400016784668,4531108,Power_Assets_Holdings,Hongkong
165,2025-09-30,49.279998779296875,49.900001525878906,49.119998931884766,49.599998474121094,5420270,Power_Assets_Holdings,Hongkong
166,2025-10-02,49.70000076293945,49.81999969482422,49.279998779296875,49.279998779296875,4000015,Power_Assets_Holdings,Hongkong
167,2025-10-03,49.720001220703125,49.86000061035156,49.540000915527344,49.65999984741211,1521641,Power_Assets_Holdings,Hongkong
168,2025-10-06,49.41999816894531,49.779998779296875,49.29999923706055,49.5,1592146,Power_Assets_Holdings,Hongkong
169,2025-10-08,49.400001525878906,49.70000076293945,49.119998931884766,49.400001525878906,2068774,Power_Assets_Holdings,Hongkong
170,2025-10-09,49.13999938964844,49.70000076293945,48.939998626708984,49.41999816894531,4508191,Power_Assets_Holdings,Hongkong
171,2025-10-10,49.18000030517578,49.31999969482422,48.81999969482422,49.13999938964844,5440585,Power_Assets_Holdings,Hongkong
172,2025-10-13,49.119998931884766,49.13999938964844,48.619998931884766,48.97999954223633,3607996,Power_Assets_Holdings,Hongkong
173,2025-10-14,49.41999816894531,49.84000015258789,49.0,49.119998931884766,4265641,Power_Assets_Holdings,Hongkong
174,2025-10-15,50.29999923706055,50.29999923706055,49.47999954223633,49.63999938964844,5335203,Power_Assets_Holdings,Hongkong
175,2025-10-16,50.45000076293945,50.599998474121094,50.04999923706055,50.29999923706055,2532178,Power_Assets_Holdings,Hongkong
176,2025-10-17,50.20000076293945,50.45000076293945,50.150001525878906,50.400001525878906,3517944,Power_Assets_Holdings,Hongkong
177,2025-10-20,50.400001525878906,50.5,50.04999923706055,50.20000076293945,2734842,Power_Assets_Holdings,Hongkong
178,2025-10-21,50.54999923706055,50.599998474121094,50.150001525878906,50.400001525878906,3547678,Power_Assets_Holdings,Hongkong
179,2025-10-22,50.0,50.70000076293945,49.97999954223633,50.54999923706055,3943619,Power_Assets_Holdings,Hongkong
180,2025-10-23,49.900001525878906,50.20000076293945,49.099998474121094,50.20000076293945,3598956,Power_Assets_Holdings,Hongkong
181,2025-10-24,50.04999923706055,50.20000076293945,49.779998779296875,49.900001525878906,2341061,Power_Assets_Holdings,Hongkong
182,2025-10-27,49.84000015258789,50.25,49.79999923706055,50.25,2307721,Power_Assets_Holdings,Hongkong
183,2025-10-28,50.20000076293945,50.29999923706055,49.84000015258789,49.84000015258789,3437404,Power_Assets_Holdings,Hongkong
184,2025-10-30,49.779998779296875,50.54999923706055,49.619998931884766,50.5,3021861,Power_Assets_Holdings,Hongkong
185,2025-10-31,49.36000061035156,49.79999923706055,49.36000061035156,49.779998779296875,3830304,Power_Assets_Holdings,Hongkong
186,2025-11-03,49.900001525878906,50.04999923706055,49.220001220703125,49.36000061035156,2206337,Power_Assets_Holdings,Hongkong
187,2025-11-04,50.04999923706055,50.20000076293945,49.900001525878906,50.04999923706055,1619548,Power_Assets_Holdings,Hongkong
188,2025-11-05,50.099998474121094,50.25,49.880001068115234,50.04999923706055,3044993,Power_Assets_Holdings,Hongkong
189,2025-11-06,50.650001525878906,50.70000076293945,50.04999923706055,50.099998474121094,3169248,Power_Assets_Holdings,Hongkong
190,2025-11-07,50.95000076293945,51.0,50.650001525878906,50.650001525878906,2967516,Power_Assets_Holdings,Hongkong
191,2025-11-10,51.04999923706055,51.04999923706055,50.70000076293945,50.849998474121094,2173246,Power_Assets_Holdings,Hongkong
192,2025-11-11,51.150001525878906,51.29999923706055,50.849998474121094,50.95000076293945,1870365,Power_Assets_Holdings,Hongkong
193,2025-11-12,51.650001525878906,51.650001525878906,51.0,51.0,3665479,Power_Assets_Holdings,Hongkong
194,2025-11-13,51.79999923706055,51.79999923706055,51.45000076293945,51.599998474121094,2371606,Power_Assets_Holdings,Hongkong
195,2025-11-14,51.75,51.75,51.25,51.45000076293945,1908513,Power_Assets_Holdings,Hongkong
196,2025-11-17,51.599998474121094,51.79999923706055,51.29999923706055,51.45000076293945,2529964,Power_Assets_Holdings,Hongkong
197,2025-11-18,51.349998474121094,51.650001525878906,51.25,51.54999923706055,2038160,Power_Assets_Holdings,Hongkong
198,2025-11-19,51.400001525878906,51.54999923706055,51.29999923706055,51.349998474121094,1529335,Power_Assets_Holdings,Hongkong
199,2025-11-20,51.599998474121094,51.70000076293945,51.25,51.400001525878906,1986866,Power_Assets_Holdings,Hongkong
200,2025-11-21,51.29999923706055,51.599998474121094,51.150001525878906,51.599998474121094,3087417,Power_Assets_Holdings,Hongkong
201,2025-11-24,52.20000076293945,52.20000076293945,51.150001525878906,51.150001525878906,8009526,Power_Assets_Holdings,Hongkong
202,2025-11-25,51.79999923706055,52.25,51.650001525878906,51.900001525878906,1828251,Power_Assets_Holdings,Hongkong
203,2025-11-26,51.75,52.150001525878906,51.650001525878906,52.0,1266369,Power_Assets_Holdings,Hongkong
204,2025-11-27,52.150001525878906,52.150001525878906,51.70000076293945,51.75,1947114,Power_Assets_Holdings,Hongkong
205,2025-11-28,52.04999923706055,52.04999923706055,51.70000076293945,51.900001525878906,1932146,Power_Assets_Holdings,Hongkong
206,2025-12-01,52.45000076293945,52.5,52.04999923706055,52.04999923706055,3303034,Power_Assets_Holdings,Hongkong
207,2025-12-02,52.45000076293945,52.650001525878906,52.20000076293945,52.45000076293945,2664101,Power_Assets_Holdings,Hongkong
208,2025-12-03,52.400001525878906,52.45000076293945,51.900001525878906,52.20000076293945,2024543,Power_Assets_Holdings,Hongkong
209,2025-12-04,52.75,52.849998474121094,52.20000076293945,52.45000076293945,2932756,Power_Assets_Holdings,Hongkong
210,2025-12-05,52.0,52.650001525878906,51.900001525878906,52.5,2453628,Power_Assets_Holdings,Hongkong
211,2025-12-08,51.150001525878906,52.04999923706055,51.150001525878906,51.95000076293945,2332083,Power_Assets_Holdings,Hongkong
212,2025-12-09,50.79999923706055,51.25,50.349998474121094,51.099998474121094,6926683,Power_Assets_Holdings,Hongkong
213,2025-12-10,51.599998474121094,51.599998474121094,50.599998474121094,50.849998474121094,4876172,Power_Assets_Holdings,Hongkong
214,2025-12-11,52.0,52.099998474121094,51.5,51.900001525878906,3924547,Power_Assets_Holdings,Hongkong
215,2025-12-12,53.20000076293945,53.20000076293945,52.0,52.20000076293945,11884366,Power_Assets_Holdings,Hongkong
216,2025-12-15,53.45000076293945,53.75,52.849998474121094,53.20000076293945,4386757,Power_Assets_Holdings,Hongkong
217,2025-12-16,52.0,53.54999923706055,51.849998474121094,53.099998474121094,2585195,Power_Assets_Holdings,Hongkong
218,2025-12-17,53.25,53.599998474121094,51.75,52.04999923706055,5733311,Power_Assets_Holdings,Hongkong
219,2025-12-18,53.54999923706055,53.70000076293945,52.75,53.5,3673149,Power_Assets_Holdings,Hongkong
220,2025-12-19,54.099998474121094,54.25,53.400001525878906,53.400001525878906,8102742,Power_Assets_Holdings,Hongkong
221,2025-12-22,54.5,54.5,53.900001525878906,54.099998474121094,4765230,Power_Assets_Holdings,Hongkong
222,2025-12-23,54.79999923706055,54.79999923706055,54.29999923706055,54.5,3490670,Power_Assets_Holdings,Hongkong
223,2025-12-24,55.849998474121094,55.849998474121094,55.849998474121094,55.849998474121094,0,Power_Assets_Holdings,Hongkong
224,2025-12-29,56.0,56.25,55.0,55.95000076293945,9363434,Power_Assets_Holdings,Hongkong
225,2025-12-30,56.099998474121094,56.5,55.0,55.5,5982668,Power_Assets_Holdings,Hongkong
226,2025-12-31,55.25,55.25,55.25,55.25,0,Power_Assets_Holdings,Hongkong
227,2026-01-02,55.150001525878906,55.349998474121094,54.45000076293945,55.04999923706055,2298680,Power_Assets_Holdings,Hongkong
228,2026-01-05,56.349998474121094,56.849998474121094,55.099998474121094,55.20000076293945,4479297,Power_Assets_Holdings,Hongkong
229,2026-01-06,56.25,56.79999923706055,56.099998474121094,56.5,7265444,Power_Assets_Holdings,Hongkong
230,2026-01-07,56.349998474121094,56.599998474121094,55.5,56.25,5866762,Power_Assets_Holdings,Hongkong
231,2026-01-08,56.75,57.150001525878906,56.04999923706055,56.349998474121094,5590678,Power_Assets_Holdings,Hongkong
232,2026-01-09,57.70000076293945,57.849998474121094,56.20000076293945,56.5,9078775,Power_Assets_Holdings,Hongkong
233,2026-01-12,57.20000076293945,58.04999923706055,56.900001525878906,57.70000076293945,8273244,Power_Assets_Holdings,Hongkong
234,2026-01-13,56.29999923706055,57.650001525878906,56.099998474121094,57.04999923706055,3208651,Power_Assets_Holdings,Hongkong
235,2026-01-14,55.650001525878906,56.54999923706055,54.79999923706055,56.400001525878906,5280750,Power_Assets_Holdings,Hongkong
236,2026-01-15,55.79999923706055,56.150001525878906,55.20000076293945,55.29999923706055,2030629,Power_Assets_Holdings,Hongkong
237,2026-01-16,56.650001525878906,57.5,55.79999923706055,55.79999923706055,4008581,Power_Assets_Holdings,Hongkong
238,2026-01-19,56.349998474121094,56.70000076293945,56.099998474121094,56.650001525878906,2980239,Power_Assets_Holdings,Hongkong
239,2026-01-20,56.79999923706055,56.95000076293945,56.349998474121094,56.349998474121094,2770359,Power_Assets_Holdings,Hongkong
240,2026-01-21,58.29999923706055,58.349998474121094,56.70000076293945,56.79999923706055,6371297,Power_Assets_Holdings,Hongkong
241,2026-01-22,59.150001525878906,59.400001525878906,58.04999923706055,58.25,5200558,Power_Assets_Holdings,Hongkong
242,2026-01-23,59.45000076293945,59.54999923706055,58.900001525878906,59.099998474121094,4324190,Power_Assets_Holdings,Hongkong
243,2026-01-26,59.75,59.95000076293945,59.0,59.0,3243670,Power_Assets_Holdings,Hongkong
244,2026-01-27,60.0,60.20000076293945,59.45000076293945,59.5,3283905,Power_Assets_Holdings,Hongkong
245,2026-01-28,60.650001525878906,61.0,59.70000076293945,60.099998474121094,4360071,Power_Assets_Holdings,Hongkong
246,2026-01-29,61.20000076293945,61.400001525878906,60.349998474121094,60.349998474121094,3417835,Power_Assets_Holdings,Hongkong
247,2026-01-30,60.650001525878906,60.95000076293945,60.25,60.95000076293945,4387192,Power_Assets_Holdings,Hongkong
248,2026-02-02,60.650001525878906,61.349998474121094,59.650001525878906,60.5,5462651,Power_Assets_Holdings,Hongkong
249,2026-02-03,61.75,62.099998474121094,60.650001525878906,60.650001525878906,3964405,Power_Assets_Holdings,Hongkong
250,2026-02-04,61.599998474121094,61.75,61.25,61.400001525878906,2508432,Power_Assets_Holdings,Hongkong
251,2026-02-05,62.20000076293945,62.29999923706055,61.349998474121094,61.400001525878906,3365625,Power_Assets_Holdings,Hongkong
252,2026-02-06,62.20000076293945,62.5,61.650001525878906,61.95000076293945,4792324,Power_Assets_Holdings,Hongkong
253,2026-02-09,61.25,62.75,60.849998474121094,62.20000076293945,3270362,Power_Assets_Holdings,Hongkong
254,2026-02-10,61.099998474121094,61.45000076293945,60.70000076293945,61.20000076293945,1890201,Power_Assets_Holdings,Hongkong
255,2026-02-11,61.349998474121094,61.599998474121094,60.70000076293945,61.099998474121094,1480648,Power_Assets_Holdings,Hongkong
256,2026-02-12,61.599998474121094,62.20000076293945,61.400001525878906,61.400001525878906,1567918,Power_Assets_Holdings,Hongkong
257,2026-02-13,61.54999923706055,62.099998474121094,61.150001525878906,61.79999923706055,2196605,Power_Assets_Holdings,Hongkong
258,2026-02-16,62.04999923706055,62.04999923706055,62.04999923706055,62.04999923706055,0,Power_Assets_Holdings,Hongkong
259,2026-02-20,61.45000076293945,62.25,60.900001525878906,62.25,2231886,Power_Assets_Holdings,Hongkong
260,2026-02-23,62.0,62.0,60.849998474121094,60.95000076293945,1219892,Power_Assets_Holdings,Hongkong
261,2026-02-24,62.45000076293945,62.5,61.29999923706055,61.45000076293945,3344365,Power_Assets_Holdings,Hongkong
262,2026-02-25,61.29999923706055,62.5,61.20000076293945,62.5,2162491,Power_Assets_Holdings,Hongkong
263,2026-02-26,63.599998474121094,64.6500015258789,61.70000076293945,62.0,7309610,Power_Assets_Holdings,Hongkong
264,2026-02-27,63.45000076293945,63.599998474121094,62.29999923706055,63.599998474121094,4860256,Power_Assets_Holdings,Hongkong
265,2026-03-02,62.79999923706055,63.650001525878906,62.54999923706055,63.20000076293945,2846549,Power_Assets_Holdings,Hongkong
266,2026-03-03,63.29999923706055,63.70000076293945,62.79999923706055,62.79999923706055,2533560,Power_Assets_Holdings,Hongkong
267,2026-03-04,62.04999923706055,63.25,61.20000076293945,63.099998474121094,4630700,Power_Assets_Holdings,Hongkong
268,2026-03-05,63.29999923706055,63.75,61.70000076293945,62.04999923706055,3760885,Power_Assets_Holdings,Hongkong
269,2026-03-06,62.54999923706055,63.650001525878906,62.0,62.95000076293945,3924001,Power_Assets_Holdings,Hongkong
270,2026-03-09,61.5,62.5,61.0,62.400001525878906,3240555,Power_Assets_Holdings,Hongkong
271,2026-03-10,62.75,62.849998474121094,61.849998474121094,62.04999923706055,2890160,Power_Assets_Holdings,Hongkong
272,2026-03-11,63.0,63.0,62.0,62.900001525878906,1826960,Power_Assets_Holdings,Hongkong
273,2026-03-12,61.70000076293945,63.0,60.75,63.0,2640663,Power_Assets_Holdings,Hongkong
274,2026-03-13,61.70000076293945,62.04999923706055,61.349998474121094,61.70000076293945,1763131,Power_Assets_Holdings,Hongkong
275,2026-03-16,61.20000076293945,61.900001525878906,60.79999923706055,61.400001525878906,1852694,Power_Assets_Holdings,Hongkong
276,2026-03-17,61.45000076293945,61.900001525878906,61.20000076293945,61.20000076293945,1756298,Power_Assets_Holdings,Hongkong
277,2026-03-18,62.25,62.599998474121094,61.349998474121094,61.900001525878906,1667678,Power_Assets_Holdings,Hongkong
278,2026-03-19,62.20000076293945,62.54999923706055,60.849998474121094,61.5,2129462,Power_Assets_Holdings,Hongkong
279,2026-03-20,61.79999923706055,62.349998474121094,61.400001525878906,62.0,5288090,Power_Assets_Holdings,Hongkong
280,2026-03-23,60.45000076293945,61.79999923706055,59.849998474121094,61.54999923706055,2989893,Power_Assets_Holdings,Hongkong
281,2026-03-24,61.400001525878906,61.400001525878906,60.5,60.5,2095414,Power_Assets_Holdings,Hongkong
282,2026-03-25,62.29999923706055,62.29999923706055,61.45000076293945,61.45000076293945,2342839,Power_Assets_Holdings,Hongkong
283,2026-03-26,61.0,62.45000076293945,60.75,62.29999923706055,2256997,Power_Assets_Holdings,Hongkong
284,2026-03-27,61.099998474121094,61.20000076293945,60.45000076293945,61.0,2801802,Power_Assets_Holdings,Hongkong
285,2026-03-30,61.349998474121094,61.400001525878906,60.54999923706055,61.0,2806752,Power_Assets_Holdings,Hongkong
286,2026-03-31,61.04999923706055,61.599998474121094,60.650001525878906,61.349998474121094,3408952,Power_Assets_Holdings,Hongkong
287,2026-04-01,61.849998474121094,62.5,61.25,61.25,4088729,Power_Assets_Holdings,Hongkong
288,2026-04-02,62.70000076293945,62.70000076293945,61.349998474121094,61.650001525878906,2595601,Power_Assets_Holdings,Hongkong
289,2026-04-08,63.349998474121094,66.80000305175781,62.900001525878906,66.25,4502271,Power_Assets_Holdings,Hongkong
290,2026-04-09,64.1500015258789,64.1500015258789,62.900001525878906,63.45000076293945,2188401,Power_Assets_Holdings,Hongkong
291,2026-04-10,64.9000015258789,64.9000015258789,64.0,64.1500015258789,2307301,Power_Assets_Holdings,Hongkong
292,2026-04-13,64.94999694824219,64.94999694824219,64.19999694824219,64.3499984741211,1753827,Power_Assets_Holdings,Hongkong
293,2026-04-14,64.30000305175781,65.5999984741211,64.25,64.94999694824219,2473747,Power_Assets_Holdings,Hongkong
294,2026-04-15,63.70000076293945,64.8499984741211,63.650001525878906,64.69999694824219,2365844,Power_Assets_Holdings,Hongkong
295,2026-04-16,63.45000076293945,64.1500015258789,63.29999923706055,63.70000076293945,2141176,Power_Assets_Holdings,Hongkong
296,2026-04-17,63.20000076293945,63.45000076293945,62.79999923706055,63.45000076293945,2277745,Power_Assets_Holdings,Hongkong
297,2026-04-20,64.1500015258789,64.19999694824219,63.400001525878906,63.70000076293945,1482670,Power_Assets_Holdings,Hongkong
298,2026-04-21,64.3499984741211,64.5999984741211,63.75,64.5,1976154,Power_Assets_Holdings,Hongkong
299,2026-04-22,63.900001525878906,64.3499984741211,63.20000076293945,64.19999694824219,2211698,Power_Assets_Holdings,Hongkong
300,2026-04-23,64.5,64.5,63.70000076293945,63.95000076293945,1382156,Power_Assets_Holdings,Hongkong
301,2026-04-24,65.05000305175781,65.19999694824219,64.4000015258789,64.69999694824219,2079945,Power_Assets_Holdings,Hongkong
302,2026-04-27,65.19999694824219,65.19999694824219,64.5,65.05000305175781,2268911,Power_Assets_Holdings,Hongkong
303,2026-04-28,65.25,65.3499984741211,64.5,65.25,2543514,Power_Assets_Holdings,Hongkong
304,2026-04-29,65.0,65.9000015258789,64.5999984741211,65.25,3362899,Power_Assets_Holdings,Hongkong
305,2026-04-30,64.55000305175781,65.25,63.75,65.0,5011723,Power_Assets_Holdings,Hongkong
306,2026-05-04,64.8499984741211,65.5,64.5,65.05000305175781,1306239,Power_Assets_Holdings,Hongkong
307,2026-05-05,65.0,65.0999984741211,64.05000305175781,64.8499984741211,1658165,Power_Assets_Holdings,Hongkong
308,2026-05-06,66.30000305175781,66.30000305175781,65.0999984741211,65.0999984741211,3092355,Power_Assets_Holdings,Hongkong
309,2026-05-07,65.75,67.05000305175781,65.75,66.69999694824219,3056310,Power_Assets_Holdings,Hongkong
310,2026-05-08,64.4000015258789,65.6500015258789,64.05000305175781,65.6500015258789,4510683,Power_Assets_Holdings,Hongkong
311,2026-05-11,64.5,64.5999984741211,63.849998474121094,64.4000015258789,4345276,Power_Assets_Holdings,Hongkong
312,2026-05-12,64.44999694824219,64.6500015258789,64.30000305175781,64.6500015258789,2860779,Power_Assets_Holdings,Hongkong
313,2026-05-13,64.5,64.80000305175781,64.30000305175781,64.5999984741211,2936680,Power_Assets_Holdings,Hongkong
314,2026-05-14,65.30000305175781,65.3499984741211,64.44999694824219,64.8499984741211,3627916,Power_Assets_Holdings,Hongkong
315,2026-05-15,64.9000015258789,65.30000305175781,64.5999984741211,65.30000305175781,1795045,Power_Assets_Holdings,Hongkong
316,2026-05-18,64.9000015258789,64.9000015258789,64.25,64.9000015258789,2198208,Power_Assets_Holdings,Hongkong
317,2026-05-19,65.05000305175781,65.5999984741211,64.75,64.94999694824219,2359267,Power_Assets_Holdings,Hongkong
318,2026-05-20,64.94999694824219,65.0,64.55000305175781,65.0,2486279,Power_Assets_Holdings,Hongkong
0,2025-02-03,2.8708302974700928,2.880273809297912,2.7952822028475373,2.8708302974700928,3887232,China_Everbright_Bank,Hongkong
1,2025-02-04,2.861387014389038,2.8897175521373137,2.8141694514752453,2.8708305269717966,3444086,China_Everbright_Bank,Hongkong
2,2025-02-05,2.8708302974700928,2.8897173211257314,2.8519432738144537,2.8613867856422734,12499456,China_Everbright_Bank,Hongkong
3,2025-02-06,2.8708302974700928,2.899160832953551,2.833056250158815,2.8424997619866343,19665550,China_Everbright_Bank,Hongkong
4,2025-02-07,2.8519434928894043,2.880274030549102,2.8236129552297067,2.8519434928894043,12215247,China_Everbright_Bank,Hongkong
5,2025-02-10,2.8330562114715576,2.8708302582670058,2.8236126997726956,2.8330562114715576,15561482,China_Everbright_Bank,Hongkong
6,2025-02-11,2.8330562114715576,2.8519432348692817,2.8141691880738335,2.8519432348692817,14632788,China_Everbright_Bank,Hongkong
7,2025-02-12,2.8802740573883057,2.8897175700295357,2.8330564941821565,2.8330564941821565,17793510,China_Everbright_Bank,Hongkong
8,2025-02-13,2.8519434928894043,2.8991610556555667,2.842499980336172,2.8897175431023343,17334120,China_Everbright_Bank,Hongkong
9,2025-02-14,2.861387014389038,2.880274039554555,2.823612964058004,2.880274039554555,19593000,China_Everbright_Bank,Hongkong
10,2025-02-17,2.9180479049682617,2.927491416952583,2.8424998090936926,2.851943321078014,18139525,China_Everbright_Bank,Hongkong
11,2025-02-18,2.993596315383911,2.993596315383911,2.9086044798360446,2.927491504368661,25504824,China_Everbright_Bank,Hongkong
12,2025-02-19,2.955822229385376,2.9935962779786185,2.9463784920859757,2.9935962779786185,10772000,China_Everbright_Bank,Hongkong
13,2025-02-20,2.993596315383911,3.0124833399165274,2.927491504368661,2.9463785289012776,16896452,China_Everbright_Bank,Hongkong
14,2025-02-21,3.003039836883545,3.0219268614742325,2.9652657877021698,3.012483349178889,18544236,China_Everbright_Bank,Hongkong
15,2025-02-24,2.9841527938842773,3.0219268428326327,2.955822257173011,2.993596306121366,22572532,China_Everbright_Bank,Hongkong
16,2025-02-25,2.908604383468628,2.984152704247131,2.8991608715152006,2.984152704247131,21553554,China_Everbright_Bank,Hongkong
17,2025-02-26,2.993596315383911,2.993596315383911,2.8991609675697365,2.8991609675697365,14614775,China_Everbright_Bank,Hongkong
18,2025-02-27,2.9841527938842773,2.993596306121366,2.955822257173011,2.9652657694100997,8268855,China_Everbright_Bank,Hongkong
19,2025-02-28,2.9652657508850098,2.974709263063102,2.9180479648434603,2.9558222387069177,29641852,China_Everbright_Bank,Hongkong
20,2025-03-03,2.955822229385376,2.974709253681997,2.9274914677893547,2.9274914677893547,15792034,China_Everbright_Bank,Hongkong
21,2025-03-04,2.9274916648864746,2.965265941174008,2.9180481521023673,2.955822428389901,12920948,China_Everbright_Bank,Hongkong
22,2025-03-05,3.003039836883545,3.012483349178889,2.9180480010743577,2.9274915133697013,20206000,China_Everbright_Bank,Hongkong
23,2025-03-06,2.9841527938842773,3.0219268428326327,2.955822257173011,3.003039818358455,17337350,China_Everbright_Bank,Hongkong
24,2025-03-07,2.955822229385376,3.003039790126929,2.9463784920859757,2.9935962779786185,12473000,China_Everbright_Bank,Hongkong
25,2025-03-10,2.908604383468628,2.974709192293704,2.880273847608346,2.9558221683868493,25218000,China_Everbright_Bank,Hongkong
26,2025-03-11,2.9652657508850098,2.9652657508850098,2.8897174283091847,2.9086044526653687,15928885,China_Everbright_Bank,Hongkong
27,2025-03-12,2.9747092723846436,2.9841527845923275,2.9369349984028164,2.9652657601769596,12069000,China_Everbright_Bank,Hongkong
28,2025-03-13,2.993596315383911,3.0030398276502193,2.9463785289012776,2.955822266318678,13625000,China_Everbright_Bank,Hongkong
29,2025-03-14,3.0313704013824463,3.0691444509079067,2.993596351856986,2.993596351856986,21780000,China_Everbright_Bank,Hongkong
30,2025-03-17,3.0691442489624023,3.0785877607223973,3.0313702019224227,3.0502572254424125,18190002,China_Everbright_Bank,Hongkong
31,2025-03-18,3.097475051879883,3.097475051879883,3.059701001576034,3.0880315393039206,19124940,China_Everbright_Bank,Hongkong
32,2025-03-19,3.1163620948791504,3.1352491201392403,3.0691445317289254,3.0974750696190605,17238425,China_Everbright_Bank,Hongkong
33,2025-03-20,3.1069183349609375,3.173022918109807,3.088031311204118,3.1069183349609375,26944678,China_Everbright_Bank,Hongkong
34,2025-03-21,3.097475051879883,3.135249102183731,3.0219269512721856,3.106918564455845,44462115,China_Everbright_Bank,Hongkong
35,2025-03-24,3.0691442489624023,3.1069182960023825,3.0219266901624278,3.0974747842423875,16968247,China_Everbright_Bank,Hongkong
36,2025-03-25,3.050257444381714,3.0880314941330136,3.040813931943889,3.059700956819539,11802264,China_Everbright_Bank,Hongkong
37,2025-03-26,3.0219268798828125,3.0691444416471656,2.9935963428242007,3.0502574169414243,12316000,China_Everbright_Bank,Hongkong
38,2025-03-27,3.04081392288208,3.050257435291763,3.003039873243349,3.0219268980627145,10263015,China_Everbright_Bank,Hongkong
39,2025-03-28,3.003039836883545,3.0408138860649205,2.9747092999975138,3.0408138860649205,7563110,China_Everbright_Bank,Hongkong
40,2025-03-31,2.993596315383911,3.031370364449144,2.9369350166349695,3.0030398276502193,31350640,China_Everbright_Bank,Hongkong
41,2025-04-01,3.0219268798828125,3.0597009292942947,2.9841528304713303,3.003039855177071,9790000,China_Everbright_Bank,Hongkong
42,2025-04-02,3.0691442489624023,3.0691442489624023,2.974709131362453,2.974709131362453,12545000,China_Everbright_Bank,Hongkong
43,2025-04-03,3.04081392288208,3.050257435291763,3.0124833856530318,3.0313704104723973,8806174,China_Everbright_Bank,Hongkong
44,2025-04-07,2.69140362739563,2.9180481599769226,2.681960114586039,2.9086046471673312,36551710,China_Everbright_Bank,Hongkong
45,2025-04-08,2.7669517993927,2.7952823362279857,2.6914034760141785,2.710290500571036,35757878,China_Everbright_Bank,Hongkong
46,2025-04-09,2.7575082778930664,2.776395302386765,2.6819599547671813,2.7575082778930664,26297484,China_Everbright_Bank,Hongkong
47,2025-04-10,2.7858388423919678,2.851943428778584,2.7763953300510225,2.804725867073858,20106597,China_Everbright_Bank,Hongkong
48,2025-04-11,2.8708302974700928,2.880273809297912,2.766951667364079,2.766951667364079,19015053,China_Everbright_Bank,Hongkong
49,2025-04-14,2.9652657508850098,2.9652657508850098,2.8613868917749095,2.870830403953001,16719000,China_Everbright_Bank,Hongkong
50,2025-04-15,2.993596315383911,2.993596315383911,2.9369350166349695,2.9369350166349695,15417000,China_Everbright_Bank,Hongkong
51,2025-04-16,2.955822229385376,2.9935962779786185,2.936934979937665,2.9935962779786185,12184900,China_Everbright_Bank,Hongkong
52,2025-04-17,2.993596315383911,3.0030398276502193,2.9463785289012776,2.9463785289012776,17222045,China_Everbright_Bank,Hongkong
53,2025-04-22,3.050257444381714,3.050257444381714,2.9747093448791144,2.9935963697547643,16369713,China_Everbright_Bank,Hongkong
54,2025-04-23,3.0313704013824463,3.0597009385265417,3.0219268890010813,3.0219268890010813,11400608,China_Everbright_Bank,Hongkong
55,2025-04-24,3.050257444381714,3.0691444692573637,3.012483394630414,3.0219269070682393,14592010,China_Everbright_Bank,Hongkong
56,2025-04-25,3.0785880088806152,3.0785880088806152,3.0219269337533206,3.050257471316968,36569252,China_Everbright_Bank,Hongkong
57,2025-04-28,3.2107973098754883,3.2107973098754883,3.0502573768363863,3.0502573768363863,38193000,China_Everbright_Bank,Hongkong
58,2025-04-29,3.229684591293335,3.239128104273387,3.173023288261913,3.210797565333231,23820011,China_Everbright_Bank,Hongkong
59,2025-04-30,3.182466506958008,3.2107972684295163,3.135248946423974,3.173022994851201,52953000,China_Everbright_Bank,Hongkong
60,2025-05-02,3.0785880088806152,3.2013538968075186,3.0597009838381837,3.1446925965291257,11873000,China_Everbright_Bank,Hongkong
61,2025-05-06,3.135248899459839,3.154135923390536,3.0974748515984447,3.106918363563793,18244000,China_Everbright_Bank,Hongkong
62,2025-05-07,3.182466506958008,3.2107972684295163,3.1258054343171677,3.1258054343171677,20891000,China_Everbright_Bank,Hongkong
63,2025-05-08,3.182466506958008,3.20135375632271,3.1541359706375878,3.1541359706375878,21603499,China_Everbright_Bank,Hongkong
64,2025-05-09,3.229684591293335,3.239128104273387,3.1824668012419655,3.1824668012419655,29223452,China_Everbright_Bank,Hongkong
65,2025-05-12,3.2485713958740234,3.2580149082105314,3.201353834191484,3.2580149082105314,16469700,China_Everbright_Bank,Hongkong
66,2025-05-13,3.2863454818725586,3.29578899431439,3.2391279196634035,3.2485714321052344,23493000,China_Everbright_Bank,Hongkong
67,2025-05-14,3.3713369369506836,3.3713369369506836,3.267458304924941,3.267458304924941,21916000,China_Everbright_Bank,Hongkong
68,2025-05-15,3.3430063724517822,3.371336908217347,3.2957888128425084,3.371336908217347,12401761,China_Everbright_Bank,Hongkong
69,2025-05-16,3.352450132369995,3.352450132369995,3.2957890566473824,3.2957890566473824,16742136,China_Everbright_Bank,Hongkong
70,2025-05-19,3.3713369369506836,3.380780448953024,3.305232352934302,3.305232352934302,7977922,China_Everbright_Bank,Hongkong
71,2025-05-20,3.4185545444488525,3.4185545444488525,3.3807804959147796,3.390224008048298,23358189,China_Everbright_Bank,Hongkong
72,2025-05-21,3.4657723903656006,3.4752159026628737,3.399667579133596,3.4185546037281425,20640512,China_Everbright_Bank,Hongkong
73,2025-05-22,3.4752159118652344,3.494102936509793,3.437441862576117,3.465772399542955,18373423,China_Everbright_Bank,Hongkong
74,2025-05-23,3.4752159118652344,3.494102936509793,3.4468853748983963,3.4846594241875137,22307000,China_Everbright_Bank,Hongkong
75,2025-05-26,3.437441825866699,3.512989923638135,3.418554576272749,3.475215874752417,23697522,China_Everbright_Bank,Hongkong
76,2025-05-27,3.446885347366333,3.4752158841068805,3.418554585474694,3.446885347366333,20441409,China_Everbright_Bank,Hongkong
77,2025-05-28,3.446885347366333,3.4752158841068805,3.4091110732278445,3.446885347366333,29777719,China_Everbright_Bank,Hongkong
78,2025-05-29,3.437441825866699,3.4657723625309877,3.4091110640513196,3.4657723625309877,22126000,China_Everbright_Bank,Hongkong
79,2025-05-30,3.4279985427856445,3.4563290813436534,3.3996677790765295,3.4185548047818686,61987590,China_Everbright_Bank,Hongkong
80,2025-06-02,3.3713369369506836,3.4185544969623853,3.305232352934302,3.4091109849600447,13153973,China_Everbright_Bank,Hongkong
81,2025-06-03,3.494102954864502,3.5129899796082755,3.3807805812507667,3.3807805812507667,16716743,China_Everbright_Bank,Hongkong
82,2025-06-04,3.5602076053619385,3.5602076053619385,3.4752159924896335,3.494103017572368,16415674,China_Everbright_Bank,Hongkong
83,2025-06-05,3.569650888442993,3.5790944003773233,3.5129898168370133,3.5507638645743334,16057558,China_Everbright_Bank,Hongkong
84,2025-06-06,3.5035464763641357,3.5790945755360535,3.5035464763641357,3.5696510631395637,22908867,China_Everbright_Bank,Hongkong
85,2025-06-09,3.5507640838623047,3.569651108897389,3.494103008757052,3.494103008757052,13311145,China_Everbright_Bank,Hongkong
86,2025-06-10,3.5979814529418945,3.6357555009804834,3.541320380884011,3.550763892893658,18722614,China_Everbright_Bank,Hongkong
87,2025-06-11,3.673529863357544,3.711303912313226,3.607425052534009,3.607425052534009,26658720,China_Everbright_Bank,Hongkong
88,2025-06-12,3.66408634185791,3.711303902933174,3.6263120678466083,3.673529854072963,13645065,China_Everbright_Bank,Hongkong
89,2025-06-13,3.711303949356079,3.7207474616892564,3.635755625539569,3.635755625539569,19316938,China_Everbright_Bank,Hongkong
90,2025-06-16,3.6924169063568115,3.7018604186431014,3.6168685829153997,3.6640863694979418,26793606,China_Everbright_Bank,Hongkong
91,2025-06-17,3.6829733848571777,3.7018604093825096,3.6546426229180877,3.6546426229180877,8246611,China_Everbright_Bank,Hongkong
92,2025-06-18,3.711303949356079,3.7301909740224333,3.673529900023371,3.7018604370229022,13934325,China_Everbright_Bank,Hongkong
93,2025-06-19,3.6546428203582764,3.7113041221464615,3.626312282039736,3.7113041221464615,13454000,China_Everbright_Bank,Hongkong
94,2025-06-20,3.711303949356079,3.73963448635561,3.6074250885400376,3.6074250885400376,45217314,China_Everbright_Bank,Hongkong
95,2025-06-23,3.796295404434204,3.796295404434204,3.654642500103386,3.711303796926364,15829359,China_Everbright_Bank,Hongkong
96,2025-06-24,3.758521556854248,3.8246263691436786,3.7490780444059144,3.7962956066475817,22899350,China_Everbright_Bank,Hongkong
97,2025-06-25,3.805739164352417,3.815182451203276,3.7207473311838233,3.777408403195495,15768520,China_Everbright_Bank,Hongkong
98,2025-06-26,3.815182685852051,3.8246264235859093,3.7396345851899824,3.815182685852051,15680494,China_Everbright_Bank,Hongkong
99,2025-06-27,3.7774085998535156,3.8529566998022347,3.7207475248919764,3.7774085998535156,17125896,China_Everbright_Bank,Hongkong
100,2025-06-30,3.7018604278564453,3.7396344770956182,3.6640863786172724,3.7113039401662387,19572457,China_Everbright_Bank,Hongkong
101,2025-07-02,3.7242181301116943,3.801604639612107,3.7242181301116943,3.7822580698943296,35018168,China_Everbright_Bank,Hongkong
102,2025-07-03,3.7532382011413574,3.772584770786061,3.695198261577944,3.7242181160449994,23258000,China_Everbright_Bank,Hongkong
103,2025-07-04,3.8402976989746094,3.8499709836318026,3.733891337116182,3.7532381370598675,27886000,China_Everbright_Bank,Hongkong
104,2025-07-07,3.8983376026153564,3.8983376026153564,3.830624379992459,3.8402976645629736,13986001,China_Everbright_Bank,Hongkong
105,2025-07-08,3.908010721206665,3.9757239449497397,3.878991097644347,3.8983376671054257,17969433,China_Everbright_Bank,Hongkong
106,2025-07-09,3.8693175315856934,3.917684185233952,3.8209511085667316,3.9080106700008628,17486000,China_Everbright_Bank,Hongkong
107,2025-07-10,3.9563772678375244,3.9660503216755645,3.830624339132891,3.830624339132891,21604000,China_Everbright_Bank,Hongkong
108,2025-07-11,3.8402976989746094,3.995070484119004,3.820951129660222,3.95637734549023,21940815,China_Everbright_Bank,Hongkong
109,2025-07-14,3.8596441745758057,3.8886640278427764,3.7919311836195404,3.8402976057311586,19157460,China_Everbright_Bank,Hongkong
110,2025-07-15,3.820951223373413,3.8886642176345063,3.7919313686900873,3.849971078056739,17465000,China_Everbright_Bank,Hongkong
111,2025-07-16,3.8306243419647217,3.8596441953881766,3.801604488541267,3.8306243419647217,12426000,China_Everbright_Bank,Hongkong
112,2025-07-17,3.849971055984497,3.869317625662465,3.820951201467545,3.849971055984497,13982000,China_Everbright_Bank,Hongkong
113,2025-07-18,3.87899112701416,3.8983376966217214,3.8306244723659555,3.8306244723659555,11046148,China_Everbright_Bank,Hongkong
114,2025-07-21,3.820951223373413,3.917684302947136,3.7919313686900873,3.8789911633693683,35203000,China_Everbright_Bank,Hongkong
115,2025-07-22,3.7822580337524414,3.8499710271176215,3.762911464219533,3.830624457584713,23564168,China_Everbright_Bank,Hongkong
116,2025-07-23,3.820951223373413,3.849971078056739,3.7725847989012036,3.7919313686900873,14072891,China_Everbright_Bank,Hongkong
117,2025-07-24,3.820951223373413,3.840297793162297,3.8016046535845294,3.820951223373413,15826115,China_Everbright_Bank,Hongkong
118,2025-07-25,3.7725846767425537,3.811277815067413,3.762911392161339,3.8016045304861983,12607550,China_Everbright_Bank,Hongkong
119,2025-07-28,3.7725846767425537,3.811277815067413,3.7435645923696126,3.762911392161339,8915113,China_Everbright_Bank,Hongkong
120,2025-07-29,3.646831750869751,3.7532381120182343,3.6274851816844444,3.7242180276109775,37129465,China_Everbright_Bank,Hongkong
121,2025-07-30,3.588792085647583,3.6855249327151864,3.559772231527302,3.6274852244746243,26880000,China_Everbright_Bank,Hongkong
122,2025-07-31,3.5694453716278076,3.5791186559426813,3.5210789500534383,3.5694453716278076,14472275,China_Everbright_Bank,Hongkong
123,2025-08-01,3.5114057064056396,3.588791981820874,3.4823856224956344,3.5791186973939695,12541281,China_Everbright_Bank,Hongkong
124,2025-08-04,3.559772253036499,3.579118822566917,3.5017323138159426,3.521079113975662,10873339,China_Everbright_Bank,Hongkong
125,2025-08-05,3.6565051078796387,3.6661783926638716,3.5597722600373074,3.5597722600373074,15546000,China_Everbright_Bank,Hongkong
126,2025-08-06,3.5500988960266113,3.6855248799836153,3.5307523268898966,3.656505026278543,24832618,China_Everbright_Bank,Hongkong
127,2025-08-07,3.6371583938598633,3.6468316782599177,3.550098834259373,3.5597721186594278,17497000,China_Everbright_Bank,Hongkong
128,2025-08-08,3.617811918258667,3.6468317722064145,3.5984653489601683,3.637158487557165,9655252,China_Everbright_Bank,Hongkong
129,2025-08-11,3.5984654426574707,3.6371585822619643,3.579118872855224,3.6178120124597175,11250000,China_Everbright_Bank,Hongkong
130,2025-08-12,3.6565051078796387,3.6565051078796387,3.608138683958473,3.608138683958473,8456000,China_Everbright_Bank,Hongkong
131,2025-08-13,3.617811918258667,3.685524910803411,3.5984653489601683,3.637158487557165,7295537,China_Everbright_Bank,Hongkong
132,2025-08-14,3.6274852752685547,3.685524984321819,3.617811990426344,3.617811990426344,16105544,China_Everbright_Bank,Hongkong
133,2025-08-15,3.5694453716278076,3.617811793202177,3.5210789500534383,3.617811793202177,20672000,China_Everbright_Bank,Hongkong
134,2025-08-18,3.5210790634155273,3.5887920557996824,3.5114057787892197,3.5791187711733747,20294192,China_Everbright_Bank,Hongkong
135,2025-08-19,3.501732349395752,3.5597722892060304,3.4727124948052643,3.530752434615543,10792000,China_Everbright_Bank,Hongkong
136,2025-08-20,3.5210790634155273,3.5307523480418355,3.4727124096546906,3.501732263533614,6935686,China_Everbright_Bank,Hongkong
137,2025-08-21,3.5500988960266113,3.5500988960266113,3.511405757753182,3.521079042321539,5558000,China_Everbright_Bank,Hongkong
138,2025-08-22,3.5114057064056396,3.550098844113257,3.4920589069225385,3.550098844113257,6262970,China_Everbright_Bank,Hongkong
139,2025-08-25,3.5404255390167236,3.569445392128013,3.521078970275864,3.521078970275864,8571000,China_Everbright_Bank,Hongkong
140,2025-08-26,3.4823856353759766,3.569445426169417,3.4823856353759766,3.569445426169417,14059541,China_Everbright_Bank,Hongkong
141,2025-08-27,3.3953261375427246,3.4920589839453613,3.385652852902461,3.4823856993050977,10137921,China_Everbright_Bank,Hongkong
142,2025-08-28,3.414672613143921,3.4533657506434547,3.385652760019271,3.4243458975188044,13241001,China_Everbright_Bank,Hongkong
143,2025-08-29,3.385652780532837,3.492058909301266,3.3759794960993434,3.4340192027003047,15336150,China_Everbright_Bank,Hongkong
144,2025-09-01,3.3663063049316406,3.424346013140631,3.346959735528644,3.395326159036136,9954000,China_Everbright_Bank,Hongkong
145,2025-09-02,3.4533658027648926,3.4727123718066557,3.3566329575560756,3.3566329575560756,17941924,China_Everbright_Bank,Hongkong
146,2025-09-03,3.3953261375427246,3.472712414664834,3.3663062836219337,3.453365845384307,16196000,China_Everbright_Bank,Hongkong
147,2025-09-04,3.4340193271636963,3.453365896731885,3.3663063336750363,3.3953261880273193,15300022,China_Everbright_Bank,Hongkong
148,2025-09-05,3.4630391597747803,3.5017322986682395,3.4146727361579567,3.4533658750514156,25620000,China_Everbright_Bank,Hongkong
149,2025-09-08,3.4340193271636963,3.482385751084168,3.4146727575955076,3.453365896731885,11373000,China_Everbright_Bank,Hongkong
150,2025-09-09,3.414672613143921,3.463039035018338,3.385652760019271,3.4243458975188044,12388000,China_Everbright_Bank,Hongkong
151,2025-09-10,3.4630391597747803,3.4630391597747803,3.3953261667112273,3.404999451434592,11482220,China_Everbright_Bank,Hongkong
152,2025-09-11,3.4340193271636963,3.4630391815159793,3.4146727575955076,3.4630391815159793,12259000,China_Everbright_Bank,Hongkong
153,2025-09-12,3.472712516784668,3.4920590866341077,3.424346092161069,3.4533659469352282,13247155,China_Everbright_Bank,Hongkong
154,2025-09-15,3.3663063049316406,3.4533658672451266,3.3566330202301424,3.443692582543628,14923500,China_Everbright_Bank,Hongkong
155,2025-09-16,3.356632947921753,3.4049993703873382,3.3372863789355187,3.385652801401104,10270100,China_Everbright_Bank,Hongkong
156,2025-09-17,3.356632947921753,3.36630623241487,3.3179398099492845,3.356632947921753,9551833,China_Everbright_Bank,Hongkong
157,2025-09-18,3.2889199256896973,3.366306200910394,3.269573356884523,3.3372863477026327,17216000,China_Everbright_Bank,Hongkong
158,2025-09-19,3.259899854660034,3.3179397919328744,3.2212067168976697,3.2695733697299185,20492821,China_Everbright_Bank,Hongkong
159,2025-09-22,3.201860189437866,3.250226612266522,3.192186904872135,3.250226612266522,16996998,China_Everbright_Bank,Hongkong
160,2025-09-23,3.201860189437866,3.2598998968322532,3.1825136203064037,3.201860189437866,13331788,China_Everbright_Bank,Hongkong
161,2025-09-24,3.18251371383667,3.250226707786792,3.18251371383667,3.2018602835367047,11126001,China_Everbright_Bank,Hongkong
162,2025-09-25,3.124473810195923,3.1825135156822726,3.1148005259481977,3.1825135156822726,12801722,China_Everbright_Bank,Hongkong
163,2025-09-26,3.1631669998168945,3.1728402842255674,3.105127293364856,3.1148005777735293,16440120,China_Everbright_Bank,Hongkong
164,2025-09-29,3.153493881225586,3.1728404510602153,3.105127456639012,3.163167166142901,20193704,China_Everbright_Bank,Hongkong
165,2025-09-30,3.1341471672058105,3.1921868740396064,3.095454029316613,3.172840305095008,25146068,China_Everbright_Bank,Hongkong
166,2025-10-02,3.1051273345947266,3.134147188206071,3.066434196446267,3.134147188206071,12762169,China_Everbright_Bank,Hongkong
167,2025-10-03,3.0857808589935303,3.1051274286537973,3.0761075741633968,3.1051274286537973,6171296,China_Everbright_Bank,Hongkong
168,2025-10-06,3.0761075019836426,3.1148006403962563,3.056760932777336,3.095454071189949,7951986,China_Everbright_Bank,Hongkong
169,2025-10-08,3.0761075019836426,3.0761075019836426,3.0180675637354253,3.0761075019836426,17033000,China_Everbright_Bank,Hongkong
170,2025-10-09,3.1148006916046143,3.1438205458911703,3.0857808373180577,3.0857808373180577,23996830,China_Everbright_Bank,Hongkong
171,2025-10-10,3.1148006916046143,3.163167115415541,3.0954541220802434,3.134147261128985,22037486,China_Everbright_Bank,Hongkong
172,2025-10-13,3.124473810195923,3.1341470944436476,3.0374142519663976,3.105127241700473,42344502,China_Everbright_Bank,Hongkong
173,2025-10-14,3.2212066650390625,3.2212066650390625,3.114800537905605,3.1341471064753246,33933000,China_Everbright_Bank,Hongkong
174,2025-10-15,3.23088002204895,3.2502265910541484,3.1921868840385534,3.23088002204895,24074117,China_Everbright_Bank,Hongkong
175,2025-10-16,3.3082666397094727,3.317939924536663,3.2212068456354532,3.230880130462644,19546000,China_Everbright_Bank,Hongkong
176,2025-10-17,3.2502267360687256,3.327613246171549,3.2405534511345357,3.317939961237359,18316954,China_Everbright_Bank,Hongkong
177,2025-10-20,3.259899854660034,3.2889199386111008,3.2308800013382606,3.2889199386111008,12990053,China_Everbright_Bank,Hongkong
178,2025-10-21,3.2889199256896973,3.2889199256896973,3.259899841852644,3.269573356884523,7907000,China_Everbright_Bank,Hongkong
179,2025-10-22,3.3179397583007812,3.337286326985858,3.2502265372737207,3.279246620930627,14432190,China_Everbright_Bank,Hongkong
180,2025-10-23,3.3372864723205566,3.346959757084355,3.2985933332653645,3.317939902792961,13325900,China_Everbright_Bank,Hongkong
181,2025-10-24,3.2889199256896973,3.3372863477026327,3.27924664128711,3.3276130633000456,13380468,China_Everbright_Bank,Hongkong
182,2025-10-27,3.3082666397094727,3.3566330638454263,3.2792467852279,3.288920070055091,15606400,China_Everbright_Bank,Hongkong
183,2025-10-28,3.3082666397094727,3.3372864941910447,3.2792467852279,3.327613209363854,11215380,China_Everbright_Bank,Hongkong
184,2025-10-30,3.259899854660034,3.298593223051692,3.2212067168976697,3.298593223051692,19535760,China_Everbright_Bank,Hongkong
185,2025-10-31,3.0857808589935303,3.259899985935934,3.0857808589935303,3.2212068466154,34293000,China_Everbright_Bank,Hongkong
186,2025-11-03,3.1341471672058105,3.14382045167811,3.0470876069551163,3.0857807448443135,35873506,China_Everbright_Bank,Hongkong
187,2025-11-04,3.23088002204895,3.2405533065515493,3.1341471770229585,3.1341471770229585,28645755,China_Everbright_Bank,Hongkong
188,2025-11-05,3.2212066650390625,3.2308799493239224,3.172840243614764,3.2308799493239224,21216269,China_Everbright_Bank,Hongkong
189,2025-11-06,3.201860189437866,3.2405533277007907,3.1825136203064037,3.2212067585693283,25785220,China_Everbright_Bank,Hongkong
190,2025-11-07,3.259899854660034,3.27924665417051,3.2212067168976697,3.2212067168976697,17127014,China_Everbright_Bank,Hongkong
191,2025-11-10,3.3372864723205566,3.346959757084355,3.230880109289477,3.2792467637377682,20189000,China_Everbright_Bank,Hongkong
192,2025-11-11,3.3663063049316406,3.3759795896331393,3.3179398814241488,3.3372864508271456,44523000,China_Everbright_Bank,Hongkong
193,2025-11-12,3.414672613143921,3.4436924662685713,3.3566329068946206,3.3566329068946206,42673171,China_Everbright_Bank,Hongkong
194,2025-11-13,3.414672613143921,3.434019181893688,3.3953260443941544,3.414672613143921,41662484,China_Everbright_Bank,Hongkong
195,2025-11-14,3.385652780532837,3.4340192027003047,3.385652780532837,3.3953260649663304,40107300,China_Everbright_Bank,Hongkong
196,2025-11-17,3.4920589923858643,3.4920589923858643,3.366306291758485,3.4049994304130635,35573846,China_Everbright_Bank,Hongkong
197,2025-11-18,3.4920589923858643,3.511405792342452,3.4243459997403525,3.48238570772222,55166217,China_Everbright_Bank,Hongkong
198,2025-11-19,3.5210790634155273,3.5791187711733747,3.4823856942809983,3.4920589789073064,50598108,China_Everbright_Bank,Hongkong
199,2025-11-20,3.5694453716278076,3.598465224572429,3.5114056657385646,3.5210789500534383,38190610,China_Everbright_Bank,Hongkong
200,2025-11-21,3.443692445755005,3.569445372508689,3.4243458771204827,3.569445372508689,39984727,China_Everbright_Bank,Hongkong
201,2025-11-24,3.6371583938598633,3.6371583938598633,3.4243459064293726,3.4727123284296453,262337877,China_Everbright_Bank,Hongkong
202,2025-11-25,3.6081385612487793,3.637158414614538,3.559772138972514,3.598465276793526,117974884,China_Everbright_Bank,Hongkong
203,2025-11-26,3.6565051078796387,3.685524962232338,3.608138683958473,3.608138683958473,44722028,China_Everbright_Bank,Hongkong
204,2025-11-27,3.6661782264709473,3.753238016211806,3.6274850890880286,3.656504942125218,38441000,China_Everbright_Bank,Hongkong
205,2025-11-28,3.675851583480835,3.695198152554737,3.6274851607960796,3.6468317298699815,26817806,China_Everbright_Bank,Hongkong
206,2025-12-01,3.559772253036499,3.6661783854538,3.5017323138159426,3.656505100688591,36418395,China_Everbright_Bank,Hongkong
207,2025-12-02,3.5984654426574707,3.608138727558594,3.5500990181518537,3.559772303052977,26755100,China_Everbright_Bank,Hongkong
208,2025-12-03,3.5210790634155273,3.5887920557996824,3.4727124096546906,3.5694454865470666,29544508,China_Everbright_Bank,Hongkong
209,2025-12-04,3.5404255390167236,3.5597721077575835,3.4920588865352826,3.5307522546462935,12872247,China_Everbright_Bank,Hongkong
210,2025-12-05,3.472712516784668,3.5597723117364506,3.4533659469352282,3.550099026811731,24419000,China_Everbright_Bank,Hongkong
211,2025-12-08,3.4630391597747803,3.492059013944875,3.4533658750514156,3.48238572922151,21251646,China_Everbright_Bank,Hongkong
212,2025-12-09,3.472712516784668,3.511405887112852,3.4436926620105086,3.4436926620105086,22933697,China_Everbright_Bank,Hongkong
213,2025-12-10,3.5114057064056396,3.5114057064056396,3.4340192003611127,3.47271233806873,24827500,China_Everbright_Bank,Hongkong
214,2025-12-11,3.530752420425415,3.540425705250034,3.4727124808483993,3.5017323353222563,33519000,China_Everbright_Bank,Hongkong
215,2025-12-12,3.5404255390167236,3.588791960868873,3.4920588865352826,3.5307522546462935,61377000,China_Everbright_Bank,Hongkong
216,2025-12-15,3.6371583938598633,3.656504962659972,3.5210789810592096,3.5404255498593185,47549438,China_Everbright_Bank,Hongkong
217,2025-12-16,3.5984654426574707,3.6565051520642116,3.579118872855224,3.6371585822619643,34954000,China_Everbright_Bank,Hongkong
218,2025-12-17,3.588792085647583,3.6274852244746243,3.540425662113781,3.559772231527302,18230000,China_Everbright_Bank,Hongkong
219,2025-12-18,3.588792085647583,3.608138655061104,3.540425662113781,3.569445516234062,16959000,China_Everbright_Bank,Hongkong
220,2025-12-19,3.588792085647583,3.6565050785949054,3.5500989468205417,3.617811939767864,32488300,China_Everbright_Bank,Hongkong
221,2025-12-22,3.5694453716278076,3.5887919402575554,3.540425518683186,3.5887919402575554,9021237,China_Everbright_Bank,Hongkong
222,2025-12-23,3.5984654426574707,3.627485297360841,3.530752448349607,3.530752448349607,8605809,China_Everbright_Bank,Hongkong
223,2025-12-24,3.559772253036499,3.559772253036499,3.559772253036499,3.559772253036499,0,China_Everbright_Bank,Hongkong
224,2025-12-29,3.5500988960266113,3.5791187497316836,3.4823856734188134,3.5307523268898966,24302000,China_Everbright_Bank,Hongkong
225,2025-12-30,3.4920589923858643,3.5500989309970303,3.48238570772222,3.5500989309970303,9591661,China_Everbright_Bank,Hongkong
226,2025-12-31,3.5114057064056396,3.5114057064056396,3.5114057064056396,3.5114057064056396,0,China_Everbright_Bank,Hongkong
227,2026-01-02,3.5404255390167236,3.5404255390167236,3.472712317794423,3.5017321709057123,4892000,China_Everbright_Bank,Hongkong
228,2026-01-05,3.501732349395752,3.5404257194790385,3.4436926402147767,3.511405864888551,15343498,China_Everbright_Bank,Hongkong
229,2026-01-06,3.4823856353759766,3.511405719393319,3.434019213062562,3.4920589198386596,14484414,China_Everbright_Bank,Hongkong
230,2026-01-07,3.4823856353759766,3.511405719393319,3.453365781987928,3.4920589198386596,8498000,China_Everbright_Bank,Hongkong
231,2026-01-08,3.472712516784668,3.4920590866341077,3.434019377085789,3.4920590866341077,12203000,China_Everbright_Bank,Hongkong
232,2026-01-09,3.4630391597747803,3.48238572922151,3.434019305604686,3.4533658750514156,8604650,China_Everbright_Bank,Hongkong
233,2026-01-12,3.472712516784668,3.472712516784668,3.4049995223116296,3.424346092161069,14719000,China_Everbright_Bank,Hongkong
234,2026-01-13,3.4920589923858643,3.5017322770495087,3.4436925690676414,3.4727124230585753,17669987,China_Everbright_Bank,Hongkong
235,2026-01-14,3.4533658027648926,3.5017322253693006,3.434019233723129,3.5017322253693006,14179000,China_Everbright_Bank,Hongkong
236,2026-01-15,3.3299999237060547,3.4700000286102295,3.319999933242798,3.430000066757202,30057424,China_Everbright_Bank,Hongkong
237,2026-01-16,3.25,3.390000104904175,3.2300000190734863,3.3299999237060547,21866342,China_Everbright_Bank,Hongkong
238,2026-01-19,3.1600000858306885,3.259999990463257,3.1500000953674316,3.25,30088000,China_Everbright_Bank,Hongkong
239,2026-01-20,3.200000047683716,3.2100000381469727,3.140000104904175,3.180000066757202,38518315,China_Everbright_Bank,Hongkong
240,2026-01-21,3.180000066757202,3.2100000381469727,3.140000104904175,3.180000066757202,24692050,China_Everbright_Bank,Hongkong
241,2026-01-22,3.2100000381469727,3.25,3.1600000858306885,3.1600000858306885,15135524,China_Everbright_Bank,Hongkong
242,2026-01-23,3.180000066757202,3.2200000286102295,3.1600000858306885,3.200000047683716,12603054,China_Everbright_Bank,Hongkong
243,2026-01-26,3.200000047683716,3.25,3.1700000762939453,3.180000066757202,14764195,China_Everbright_Bank,Hongkong
244,2026-01-27,3.2200000286102295,3.25,3.200000047683716,3.200000047683716,12212000,China_Everbright_Bank,Hongkong
245,2026-01-28,3.2699999809265137,3.2799999713897705,3.200000047683716,3.2300000190734863,19130000,China_Everbright_Bank,Hongkong
246,2026-01-29,3.319999933242798,3.3299999237060547,3.240000009536743,3.25,30064168,China_Everbright_Bank,Hongkong
247,2026-01-30,3.259999990463257,3.3399999141693115,3.240000009536743,3.3299999237060547,13920084,China_Everbright_Bank,Hongkong
248,2026-02-02,3.25,3.309999942779541,3.2300000190734863,3.2699999809265137,9994084,China_Everbright_Bank,Hongkong
249,2026-02-03,3.25,3.2899999618530273,3.2100000381469727,3.25,16690807,China_Everbright_Bank,Hongkong
250,2026-02-04,3.25,3.2899999618530273,3.240000009536743,3.2699999809265137,11049524,China_Everbright_Bank,Hongkong
251,2026-02-05,3.309999942779541,3.319999933242798,3.25,3.25,10480764,China_Everbright_Bank,Hongkong
252,2026-02-06,3.380000114440918,3.380000114440918,3.299999952316284,3.299999952316284,25683134,China_Everbright_Bank,Hongkong
253,2026-02-09,3.380000114440918,3.430000066757202,3.359999895095825,3.359999895095825,12062494,China_Everbright_Bank,Hongkong
254,2026-02-10,3.430000066757202,3.450000047683716,3.369999885559082,3.380000114440918,8827418,China_Everbright_Bank,Hongkong
255,2026-02-11,3.4600000381469727,3.4800000190734863,3.380000114440918,3.380000114440918,15125153,China_Everbright_Bank,Hongkong
256,2026-02-12,3.4100000858306885,3.490000009536743,3.4100000858306885,3.4700000286102295,11012069,China_Everbright_Bank,Hongkong
257,2026-02-13,3.390000104904175,3.4200000762939453,3.3499999046325684,3.4100000858306885,12867531,China_Everbright_Bank,Hongkong
258,2026-02-16,3.380000114440918,3.380000114440918,3.380000114440918,3.380000114440918,0,China_Everbright_Bank,Hongkong
259,2026-02-20,3.369999885559082,3.4000000953674316,3.319999933242798,3.369999885559082,5283405,China_Everbright_Bank,Hongkong
260,2026-02-23,3.450000047683716,3.450000047683716,3.369999885559082,3.380000114440918,3754270,China_Everbright_Bank,Hongkong
261,2026-02-24,3.4200000762939453,3.430000066757202,3.380000114440918,3.4200000762939453,8758509,China_Everbright_Bank,Hongkong
262,2026-02-25,3.369999885559082,3.440000057220459,3.3499999046325684,3.4200000762939453,7540900,China_Everbright_Bank,Hongkong
263,2026-02-26,3.319999933242798,3.380000114440918,3.309999942779541,3.380000114440918,6699060,China_Everbright_Bank,Hongkong
264,2026-02-27,3.2899999618530273,3.3299999237060547,3.2799999713897705,3.319999933242798,13063133,China_Everbright_Bank,Hongkong
265,2026-03-02,3.240000009536743,3.2799999713897705,3.2200000286102295,3.2799999713897705,16059204,China_Everbright_Bank,Hongkong
266,2026-03-03,3.2699999809265137,3.3299999237060547,3.240000009536743,3.25,12727574,China_Everbright_Bank,Hongkong
267,2026-03-04,3.2200000286102295,3.259999990463257,3.190000057220459,3.240000009536743,18609000,China_Everbright_Bank,Hongkong
268,2026-03-05,3.2300000190734863,3.2799999713897705,3.2200000286102295,3.2300000190734863,15553916,China_Everbright_Bank,Hongkong
269,2026-03-06,3.240000009536743,3.2899999618530273,3.2300000190734863,3.240000009536743,19245400,China_Everbright_Bank,Hongkong
270,2026-03-09,3.25,3.2799999713897705,3.200000047683716,3.25,16236000,China_Everbright_Bank,Hongkong
271,2026-03-10,3.2699999809265137,3.309999942779541,3.25,3.2799999713897705,14433000,China_Everbright_Bank,Hongkong
272,2026-03-11,3.299999952316284,3.319999933242798,3.259999990463257,3.2799999713897705,11368000,China_Everbright_Bank,Hongkong
273,2026-03-12,3.299999952316284,3.309999942779541,3.25,3.2899999618530273,20454000,China_Everbright_Bank,Hongkong
274,2026-03-13,3.259999990463257,3.299999952316284,3.240000009536743,3.2799999713897705,10449000,China_Everbright_Bank,Hongkong
275,2026-03-16,3.25,3.2699999809265137,3.2200000286102295,3.2699999809265137,12581204,China_Everbright_Bank,Hongkong
276,2026-03-17,3.2799999713897705,3.309999942779541,3.25,3.259999990463257,12065208,China_Everbright_Bank,Hongkong
277,2026-03-18,3.309999942779541,3.309999942779541,3.2699999809265137,3.299999952316284,10688196,China_Everbright_Bank,Hongkong
278,2026-03-19,3.2799999713897705,3.319999933242798,3.2699999809265137,3.299999952316284,5509000,China_Everbright_Bank,Hongkong
279,2026-03-20,3.2799999713897705,3.299999952316284,3.240000009536743,3.2899999618530273,15517000,China_Everbright_Bank,Hongkong
280,2026-03-23,3.1500000953674316,3.25,3.119999885559082,3.25,23542048,China_Everbright_Bank,Hongkong
281,2026-03-24,3.190000057220459,3.190000057220459,3.1500000953674316,3.180000066757202,33228000,China_Everbright_Bank,Hongkong
282,2026-03-25,3.2899999618530273,3.2899999618530273,3.180000066757202,3.190000057220459,19096900,China_Everbright_Bank,Hongkong
283,2026-03-26,3.259999990463257,3.299999952316284,3.240000009536743,3.299999952316284,7004000,China_Everbright_Bank,Hongkong
284,2026-03-27,3.25,3.2799999713897705,3.2200000286102295,3.2699999809265137,7101000,China_Everbright_Bank,Hongkong
285,2026-03-30,3.240000009536743,3.25,3.200000047683716,3.2100000381469727,8122745,China_Everbright_Bank,Hongkong
286,2026-03-31,3.0399999618530273,3.200000047683716,3.0299999713897705,3.200000047683716,59349485,China_Everbright_Bank,Hongkong
287,2026-04-01,3.0299999713897705,3.0899999141693115,3.009999990463257,3.0799999237060547,25369756,China_Everbright_Bank,Hongkong
288,2026-04-02,3.0199999809265137,3.049999952316284,2.990000009536743,3.0299999713897705,21446000,China_Everbright_Bank,Hongkong
289,2026-04-08,3.0899999141693115,3.0999999046325684,3.0299999713897705,3.0299999713897705,16991616,China_Everbright_Bank,Hongkong
290,2026-04-09,3.049999952316284,3.0899999141693115,3.049999952316284,3.0799999237060547,5116672,China_Everbright_Bank,Hongkong
291,2026-04-10,3.119999885559082,3.130000114440918,3.059999942779541,3.069999933242798,9528038,China_Everbright_Bank,Hongkong
292,2026-04-13,3.119999885559082,3.130000114440918,3.069999933242798,3.0899999141693115,16794025,China_Everbright_Bank,Hongkong
293,2026-04-14,3.140000104904175,3.1600000858306885,3.0899999141693115,3.119999885559082,16556000,China_Everbright_Bank,Hongkong
294,2026-04-15,3.130000114440918,3.1700000762939453,3.109999895095825,3.140000104904175,5730000,China_Everbright_Bank,Hongkong
295,2026-04-16,3.200000047683716,3.200000047683716,3.119999885559082,3.140000104904175,20219153,China_Everbright_Bank,Hongkong
296,2026-04-17,3.1500000953674316,3.190000057220459,3.130000114440918,3.190000057220459,9562851,China_Everbright_Bank,Hongkong
297,2026-04-20,3.1600000858306885,3.190000057220459,3.119999885559082,3.1700000762939453,10048000,China_Everbright_Bank,Hongkong
298,2026-04-21,3.180000066757202,3.190000057220459,3.1600000858306885,3.180000066757202,11858000,China_Everbright_Bank,Hongkong
299,2026-04-22,3.190000057220459,3.190000057220459,3.1500000953674316,3.180000066757202,5387000,China_Everbright_Bank,Hongkong
300,2026-04-23,3.180000066757202,3.190000057220459,3.1500000953674316,3.190000057220459,9246000,China_Everbright_Bank,Hongkong
301,2026-04-24,3.140000104904175,3.190000057220459,3.130000114440918,3.1600000858306885,11412000,China_Everbright_Bank,Hongkong
302,2026-04-27,3.1600000858306885,3.190000057220459,3.119999885559082,3.1700000762939453,14371000,China_Everbright_Bank,Hongkong
303,2026-04-28,3.200000047683716,3.2300000190734863,3.140000104904175,3.180000066757202,19701000,China_Everbright_Bank,Hongkong
304,2026-04-29,3.2200000286102295,3.240000009536743,3.190000057220459,3.190000057220459,16920403,China_Everbright_Bank,Hongkong
305,2026-04-30,3.0899999141693115,3.200000047683716,3.0799999237060547,3.1600000858306885,23224899,China_Everbright_Bank,Hongkong
306,2026-05-04,3.140000104904175,3.1500000953674316,3.0999999046325684,3.0999999046325684,2182000,China_Everbright_Bank,Hongkong
307,2026-05-05,3.109999895095825,3.1500000953674316,3.109999895095825,3.119999885559082,1768768,China_Everbright_Bank,Hongkong
308,2026-05-06,3.140000104904175,3.1600000858306885,3.0999999046325684,3.0999999046325684,8567763,China_Everbright_Bank,Hongkong
309,2026-05-07,3.1500000953674316,3.1700000762939453,3.130000114440918,3.130000114440918,9948000,China_Everbright_Bank,Hongkong
310,2026-05-08,3.119999885559082,3.1500000953674316,3.0999999046325684,3.140000104904175,7951000,China_Everbright_Bank,Hongkong
311,2026-05-11,3.130000114440918,3.140000104904175,3.0899999141693115,3.119999885559082,7549999,China_Everbright_Bank,Hongkong
312,2026-05-12,3.1700000762939453,3.190000057220459,3.119999885559082,3.119999885559082,14210139,China_Everbright_Bank,Hongkong
313,2026-05-13,3.200000047683716,3.200000047683716,3.140000104904175,3.180000066757202,14621940,China_Everbright_Bank,Hongkong
314,2026-05-14,3.1700000762939453,3.2300000190734863,3.1600000858306885,3.1700000762939453,12175320,China_Everbright_Bank,Hongkong
315,2026-05-15,3.1600000858306885,3.190000057220459,3.130000114440918,3.1600000858306885,12718000,China_Everbright_Bank,Hongkong
316,2026-05-18,3.130000114440918,3.180000066757202,3.109999895095825,3.140000104904175,12290000,China_Everbright_Bank,Hongkong
317,2026-05-19,3.140000104904175,3.1700000762939453,3.119999885559082,3.119999885559082,11851999,China_Everbright_Bank,Hongkong
318,2026-05-20,3.069999933242798,3.140000104904175,3.049999952316284,3.119999885559082,15932000,China_Everbright_Bank,Hongkong
0,2025-02-03,6.797192573547363,6.797192573547363,6.6355809314948875,6.749659577658432,6152613,China_Unicom,Hongkong
1,2025-02-04,6.93028450012207,6.939791280860084,6.797192742947677,6.797192742947677,16733936,China_Unicom,Hongkong
2,2025-02-05,6.797192573547363,6.9017648925180675,6.711633362270583,6.873245004323059,25847015,China_Unicom,Hongkong
3,2025-02-06,6.83521842956543,7.0253494965083005,6.768672329481314,6.8732446429540035,64923463,China_Unicom,Hongkong
4,2025-02-07,7.034856796264648,7.053869904363678,6.816205826471685,6.863738370065131,73216798,China_Unicom,Hongkong
5,2025-02-10,7.1869611740112305,7.491171336288253,7.14893496039013,7.272520381312816,130105223,China_Unicom,Hongkong
6,2025-02-11,7.272520542144775,7.405612292761952,7.20597444018207,7.263013761875146,67677714,China_Unicom,Hongkong
7,2025-02-12,7.453145503997803,7.538704262368671,7.167948433939587,7.291533861185364,90615038,China_Unicom,Hongkong
8,2025-02-13,7.415119171142578,7.795381320794412,7.415119171142578,7.462651713194938,141354494,China_Unicom,Hongkong
9,2025-02-14,7.833407402038574,7.976006385686119,7.462651585802944,7.510184580352125,169954285,China_Unicom,Hongkong
10,2025-02-17,8.432320594787598,8.860115714096974,8.061564341190712,8.080577900839158,321622980,China_Unicom,Hongkong
11,2025-02-18,8.555906295776367,8.831596573486726,8.46084030762116,8.831596573486726,184806022,China_Unicom,Hongkong
12,2025-02-19,8.803077697753906,9.126300990032464,8.403801972776455,8.460840843992369,161892787,China_Unicom,Hongkong
13,2025-02-20,8.888636589050293,9.107287098481105,8.593932743060417,8.72702494876818,171125408,China_Unicom,Hongkong
14,2025-02-21,10.286101341247559,10.324127558703285,9.126301255539644,9.126301255539644,350569261,China_Unicom,Hongkong
15,2025-02-24,9.943863868713379,10.989586049303878,9.71570659874991,10.28609977365858,350945738,China_Unicom,Hongkong
16,2025-02-25,9.601628303527832,9.943864220583269,9.440016671597546,9.525575877515513,198296030,China_Unicom,Hongkong
17,2025-02-26,9.525575637817383,10.057942606507329,9.116793178325297,9.943863970359482,211872786,China_Unicom,Hongkong
18,2025-02-27,9.040740966796875,9.658667153780776,8.717517703469998,9.563602074730563,235572794,China_Unicom,Hongkong
19,2025-02-28,9.002715110778809,9.268898611935631,8.698504488554544,8.869622906892165,109686503,China_Unicom,Hongkong
20,2025-03-03,8.993207931518555,9.287911760401105,8.945674938909573,9.012220584592292,78892125,China_Unicom,Hongkong
21,2025-03-04,8.736531257629395,8.803077817105546,8.375282650720113,8.765051600240541,101329970,China_Unicom,Hongkong
22,2025-03-05,9.126300811767578,9.202353242980934,8.822090180297662,8.822090180297662,73864099,China_Unicom,Hongkong
23,2025-03-06,9.316431045532227,9.696693167139088,9.050247560407424,9.42100290232001,154854499,China_Unicom,Hongkong
24,2025-03-07,9.430510520935059,9.563602728645302,9.164327012131062,9.221365882137958,76945285,China_Unicom,Hongkong
25,2025-03-10,8.964688301086426,9.344950420347358,8.869622317962989,9.344950420347358,76750932,China_Unicom,Hongkong
26,2025-03-11,8.936168670654297,9.031234661314727,8.574920082024208,8.717518161398376,65776624,China_Unicom,Hongkong
27,2025-03-12,8.612945556640625,9.031233885036356,8.527386353723761,8.936167902547307,91877912,China_Unicom,Hongkong
28,2025-03-13,8.660478591918945,8.71751836899684,8.508373728533222,8.650972717919712,39999507,China_Unicom,Hongkong
29,2025-03-14,8.774557113647461,8.879129885688142,8.650972593880908,8.669985248223266,36359015,China_Unicom,Hongkong
30,2025-03-17,8.67949104309082,8.793569676040077,8.527386199158478,8.774556117240342,53628806,China_Unicom,Hongkong
31,2025-03-18,9.116793632507324,9.154819846451003,8.774556800397765,8.822089794481476,73843472,China_Unicom,Hongkong
32,2025-03-19,8.708011627197266,9.069261132656884,8.679492191839442,9.069261132656884,114542024,China_Unicom,Hongkong
33,2025-03-20,8.460841178894043,8.727025610492944,8.441828523275005,8.708012048257359,71308179,China_Unicom,Hongkong
34,2025-03-21,8.49886703491211,8.698504896803493,8.39429516691815,8.432321383153818,42265963,China_Unicom,Hongkong
35,2025-03-24,8.289722442626953,8.574919488242932,8.147123466510756,8.50837293674214,87023676,China_Unicom,Hongkong
36,2025-03-25,8.014032363891602,8.223176083159839,7.890446944351406,8.175643996627517,73576485,China_Unicom,Hongkong
37,2025-03-26,8.07107162475586,8.16613761569861,8.004525975065823,8.052058970537198,36090374,China_Unicom,Hongkong
38,2025-03-27,8.270709037780762,8.3847876768365,7.937979900522297,8.042551759669283,45562200,China_Unicom,Hongkong
39,2025-03-28,8.204163551330566,8.384787840030215,8.156630557478096,8.365775186459098,26350972,China_Unicom,Hongkong
40,2025-03-31,8.261201858520508,8.356267839779626,8.08057758206785,8.204162995058148,39228568,China_Unicom,Hongkong
41,2025-04-01,8.32774829864502,8.498865793400482,8.232682318634803,8.280215308639912,36090310,China_Unicom,Hongkong
42,2025-04-02,8.5178804397583,8.669985301904907,8.327749362075044,8.346762016535125,43383100,China_Unicom,Hongkong
43,2025-04-03,8.641465187072754,8.736530265127259,8.270708934795847,8.365774919466773,49869933,China_Unicom,Hongkong
44,2025-04-07,7.567224025726318,8.242190020849995,7.462651707990868,7.985512390051642,102641508,China_Unicom,Hongkong
45,2025-04-08,7.8809404373168945,8.014032641419139,7.557717160651778,7.557717160651778,90627535,China_Unicom,Hongkong
46,2025-04-09,8.080577850341797,8.232682700113134,7.576729855511932,7.6908089461486435,68594111,China_Unicom,Hongkong
47,2025-04-10,8.24219036102295,8.39429522705531,8.109098149936377,8.109098149936377,50960052,China_Unicom,Hongkong
48,2025-04-11,8.24219036102295,8.346762229766068,8.19465736373371,8.270709796749887,28684798,China_Unicom,Hongkong
49,2025-04-14,8.261201858520508,8.441827041589555,8.194656215608958,8.337255187497636,42262160,China_Unicom,Hongkong
50,2025-04-15,8.308735847473145,8.365775624405417,8.194657200225095,8.270709631723795,24754021,China_Unicom,Hongkong
51,2025-04-16,8.261201858520508,8.318241628599257,8.166136783877779,8.308734849150067,61408648,China_Unicom,Hongkong
52,2025-04-17,8.251697540283203,8.375282976556633,8.147124759873691,8.251697540283203,41827170,China_Unicom,Hongkong
53,2025-04-22,8.185150146484375,8.365775345228458,8.014032634630967,8.213670487306999,80544605,China_Unicom,Hongkong
54,2025-04-23,8.118603706359863,8.327748318921746,8.05205806416051,8.270708549453458,78909634,China_Unicom,Hongkong
55,2025-04-24,8.270709037780762,8.30873525079934,8.061564412870357,8.061564412870357,36334947,China_Unicom,Hongkong
56,2025-04-25,8.261201858520508,8.327748408048446,8.204162995058148,8.261201858520508,29269842,China_Unicom,Hongkong
57,2025-04-28,8.356268882751465,8.384788318042244,8.194657238409546,8.261202889626865,31242383,China_Unicom,Hongkong
58,2025-04-29,8.42281436920166,8.498866799567,8.356268719286108,8.38478815401899,37281536,China_Unicom,Hongkong
59,2025-04-30,8.441827774047852,8.517880203007309,8.403801559568123,8.441827774047852,42893191,China_Unicom,Hongkong
60,2025-05-02,8.432320594787598,8.498866240324311,8.39429438210713,8.422813814963375,8201810,China_Unicom,Hongkong
61,2025-05-06,8.441827774047852,8.460840427979482,8.29922878978652,8.432320993773804,41346125,China_Unicom,Hongkong
62,2025-05-07,8.508373260498047,8.60343924819291,8.460840266650616,8.470347046743392,29022156,China_Unicom,Hongkong
63,2025-05-08,8.403800964355469,8.574919370702744,8.337255320383264,8.53689225229988,33740602,China_Unicom,Hongkong
64,2025-05-09,8.337255477905273,8.422813776079025,8.270708926059351,8.384787563574108,30287465,China_Unicom,Hongkong
65,2025-05-12,8.489360809326172,8.612946233629348,8.337255950681177,8.337255950681177,52308802,China_Unicom,Hongkong
66,2025-05-13,8.128110885620117,8.489360359049503,8.061564333530214,8.460840019603934,67972209,China_Unicom,Hongkong
67,2025-05-14,8.118603706359863,8.156629917133262,7.947485304571379,8.137617265054752,73487312,China_Unicom,Hongkong
68,2025-05-15,8.308735847473145,8.318242628064606,8.071071772385585,8.118604768726396,46554815,China_Unicom,Hongkong
69,2025-05-16,8.451334953308105,8.517880605135122,8.223176749041956,8.3087359623147,46008383,China_Unicom,Hongkong
70,2025-05-19,8.803077697753906,8.869623349711311,8.422814627642921,8.441828189125902,94633722,China_Unicom,Hongkong
71,2025-05-20,8.94567584991455,9.050248625627024,8.82209041919214,8.869623416641762,66220463,China_Unicom,Hongkong
72,2025-05-21,8.955182075500488,9.18333936117295,8.803077218385514,8.936168515052886,65280276,China_Unicom,Hongkong
73,2025-05-22,8.964688301086426,9.012220386031737,8.860115538327365,8.9551815214508,64535000,China_Unicom,Hongkong
74,2025-05-23,9.126300811767578,9.221365897476025,9.04074159999843,9.116794031211786,79834015,China_Unicom,Hongkong
75,2025-05-26,9.078767776489258,9.221365857745791,8.936168788616234,9.088274557004091,81355163,China_Unicom,Hongkong
76,2025-05-27,9.287912368774414,9.344951238348191,9.069260951097643,9.116793946820113,83499935,China_Unicom,Hongkong
77,2025-05-28,9.192846298217773,9.39248415324092,9.135806522518385,9.26889872807264,44527510,China_Unicom,Hongkong
78,2025-05-29,9.059754371643066,9.240379578072778,8.860116510472414,9.145313584518561,88064724,China_Unicom,Hongkong
79,2025-05-30,8.983701705932617,9.097780351262523,8.841103625924355,8.983701705932617,59218065,China_Unicom,Hongkong
80,2025-06-02,8.907649040222168,8.945675254326842,8.688998535774406,8.945675254326842,11438100,China_Unicom,Hongkong
81,2025-06-03,8.974194526672363,9.040741080119728,8.850610013019635,8.907648879841442,51907123,China_Unicom,Hongkong
82,2025-06-04,8.780860900878906,9.05193556067055,8.732455568954885,8.974485921665087,53745310,China_Unicom,Hongkong
83,2025-06-05,8.926079750061035,9.003529389791812,8.78086098311143,8.819585802976817,33077536,China_Unicom,Hongkong
84,2025-06-06,8.993847846984863,9.206834815346323,8.974485898918834,8.974485898918834,42268384,China_Unicom,Hongkong
85,2025-06-09,9.255241394042969,9.323009599552469,8.984166725459863,9.071297802984963,39477810,China_Unicom,Hongkong
86,2025-06-10,9.20683479309082,9.342371199042963,9.158428538133974,9.255241048047665,22611886,China_Unicom,Hongkong
87,2025-06-11,9.197153091430664,9.303646110637553,9.168109708605602,9.255240780353281,22055129,China_Unicom,Hongkong
88,2025-06-12,9.061615943908691,9.245559526378743,9.032572560513819,9.168109888477408,27907388,China_Unicom,Hongkong
89,2025-06-13,9.168109893798828,9.31332773412999,9.051935436879397,9.100340768141443,56319929,China_Unicom,Hongkong
90,2025-06-16,9.400459289550781,9.468227495409783,9.168110363800587,9.168110363800587,38251131,China_Unicom,Hongkong
91,2025-06-17,9.352052688598633,9.603764477207203,9.293965920933593,9.419820891965353,60009250,China_Unicom,Hongkong
92,2025-06-18,9.148747444152832,9.35205298394612,9.07129780263849,9.32300959919638,39646500,China_Unicom,Hongkong
93,2025-06-19,8.906716346740723,9.13906525206129,8.838948146840343,9.119703304920815,41618142,China_Unicom,Hongkong
94,2025-06-20,8.906716346740723,9.04225366981396,8.858310093980819,8.955122599500626,31518000,China_Unicom,Hongkong
95,2025-06-23,8.906716346740723,8.993847417054054,8.829266711633867,8.906716346740723,23615289,China_Unicom,Hongkong
96,2025-06-24,9.051935195922852,9.11970339650378,8.94544125412712,8.94544125412712,30835292,China_Unicom,Hongkong
97,2025-06-25,9.01321029663086,9.14874669656942,8.95512260860542,9.1003404437603,30557639,China_Unicom,Hongkong
98,2025-06-26,8.935760498046875,9.022891575858196,8.897035677161016,9.01321106309115,31378494,China_Unicom,Hongkong
99,2025-06-27,8.955122947692871,9.090660276036058,8.877673309574625,8.96480438327578,26897624,China_Unicom,Hongkong
100,2025-06-30,9.00352954864502,9.090660625697568,8.887355086999138,9.00352954864502,21385390,China_Unicom,Hongkong
101,2025-07-02,9.071297645568848,9.119703901495296,9.003529441235344,9.042254261321995,17123512,China_Unicom,Hongkong
102,2025-07-03,9.051935195922852,9.139065343838695,8.955122689430821,9.10034052589638,13311947,China_Unicom,Hongkong
103,2025-07-04,9.080979347229004,9.216516683136028,8.984166832542192,9.051935962131987,24392161,China_Unicom,Hongkong
104,2025-07-07,8.945441246032715,9.080978570344417,8.8970349928305,9.080978570344417,27579138,China_Unicom,Hongkong
105,2025-07-08,8.877673149108887,8.974485656643045,8.809904947798474,8.9454413504193,38325570,China_Unicom,Hongkong
106,2025-07-09,8.829267501831055,8.94544196488866,8.809905552957735,8.819586065758115,37734885,China_Unicom,Hongkong
107,2025-07-10,8.809905052185059,8.897035202071189,8.742135926799168,8.829266999957806,48096404,China_Unicom,Hongkong
108,2025-07-11,8.829267501831055,8.993848221980803,8.761499295865592,8.809905552957735,41091700,China_Unicom,Hongkong
109,2025-07-14,8.867992401123047,8.945442043845055,8.800224194559432,8.809905630717825,35137029,China_Unicom,Hongkong
110,2025-07-15,9.032572746276855,9.042254182031758,8.819585776031662,8.877673467288544,51806199,China_Unicom,Hongkong
111,2025-07-16,9.090660095214844,9.168109731792548,9.003529023246802,9.032572406145317,32962385,China_Unicom,Hongkong
112,2025-07-17,8.945441246032715,9.080978570344417,8.90671642812544,9.051935187732083,60979467,China_Unicom,Hongkong
113,2025-07-18,9.080979347229004,9.110022732326021,8.926080062348158,8.96480488356837,52720870,China_Unicom,Hongkong
114,2025-07-21,9.00352954864502,9.216516523298743,8.98416667673443,9.129385446246195,32309336,China_Unicom,Hongkong
115,2025-07-22,9.090660095214844,9.119703478113358,8.993847587856465,8.993847587856465,33984606,China_Unicom,Hongkong
116,2025-07-23,9.139065742492676,9.197153433576227,9.10034092286115,9.10034092286115,36942079,China_Unicom,Hongkong
117,2025-07-24,9.177790641784668,9.235878333372403,9.110022437659422,9.139065821817022,27565803,China_Unicom,Hongkong
118,2025-07-25,9.148747444152832,9.235878521674607,9.119704059403093,9.177790828902571,32131652,China_Unicom,Hongkong
119,2025-07-28,9.274602890014648,9.352052527750981,9.080978795673817,9.187471816743146,52912063,China_Unicom,Hongkong
120,2025-07-29,9.303646087646484,9.332690393672266,9.187471633360833,9.274602704893194,22813161,China_Unicom,Hongkong
121,2025-07-30,9.390777587890625,9.506952047479922,9.216516360142945,9.303646512380519,49011145,China_Unicom,Hongkong
122,2025-07-31,9.448864936828613,9.487589755288054,9.31332761058432,9.381095812070216,53194908,China_Unicom,Hongkong
123,2025-08-01,9.323009490966797,9.758663950245657,9.293966106554217,9.429502515994615,58233820,China_Unicom,Hongkong
124,2025-08-04,9.332691192626953,9.332691192626953,9.090660827993945,9.255241549806197,33183004,China_Unicom,Hongkong
125,2025-08-05,9.332691192626953,9.390777963106236,9.20683529222508,9.332691192626953,30710666,China_Unicom,Hongkong
126,2025-08-06,9.381095886230469,9.526314649055744,9.264921429933754,9.332690555227884,33736467,China_Unicom,Hongkong
127,2025-08-07,9.371415138244629,9.48758959161884,9.255240684870417,9.429501903295494,27418203,China_Unicom,Hongkong
128,2025-08-08,9.594082832336426,9.710257288406208,9.313327666016326,9.313327666016326,49033387,China_Unicom,Hongkong
129,2025-08-11,9.787707328796387,9.845795020859299,9.487590202410209,9.50695215091615,58871273,China_Unicom,Hongkong
130,2025-08-12,9.865157127380371,9.894201435513317,9.71025784376156,9.807070357659596,35339194,China_Unicom,Hongkong
131,2025-08-13,9.932926177978516,10.184637973507613,9.584401869315904,9.96196956260955,103180981,China_Unicom,Hongkong
132,2025-08-14,9.942606925964355,10.068461891747777,9.807069601610497,10.029737073828459,38287388,China_Unicom,Hongkong
133,2025-08-15,9.865157127380371,10.020057334271739,9.807070357659596,9.855476614608614,37139610,China_Unicom,Hongkong
134,2025-08-18,9.894201278686523,10.145912148941099,9.86515697101394,9.86515697101394,52831151,China_Unicom,Hongkong
135,2025-08-19,9.797388076782227,10.00069359981893,9.758663259216782,9.92324396468804,34660704,China_Unicom,Hongkong
136,2025-08-20,9.700576782226562,9.778026419654628,9.594082838308593,9.778026419654628,37842159,China_Unicom,Hongkong
137,2025-08-21,10.02973747253418,10.145911930910346,9.690895533088495,9.77802660768875,48984925,China_Unicom,Hongkong
138,2025-08-22,10.068462371826172,10.213681138402217,9.913563092763082,10.0297375520604,35046990,China_Unicom,Hongkong
139,2025-08-25,10.078144073486328,10.33953730625626,9.971651047138886,10.252406228666281,59099115,China_Unicom,Hongkong
140,2025-08-26,9.729619979858398,10.097506212260797,9.690895161883013,10.097506212260797,40781872,China_Unicom,Hongkong
141,2025-08-27,9.487589836120605,9.8167512574665,9.410140198541866,9.768345003161661,43740590,China_Unicom,Hongkong
142,2025-08-28,9.56503963470459,9.661851221671357,9.468227124465297,9.487589995822166,31581317,China_Unicom,Hongkong
143,2025-08-29,9.58440113067627,9.768344706799484,9.526314365890766,9.66185076590526,25487908,China_Unicom,Hongkong
144,2025-09-01,9.487589836120605,9.681213930067452,9.487589836120605,9.671532494551982,38723960,China_Unicom,Hongkong
145,2025-09-02,9.369999885559082,9.5600004196167,9.300000190734863,9.5600004196167,67657900,China_Unicom,Hongkong
146,2025-09-03,9.300000190734863,9.420000076293945,9.25,9.350000381469727,26655217,China_Unicom,Hongkong
147,2025-09-04,9.359999656677246,9.529999732971191,9.25,9.300000190734863,52081013,China_Unicom,Hongkong
148,2025-09-05,9.4399995803833,9.489999771118164,9.329999923706055,9.380000114440918,59743345,China_Unicom,Hongkong
149,2025-09-08,9.569999694824219,9.850000381469727,9.300000190734863,9.470000267028809,107463369,China_Unicom,Hongkong
150,2025-09-09,9.619999885559082,9.6899995803833,9.489999771118164,9.649999618530273,50590424,China_Unicom,Hongkong
151,2025-09-10,9.84000015258789,10.170000076293945,9.710000038146973,9.760000228881836,132163074,China_Unicom,Hongkong
152,2025-09-11,9.869999885559082,9.9399995803833,9.739999771118164,9.84000015258789,33946237,China_Unicom,Hongkong
153,2025-09-12,9.84000015258789,9.970000267028809,9.8100004196167,9.9399995803833,24295010,China_Unicom,Hongkong
154,2025-09-15,9.710000038146973,9.899999618530273,9.630000114440918,9.8100004196167,33881637,China_Unicom,Hongkong
155,2025-09-16,9.739999771118164,9.779999732971191,9.579999923706055,9.630000114440918,21048076,China_Unicom,Hongkong
156,2025-09-17,9.850000381469727,9.890000343322754,9.65999984741211,9.779999732971191,31835453,China_Unicom,Hongkong
157,2025-09-18,9.720000267028809,9.970000267028809,9.649999618530273,9.869999885559082,30518967,China_Unicom,Hongkong
158,2025-09-19,9.600000381469727,9.760000228881836,9.510000228881836,9.760000228881836,27371226,China_Unicom,Hongkong
159,2025-09-22,9.390000343322754,9.600000381469727,9.329999923706055,9.600000381469727,19976435,China_Unicom,Hongkong
160,2025-09-23,9.15999984741211,9.430000305175781,9.050000190734863,9.430000305175781,40041354,China_Unicom,Hongkong
161,2025-09-24,9.109999656677246,9.199999809265137,9.0600004196167,9.15999984741211,28086062,China_Unicom,Hongkong
162,2025-09-25,8.949999809265137,9.119999885559082,8.800000190734863,9.109999656677246,84207850,China_Unicom,Hongkong
163,2025-09-26,8.819999694824219,8.960000038146973,8.739999771118164,8.949999809265137,42541204,China_Unicom,Hongkong
164,2025-09-29,8.829999923706055,8.899999618530273,8.779999732971191,8.850000381469727,36015266,China_Unicom,Hongkong
165,2025-09-30,8.859999656677246,8.899999618530273,8.640000343322754,8.829999923706055,45590313,China_Unicom,Hongkong
166,2025-10-02,8.949999809265137,9.069999694824219,8.949999809265137,8.949999809265137,15594680,China_Unicom,Hongkong
167,2025-10-03,8.890000343322754,8.989999771118164,8.800000190734863,8.989999771118164,7871397,China_Unicom,Hongkong
168,2025-10-06,8.829999923706055,8.9399995803833,8.770000457763672,8.9399995803833,5178031,China_Unicom,Hongkong
169,2025-10-08,8.760000228881836,8.850000381469727,8.630000114440918,8.829999923706055,10548867,China_Unicom,Hongkong
170,2025-10-09,8.829999923706055,8.9399995803833,8.649999618530273,8.800000190734863,32557386,China_Unicom,Hongkong
171,2025-10-10,8.949999809265137,8.989999771118164,8.760000228881836,8.869999885559082,27743860,China_Unicom,Hongkong
172,2025-10-13,8.829999923706055,8.880000114440918,8.670000076293945,8.699999809265137,29054234,China_Unicom,Hongkong
173,2025-10-14,8.890000343322754,8.960000038146973,8.800000190734863,8.859999656677246,40230957,China_Unicom,Hongkong
174,2025-10-15,8.970000267028809,9.050000190734863,8.859999656677246,9.0,33206541,China_Unicom,Hongkong
175,2025-10-16,9.149999618530273,9.170000076293945,8.9399995803833,8.960000038146973,27269618,China_Unicom,Hongkong
176,2025-10-17,9.039999961853027,9.180000305175781,9.010000228881836,9.119999885559082,26477681,China_Unicom,Hongkong
177,2025-10-20,9.119999885559082,9.149999618530273,9.039999961853027,9.130000114440918,19735906,China_Unicom,Hongkong
178,2025-10-21,9.260000228881836,9.279999732971191,9.079999923706055,9.119999885559082,44978204,China_Unicom,Hongkong
179,2025-10-22,9.229999542236328,9.279999732971191,9.119999885559082,9.220000267028809,24446707,China_Unicom,Hongkong
180,2025-10-23,9.390000343322754,9.399999618530273,9.130000114440918,9.239999771118164,39733575,China_Unicom,Hongkong
181,2025-10-24,9.390000343322754,9.460000038146973,9.319999694824219,9.359999656677246,20431629,China_Unicom,Hongkong
182,2025-10-27,9.279999732971191,9.449999809265137,9.1899995803833,9.390000343322754,34234307,China_Unicom,Hongkong
183,2025-10-28,9.15999984741211,9.319999694824219,9.140000343322754,9.319999694824219,25693977,China_Unicom,Hongkong
184,2025-10-30,9.279999732971191,9.380000114440918,9.069999694824219,9.1899995803833,34896121,China_Unicom,Hongkong
185,2025-10-31,9.350000381469727,9.399999618530273,9.15999984741211,9.289999961853027,32208568,China_Unicom,Hongkong
186,2025-11-03,9.399999618530273,9.470000267028809,9.289999961853027,9.380000114440918,29622218,China_Unicom,Hongkong
187,2025-11-04,9.510000228881836,9.630000114440918,9.319999694824219,9.319999694824219,42750781,China_Unicom,Hongkong
188,2025-11-05,9.619999885559082,9.649999618530273,9.399999618530273,9.5600004196167,29842117,China_Unicom,Hongkong
189,2025-11-06,9.720000267028809,9.869999885559082,9.619999885559082,9.680000305175781,39201068,China_Unicom,Hongkong
190,2025-11-07,9.829999923706055,9.890000343322754,9.699999809265137,9.720000267028809,45324112,China_Unicom,Hongkong
191,2025-11-10,9.84000015258789,9.920000076293945,9.739999771118164,9.850000381469727,26907106,China_Unicom,Hongkong
192,2025-11-11,9.850000381469727,9.880000114440918,9.760000228881836,9.779999732971191,20450838,China_Unicom,Hongkong
193,2025-11-12,9.8100004196167,9.899999618530273,9.649999618530273,9.899999618530273,32552284,China_Unicom,Hongkong
194,2025-11-13,9.680000305175781,9.84000015258789,9.579999923706055,9.75,24719163,China_Unicom,Hongkong
195,2025-11-14,9.569999694824219,9.640000343322754,9.510000228881836,9.619999885559082,15818010,China_Unicom,Hongkong
196,2025-11-17,9.510000228881836,9.550000190734863,9.40999984741211,9.539999961853027,18813900,China_Unicom,Hongkong
197,2025-11-18,9.399999618530273,9.5,9.359999656677246,9.5,16342010,China_Unicom,Hongkong
198,2025-11-19,9.390000343322754,9.420000076293945,9.329999923706055,9.399999618530273,24691401,China_Unicom,Hongkong
199,2025-11-20,9.380000114440918,9.40999984741211,9.3100004196167,9.399999618530273,25637621,China_Unicom,Hongkong
200,2025-11-21,9.210000038146973,9.390000343322754,9.170000076293945,9.380000114440918,25023892,China_Unicom,Hongkong
201,2025-11-24,9.270000457763672,9.279999732971191,9.140000343322754,9.220000267028809,38857334,China_Unicom,Hongkong
202,2025-11-25,9.170000076293945,9.300000190734863,9.130000114440918,9.279999732971191,38714864,China_Unicom,Hongkong
203,2025-11-26,9.15999984741211,9.220000267028809,9.149999618530273,9.170000076293945,29346010,China_Unicom,Hongkong
204,2025-11-27,9.069999694824219,9.1899995803833,9.050000190734863,9.149999618530273,42738011,China_Unicom,Hongkong
205,2025-11-28,9.0,9.100000381469727,8.960000038146973,9.100000381469727,26408112,China_Unicom,Hongkong
206,2025-12-01,9.020000457763672,9.130000114440918,8.979999542236328,9.0,21667556,China_Unicom,Hongkong
207,2025-12-02,9.119999885559082,9.210000038146973,9.029999732971191,9.079999923706055,34889727,China_Unicom,Hongkong
208,2025-12-03,9.010000228881836,9.149999618530273,8.960000038146973,9.119999885559082,26724369,China_Unicom,Hongkong
209,2025-12-04,8.949999809265137,9.050000190734863,8.920000076293945,9.039999961853027,25787479,China_Unicom,Hongkong
210,2025-12-05,8.890000343322754,8.960000038146973,8.829999923706055,8.960000038146973,41514271,China_Unicom,Hongkong
211,2025-12-08,8.75,8.920000076293945,8.729999542236328,8.899999618530273,39904919,China_Unicom,Hongkong
212,2025-12-09,8.75,8.779999732971191,8.65999984741211,8.779999732971191,24298335,China_Unicom,Hongkong
213,2025-12-10,8.640000343322754,8.75,8.569999694824219,8.720000267028809,37378546,China_Unicom,Hongkong
214,2025-12-11,8.550000190734863,8.699999809265137,8.5,8.6899995803833,26627682,China_Unicom,Hongkong
215,2025-12-12,8.600000381469727,8.640000343322754,8.550000190734863,8.579999923706055,30459520,China_Unicom,Hongkong
216,2025-12-15,8.510000228881836,8.649999618530273,8.40999984741211,8.600000381469727,63002748,China_Unicom,Hongkong
217,2025-12-16,8.460000038146973,8.550000190734863,8.430000305175781,8.510000228881836,20608448,China_Unicom,Hongkong
218,2025-12-17,8.420000076293945,8.489999771118164,8.359999656677246,8.489999771118164,45805795,China_Unicom,Hongkong
219,2025-12-18,8.380000114440918,8.399999618530273,8.319999694824219,8.390000343322754,44514042,China_Unicom,Hongkong
220,2025-12-19,8.40999984741211,8.5,8.359999656677246,8.390000343322754,51959927,China_Unicom,Hongkong
221,2025-12-22,8.369999885559082,8.520000457763672,8.319999694824219,8.460000038146973,44539011,China_Unicom,Hongkong
222,2025-12-23,8.199999809265137,8.460000038146973,8.15999984741211,8.390000343322754,74029000,China_Unicom,Hongkong
223,2025-12-24,8.15999984741211,8.15999984741211,8.15999984741211,8.15999984741211,0,China_Unicom,Hongkong
224,2025-12-29,7.989999771118164,8.229999542236328,7.960000038146973,8.199999809265137,75224928,China_Unicom,Hongkong
225,2025-12-30,7.889999866485596,8.050000190734863,7.840000152587891,7.989999771118164,88298093,China_Unicom,Hongkong
226,2025-12-31,7.760000228881836,7.760000228881836,7.760000228881836,7.760000228881836,0,China_Unicom,Hongkong
227,2026-01-02,8.0600004196167,8.09000015258789,7.789999961853027,7.800000190734863,25730883,China_Unicom,Hongkong
228,2026-01-05,7.929999828338623,8.079999923706055,7.920000076293945,8.050000190734863,58014287,China_Unicom,Hongkong
229,2026-01-06,8.050000190734863,8.050000190734863,7.889999866485596,7.960000038146973,59243278,China_Unicom,Hongkong
230,2026-01-07,8.0600004196167,8.09000015258789,7.949999809265137,8.0600004196167,48634840,China_Unicom,Hongkong
231,2026-01-08,7.96999979019165,8.079999923706055,7.940000057220459,8.079999923706055,56407048,China_Unicom,Hongkong
232,2026-01-09,8.050000190734863,8.180000305175781,7.980000019073486,7.980000019073486,66067812,China_Unicom,Hongkong
233,2026-01-12,8.039999961853027,8.140000343322754,8.020000457763672,8.119999885559082,51327446,China_Unicom,Hongkong
234,2026-01-13,7.949999809265137,8.119999885559082,7.929999828338623,8.050000190734863,75305363,China_Unicom,Hongkong
235,2026-01-14,7.949999809265137,8.020000457763672,7.880000114440918,7.949999809265137,64584733,China_Unicom,Hongkong
236,2026-01-15,7.820000171661377,8.010000228881836,7.820000171661377,7.949999809265137,49326055,China_Unicom,Hongkong
237,2026-01-16,7.710000038146973,7.880000114440918,7.710000038146973,7.860000133514404,45166917,China_Unicom,Hongkong
238,2026-01-19,7.699999809265137,7.699999809265137,7.610000133514404,7.699999809265137,58770712,China_Unicom,Hongkong
239,2026-01-20,7.670000076293945,7.800000190734863,7.659999847412109,7.690000057220459,45524129,China_Unicom,Hongkong
240,2026-01-21,7.590000152587891,7.71999979019165,7.519999980926514,7.679999828338623,63225973,China_Unicom,Hongkong
241,2026-01-22,7.619999885559082,7.690000057220459,7.590000152587891,7.590000152587891,32832258,China_Unicom,Hongkong
242,2026-01-23,7.769999980926514,7.820000171661377,7.679999828338623,7.690000057220459,44841812,China_Unicom,Hongkong
243,2026-01-26,7.75,7.800000190734863,7.650000095367432,7.760000228881836,29347929,China_Unicom,Hongkong
244,2026-01-27,7.71999979019165,7.829999923706055,7.690000057220459,7.760000228881836,45214301,China_Unicom,Hongkong
245,2026-01-28,8.100000381469727,8.1899995803833,7.710000038146973,7.71999979019165,113240160,China_Unicom,Hongkong
246,2026-01-29,8.109999656677246,8.279999732971191,8.020000457763672,8.149999618530273,69874120,China_Unicom,Hongkong
247,2026-01-30,7.949999809265137,8.149999618530273,7.909999847412109,8.029999732971191,49801928,China_Unicom,Hongkong
248,2026-02-02,7.449999809265137,7.480000019073486,7.070000171661377,7.389999866485596,231244033,China_Unicom,Hongkong
249,2026-02-03,7.269999980926514,7.480000019073486,7.230000019073486,7.480000019073486,80281168,China_Unicom,Hongkong
250,2026-02-04,7.28000020980835,7.349999904632568,7.21999979019165,7.28000020980835,70526993,China_Unicom,Hongkong
251,2026-02-05,7.349999904632568,7.369999885559082,7.199999809265137,7.320000171661377,50223564,China_Unicom,Hongkong
252,2026-02-06,7.300000190734863,7.340000152587891,7.239999771118164,7.340000152587891,36414110,China_Unicom,Hongkong
253,2026-02-09,7.190000057220459,7.380000114440918,7.170000076293945,7.380000114440918,63083673,China_Unicom,Hongkong
254,2026-02-10,7.179999828338623,7.28000020980835,7.159999847412109,7.199999809265137,31051094,China_Unicom,Hongkong
255,2026-02-11,7.210000038146973,7.260000228881836,7.190000057220459,7.190000057220459,22653236,China_Unicom,Hongkong
256,2026-02-12,7.230000019073486,7.269999980926514,7.210000038146973,7.210000038146973,28774547,China_Unicom,Hongkong
257,2026-02-13,7.25,7.320000171661377,7.21999979019165,7.230000019073486,40222755,China_Unicom,Hongkong
258,2026-02-16,7.349999904632568,7.349999904632568,7.349999904632568,7.349999904632568,0,China_Unicom,Hongkong
259,2026-02-20,7.429999828338623,7.489999771118164,7.349999904632568,7.349999904632568,26047978,China_Unicom,Hongkong
260,2026-02-23,7.539999961853027,7.579999923706055,7.449999809265137,7.449999809265137,27966553,China_Unicom,Hongkong
261,2026-02-24,7.519999980926514,7.570000171661377,7.440000057220459,7.480000019073486,26928025,China_Unicom,Hongkong
262,2026-02-25,7.519999980926514,7.599999904632568,7.440000057220459,7.570000171661377,36771000,China_Unicom,Hongkong
263,2026-02-26,7.480000019073486,7.550000190734863,7.46999979019165,7.53000020980835,17274399,China_Unicom,Hongkong
264,2026-02-27,7.550000190734863,7.559999942779541,7.420000076293945,7.480000019073486,41389334,China_Unicom,Hongkong
265,2026-03-02,7.510000228881836,7.590000152587891,7.429999828338623,7.480000019073486,43041233,China_Unicom,Hongkong
266,2026-03-03,7.53000020980835,7.630000114440918,7.5,7.539999961853027,33525303,China_Unicom,Hongkong
267,2026-03-04,7.550000190734863,7.579999923706055,7.409999847412109,7.53000020980835,43782273,China_Unicom,Hongkong
268,2026-03-05,7.659999847412109,7.739999771118164,7.550000190734863,7.579999923706055,42436317,China_Unicom,Hongkong
269,2026-03-06,7.840000152587891,7.889999866485596,7.690000057220459,7.690000057220459,53610043,China_Unicom,Hongkong
270,2026-03-09,7.670000076293945,7.730000019073486,7.579999923706055,7.699999809265137,32652504,China_Unicom,Hongkong
271,2026-03-10,7.710000038146973,7.800000190734863,7.670000076293945,7.670000076293945,19563537,China_Unicom,Hongkong
272,2026-03-11,7.739999771118164,7.800000190734863,7.699999809265137,7.699999809265137,15512096,China_Unicom,Hongkong
273,2026-03-12,7.78000020980835,7.820000171661377,7.71999979019165,7.730000019073486,14099440,China_Unicom,Hongkong
274,2026-03-13,7.789999961853027,7.869999885559082,7.739999771118164,7.739999771118164,20131910,China_Unicom,Hongkong
275,2026-03-16,7.739999771118164,7.860000133514404,7.670000076293945,7.789999961853027,22110000,China_Unicom,Hongkong
276,2026-03-17,7.659999847412109,7.800000190734863,7.650000095367432,7.739999771118164,12380000,China_Unicom,Hongkong
277,2026-03-18,7.570000171661377,7.679999828338623,7.53000020980835,7.659999847412109,29557853,China_Unicom,Hongkong
278,2026-03-19,7.539999961853027,7.570000171661377,7.480000019073486,7.550000190734863,27347384,China_Unicom,Hongkong
279,2026-03-20,7.289999961853027,7.510000228881836,7.179999828338623,7.5,83502075,China_Unicom,Hongkong
280,2026-03-23,7.170000076293945,7.239999771118164,7.079999923706055,7.150000095367432,47510908,China_Unicom,Hongkong
281,2026-03-24,7.079999923706055,7.239999771118164,7.059999942779541,7.21999979019165,41475735,China_Unicom,Hongkong
282,2026-03-25,7.130000114440918,7.130000114440918,6.949999809265137,7.079999923706055,59625762,China_Unicom,Hongkong
283,2026-03-26,7.070000171661377,7.130000114440918,7.039999961853027,7.110000133514404,25523596,China_Unicom,Hongkong
284,2026-03-27,7.03000020980835,7.079999923706055,6.960000038146973,7.059999942779541,37539537,China_Unicom,Hongkong
285,2026-03-30,7.050000190734863,7.070000171661377,6.949999809265137,6.980000019073486,31138438,China_Unicom,Hongkong
286,2026-03-31,7.070000171661377,7.119999885559082,7.019999980926514,7.050000190734863,15882644,China_Unicom,Hongkong
287,2026-04-01,7.119999885559082,7.170000076293945,7.090000152587891,7.119999885559082,20366363,China_Unicom,Hongkong
288,2026-04-02,7.079999923706055,7.130000114440918,7.03000020980835,7.099999904632568,17768799,China_Unicom,Hongkong
289,2026-04-08,7.210000038146973,7.210000038146973,7.150000095367432,7.179999828338623,18448086,China_Unicom,Hongkong
290,2026-04-09,7.210000038146973,7.269999980926514,7.159999847412109,7.190000057220459,17724034,China_Unicom,Hongkong
291,2026-04-10,7.239999771118164,7.28000020980835,7.210000038146973,7.239999771118164,9491905,China_Unicom,Hongkong
292,2026-04-13,7.28000020980835,7.300000190734863,7.170000076293945,7.269999980926514,13358167,China_Unicom,Hongkong
293,2026-04-14,7.320000171661377,7.340000152587891,7.239999771118164,7.300000190734863,18088000,China_Unicom,Hongkong
294,2026-04-15,7.300000190734863,7.329999923706055,7.260000228881836,7.320000171661377,13838173,China_Unicom,Hongkong
295,2026-04-16,7.340000152587891,7.360000133514404,7.260000228881836,7.260000228881836,17245676,China_Unicom,Hongkong
296,2026-04-17,7.320000171661377,7.349999904632568,7.300000190734863,7.300000190734863,16080561,China_Unicom,Hongkong
297,2026-04-20,7.360000133514404,7.389999866485596,7.329999923706055,7.340000152587891,17412622,China_Unicom,Hongkong
298,2026-04-21,7.400000095367432,7.400000095367432,7.269999980926514,7.369999885559082,34786314,China_Unicom,Hongkong
299,2026-04-22,7.289999961853027,7.320000171661377,7.21999979019165,7.269999980926514,24314593,China_Unicom,Hongkong
300,2026-04-23,7.340000152587891,7.349999904632568,7.230000019073486,7.260000228881836,15264511,China_Unicom,Hongkong
301,2026-04-24,7.260000228881836,7.340000152587891,7.25,7.340000152587891,12696590,China_Unicom,Hongkong
302,2026-04-27,7.329999923706055,7.340000152587891,7.239999771118164,7.269999980926514,20075598,China_Unicom,Hongkong
303,2026-04-28,7.300000190734863,7.369999885559082,7.28000020980835,7.300000190734863,13579266,China_Unicom,Hongkong
304,2026-04-29,7.420000076293945,7.460000038146973,7.289999961853027,7.289999961853027,31286363,China_Unicom,Hongkong
305,2026-04-30,7.320000171661377,7.449999809265137,7.300000190734863,7.400000095367432,17600950,China_Unicom,Hongkong
306,2026-05-04,7.340000152587891,7.409999847412109,7.28000020980835,7.380000114440918,11623900,China_Unicom,Hongkong
307,2026-05-05,7.320000171661377,7.340000152587891,7.28000020980835,7.309999942779541,9322030,China_Unicom,Hongkong
308,2026-05-06,7.400000095367432,7.409999847412109,7.320000171661377,7.349999904632568,22764179,China_Unicom,Hongkong
309,2026-05-07,7.539999961853027,7.650000095367432,7.420000076293945,7.420000076293945,52395908,China_Unicom,Hongkong
310,2026-05-08,7.639999866485596,7.71999979019165,7.510000228881836,7.539999961853027,32423385,China_Unicom,Hongkong
311,2026-05-11,7.739999771118164,7.860000133514404,7.590000152587891,7.630000114440918,50462024,China_Unicom,Hongkong
312,2026-05-12,7.730000019073486,7.849999904632568,7.659999847412109,7.739999771118164,34441915,China_Unicom,Hongkong
313,2026-05-13,7.789999961853027,7.840000152587891,7.679999828338623,7.710000038146973,29536394,China_Unicom,Hongkong
314,2026-05-14,7.800000190734863,7.909999847412109,7.760000228881836,7.800000190734863,29900370,China_Unicom,Hongkong
315,2026-05-15,7.650000095367432,7.800000190734863,7.610000133514404,7.800000190734863,25646392,China_Unicom,Hongkong
316,2026-05-18,7.940000057220459,7.980000019073486,7.630000114440918,7.630000114440918,75695300,China_Unicom,Hongkong
317,2026-05-19,8.0,8.229999542236328,7.869999885559082,7.940000057220459,86137861,China_Unicom,Hongkong
318,2026-05-20,7.849999904632568,8.039999961853027,7.809999942779541,8.0,33258668,China_Unicom,Hongkong
